==> Building ptpd for iOS Simulator...
-- The C compiler identification is AppleClang 17.0.0.17000603
-- Detecting C compiler ABI info
-- Detecting C compiler ABI info - done
-- Check for working C compiler: /Applications/Xcode.app/Contents/Developer/Toolchains/XcodeDefault.xctoolchain/usr/bin/clang - skipped
-- Detecting C compile features
-- Detecting C compile features - done
-- ====================================
-- Platform Detection (Phase 2)
-- ====================================
-- Looking for arpa/inet.h
-- Looking for arpa/inet.h - found
-- Looking for dlfcn.h
-- Looking for dlfcn.h - found
-- Looking for endian.h
-- Looking for endian.h - found
-- Looking for fcntl.h
-- Looking for fcntl.h - found
-- Looking for getopt.h
-- Looking for getopt.h - found
-- Looking for glob.h
-- Looking for glob.h - found
-- Looking for ifaddrs.h
-- Looking for ifaddrs.h - found
-- Looking for inttypes.h
-- Looking for inttypes.h - found
-- Looking for limits.h
-- Looking for limits.h - found
-- Looking for linux/net_tstamp.h
-- Looking for linux/net_tstamp.h - not found
-- Looking for linux/rtc.h
-- Looking for linux/rtc.h - not found
-- Looking for machine/endian.h
-- Looking for machine/endian.h - found
-- Looking for netdb.h
-- Looking for netdb.h - found
-- Looking for netinet/in.h
-- Looking for netinet/in.h - found
-- Looking for netinet/in_systm.h
-- Looking for netinet/in_systm.h - found
-- Looking for sched.h
-- Looking for sched.h - found
-- Looking for stdbool.h
-- Looking for stdbool.h - found
-- Looking for stdint.h
-- Looking for stdint.h - found
-- Looking for stdio.h
-- Looking for stdio.h - found
-- Looking for stdlib.h
-- Looking for stdlib.h - found
-- Looking for strings.h
-- Looking for strings.h - found
-- Looking for string.h
-- Looking for string.h - found
-- Looking for syslog.h
-- Looking for syslog.h - found
-- Looking for sys/ioctl.h
-- Looking for sys/ioctl.h - found
-- Looking for sys/isa_defs.h
-- Looking for sys/isa_defs.h - not found
-- Looking for sys/param.h
-- Looking for sys/param.h - found
-- Looking for sys/select.h
-- Looking for sys/select.h - found
-- Looking for sys/socket.h
-- Looking for sys/socket.h - found
-- Looking for sys/sockio.h
-- Looking for sys/sockio.h - found
-- Looking for sys/stat.h
-- Looking for sys/stat.h - found
-- Looking for sys/timex.h
-- Looking for sys/timex.h - found
-- Looking for sys/time.h
-- Looking for sys/time.h - found
-- Looking for sys/types.h
-- Looking for sys/types.h - found
-- Looking for sys/uio.h
-- Looking for sys/uio.h - found
-- Looking for unistd.h
-- Looking for unistd.h - found
-- Looking for unix.h
-- Looking for unix.h - not found
-- Looking for utmpx.h
-- Looking for utmpx.h - found
-- Looking for utmp.h
-- Looking for utmp.h - not found
-- Looking for math.h
-- Looking for math.h - found
-- Looking for sys/cpuset.h
-- Looking for sys/cpuset.h - not found
-- Performing Test HAVE_NET_IF_H
-- Performing Test HAVE_NET_IF_H - Success
-- Performing Test HAVE_NET_IF_ARP_H
-- Performing Test HAVE_NET_IF_ARP_H - Failed
-- Performing Test HAVE_NETINET_IF_ETHER_H
-- Performing Test HAVE_NETINET_IF_ETHER_H - Failed
-- Performing Test HAVE_NET_IF_ETHER_H
-- Performing Test HAVE_NET_IF_ETHER_H - Failed
-- Looking for netinet/ether.h
-- Looking for netinet/ether.h - not found
-- Looking for net/ethernet.h
-- Looking for net/ethernet.h - found
-- Looking for pcap/pcap.h
-- Looking for pcap/pcap.h - not found
-- Looking for pcap.h
-- Looking for pcap.h - not found
-- Looking for clock_gettime
-- Looking for clock_gettime - found
-- Looking for dup2
-- Looking for dup2 - found
-- Looking for endutent
-- Looking for endutent - not found
-- Looking for ftruncate
-- Looking for ftruncate - found
-- Looking for gethostbyname2
-- Looking for gethostbyname2 - found
-- Looking for getopt_long
-- Looking for getopt_long - found
-- Looking for gettimeofday
-- Looking for gettimeofday - found
-- Looking for glob
-- Looking for glob - found
-- Looking for inet_ntoa
-- Looking for inet_ntoa - found
-- Looking for memset
-- Looking for memset - found
-- Looking for ntp_gettime
-- Looking for ntp_gettime - found
-- Looking for pow
-- Looking for pow - found
-- Looking for pututline
-- Looking for pututline - not found
-- Looking for select
-- Looking for select - found
-- Looking for setutent
-- Looking for setutent - not found
-- Looking for signal
-- Looking for signal - found
-- Looking for socket
-- Looking for socket - found
-- Looking for strchr
-- Looking for strchr - found
-- Looking for strdup
-- Looking for strdup - found
-- Looking for strerror
-- Looking for strerror - found
-- Looking for strftime
-- Looking for strftime - found
-- Looking for strtol
-- Looking for strtol - found
-- Looking for updwtmpx
-- Looking for updwtmpx - not found
-- Looking for utmpxname
-- Looking for utmpxname - found
-- Looking for vprintf
-- Looking for vprintf - found
-- Looking for _doprnt
-- Looking for _doprnt - not found
-- Performing Test HAVE_STRUCT_IFREQ_IFR_HWADDR
-- Performing Test HAVE_STRUCT_IFREQ_IFR_HWADDR - Failed
-- Performing Test HAVE_STRUCT_IFREQ_IFR_INDEX
-- Performing Test HAVE_STRUCT_IFREQ_IFR_INDEX - Failed
-- Performing Test HAVE_STRUCT_IFREQ_IFR_IFINDEX
-- Performing Test HAVE_STRUCT_IFREQ_IFR_IFINDEX - Failed
-- Performing Test HAVE_STRUCT_TIMEX_TICK
-- Performing Test HAVE_STRUCT_TIMEX_TICK - Failed
-- Performing Test HAVE_STRUCT_TIMEX_TAI
-- Performing Test HAVE_STRUCT_TIMEX_TAI - Failed
-- Performing Test HAVE_STRUCT_NTPTIMEVAL_TAI
-- Performing Test HAVE_STRUCT_NTPTIMEVAL_TAI - Success
-- Performing Test HAVE_STRUCT_ETHER_ADDR_OCTET
-- Performing Test HAVE_STRUCT_ETHER_ADDR_OCTET - Failed
-- Looking for MSG_ERRQUEUE
-- Looking for MSG_ERRQUEUE - not found
-- Looking for POSIX_TIMERS_SUPPORTED
-- Looking for POSIX_TIMERS_SUPPORTED - not found
-- Looking for stddef.h
-- Looking for stddef.h - found
-- Check size of _Bool
-- Check size of _Bool - done
-- Check size of uint8_t
-- Check size of uint8_t - done
-- Check size of uint32_t
-- Check size of uint32_t - done
-- Check size of uint64_t
-- Check size of uint64_t - done
-- Check size of int64_t
-- Check size of int64_t - done
-- Check size of size_t
-- Check size of size_t - done
-- Check size of ssize_t
-- Check size of ssize_t - done
-- Platform detection complete
--   Headers detected: 1, 1, 1
--   Functions detected: 1, 1, 1
-- ====================================
-- Found pcap-config: /usr/bin/pcap-config
-- Found PCAP: pcap
-- PCAP detection method: pcap-config
-- PCAP libraries: pcap
-- PCAP include dirs: /usr/local/include
-- Found net-snmp-config: /usr/bin/net-snmp-config
-- Looking for net-snmp/net-snmp-config.h
-- Looking for net-snmp/net-snmp-config.h - not found
-- Could NOT find NETSNMP (missing: HAVE_NET_SNMP_NET_SNMP_CONFIG_H) 
-- 
-- ====================================
-- Build Options Summary
-- ====================================
--   ENABLE_POSIX_TIMERS:     OFF
--   ENABLE_PCAP:             OFF
--   ENABLE_SNMP:             OFF
--   ENABLE_STATISTICS:       ON
--   ENABLE_DAEMON:           OFF
--   ENABLE_EXPERIMENTAL:     OFF
--   ENABLE_RUNTIME_DEBUG:    OFF
--   DEBUG_LEVEL:             all
--   ENABLE_SLAVE_ONLY:       ON
--   ENABLE_SO_TIMESTAMPING:  OFF
--   MAX_UNICAST_DESTINATIONS: 128
-- ====================================
-- 
-- Performing Test HAS_STACK_PROTECTOR
-- Performing Test HAS_STACK_PROTECTOR - Success
-- The CXX compiler identification is AppleClang 17.0.0.17000603
-- Detecting CXX compiler ABI info
-- Detecting CXX compiler ABI info - done
-- Check for working CXX compiler: /Applications/Xcode.app/Contents/Developer/Toolchains/XcodeDefault.xctoolchain/usr/bin/clang++ - skipped
-- Detecting CXX compile features
-- Detecting CXX compile features - done
-- Found ZLIB: /Applications/Xcode.app/Contents/Developer/Platforms/iPhoneSimulator.platform/Developer/SDKs/iPhoneSimulator26.2.sdk/usr/lib/libz.tbd (found version "1.2.12")
CMake Warning at libraries/swclock/CMakeLists.txt:96 (message):
  GoogleTest not found.  Install GoogleTest to build unit tests:


CMake Warning at libraries/swclock/CMakeLists.txt:97 (message):
    brew install googletest


-- Run: ./scripts/setup.sh to install dependencies
-- Build type: Debug
-- C compiler: /Applications/Xcode.app/Contents/Developer/Toolchains/XcodeDefault.xctoolchain/usr/bin/clang
-- C flags: -DPTPD_IOS=1 -DPTPD_LIBRARY_MODE=1 -D__APPLE__
-- Debug flags: -g -O0 -Wall -Wextra -DDEBUG
-- SwClock backend: ENABLED (software clock)
-- 
-- ====================================
-- PTPd Configuration (Phase 4 - Configuration Options)
-- ====================================
--   Build Type:        Debug
--   C Compiler:        /Applications/Xcode.app/Contents/Developer/Toolchains/XcodeDefault.xctoolchain/usr/bin/clang
--   C Standard:        C99
--   Install Prefix:    /usr/local
--   Math Library:      /Applications/Xcode.app/Contents/Developer/Platforms/iPhoneSimulator.platform/Developer/SDKs/iPhoneSimulator26.2.sdk/usr/lib/libm.tbd
-- ====================================
-- 
-- Configuring done (81.6s)
-- Generating done (0.0s)
-- Build files have been written to: /Users/alfredo/Workspace/PTP-Implementation/ptpd/build-cmake/ios-simulator
==> Building ptpd libraries...
Command line invocation:
    /Applications/Xcode.app/Contents/Developer/usr/bin/xcodebuild -project ptpd.xcodeproj -scheme ALL_BUILD -configuration Debug -sdk iphonesimulator -arch x86_64 -arch arm64 build

Build settings from command line:
    ARCHS = x86_64 arm64
    SDKROOT = iphonesimulator26.2

2026-02-19 17:59:29.163 xcodebuild[59477:577187] [MT] IDERunDestination: Supported platforms for the buildables in the current scheme is empty.
--- xcodebuild: WARNING: Using the first of multiple matching destinations:
{ platform:iOS Simulator, id:dvtdevice-DVTiOSDeviceSimulatorPlaceholder-iphonesimulator:placeholder, name:Any iOS Simulator Device }
{ platform:iOS Simulator, arch:arm64, id:51833E2F-5AA3-49A7-80D7-37717D1CB237, OS:17.5, name:iPad (10th generation) }
{ platform:iOS Simulator, arch:x86_64, id:51833E2F-5AA3-49A7-80D7-37717D1CB237, OS:17.5, name:iPad (10th generation) }
{ platform:iOS Simulator, arch:arm64, id:EA3A0F05-4104-4C5C-A425-648D25FEFCF9, OS:18.3.1, name:iPad (10th generation) }
{ platform:iOS Simulator, arch:x86_64, id:EA3A0F05-4104-4C5C-A425-648D25FEFCF9, OS:18.3.1, name:iPad (10th generation) }
{ platform:iOS Simulator, arch:arm64, id:B011C052-AB05-4AA7-823B-DB2EC8E65C00, OS:18.3.1, name:iPad (A16) }
{ platform:iOS Simulator, arch:x86_64, id:B011C052-AB05-4AA7-823B-DB2EC8E65C00, OS:18.3.1, name:iPad (A16) }
{ platform:iOS Simulator, arch:arm64, id:3792BE9E-9C82-4E0F-A0C8-E4C200C9BEE4, OS:18.6, name:iPad (A16) }
{ platform:iOS Simulator, arch:x86_64, id:3792BE9E-9C82-4E0F-A0C8-E4C200C9BEE4, OS:18.6, name:iPad (A16) }
{ platform:iOS Simulator, arch:arm64, id:2A647CF8-F33E-412C-8D79-8AE8A6983242, OS:26.2, name:iPad (A16) }
{ platform:iOS Simulator, arch:arm64, id:9EC8B0DD-4494-483D-B8EC-636E66FC96D4, OS:17.5, name:iPad Air 11-inch (M2) }
{ platform:iOS Simulator, arch:x86_64, id:9EC8B0DD-4494-483D-B8EC-636E66FC96D4, OS:17.5, name:iPad Air 11-inch (M2) }
{ platform:iOS Simulator, arch:arm64, id:77D97148-5DA3-4B7B-92C2-AA7AB43CA56E, OS:18.3.1, name:iPad Air 11-inch (M2) }
{ platform:iOS Simulator, arch:x86_64, id:77D97148-5DA3-4B7B-92C2-AA7AB43CA56E, OS:18.3.1, name:iPad Air 11-inch (M2) }
{ platform:iOS Simulator, arch:arm64, id:D3FDF45F-B8FD-4A32-965A-401B283CE1AA, OS:18.3.1, name:iPad Air 11-inch (M3) }
{ platform:iOS Simulator, arch:x86_64, id:D3FDF45F-B8FD-4A32-965A-401B283CE1AA, OS:18.3.1, name:iPad Air 11-inch (M3) }
{ platform:iOS Simulator, arch:arm64, id:2A575DE8-137E-4604-B451-D4361F7C8226, OS:18.6, name:iPad Air 11-inch (M3) }
{ platform:iOS Simulator, arch:x86_64, id:2A575DE8-137E-4604-B451-D4361F7C8226, OS:18.6, name:iPad Air 11-inch (M3) }
{ platform:iOS Simulator, arch:arm64, id:005EF4B5-00F5-4C11-99BF-E16575BBFD08, OS:26.2, name:iPad Air 11-inch (M3) }
{ platform:iOS Simulator, arch:arm64, id:310CC82B-332D-4DF1-975F-11F74BE6037E, OS:17.5, name:iPad Air 13-inch (M2) }
{ platform:iOS Simulator, arch:x86_64, id:310CC82B-332D-4DF1-975F-11F74BE6037E, OS:17.5, name:iPad Air 13-inch (M2) }
{ platform:iOS Simulator, arch:arm64, id:64D0331B-3905-47A9-801F-35FBED8BDA73, OS:18.3.1, name:iPad Air 13-inch (M2) }
{ platform:iOS Simulator, arch:x86_64, id:64D0331B-3905-47A9-801F-35FBED8BDA73, OS:18.3.1, name:iPad Air 13-inch (M2) }
{ platform:iOS Simulator, arch:arm64, id:1C316E69-4DE4-484A-9F19-8E9A0889F869, OS:18.3.1, name:iPad Air 13-inch (M3) }
{ platform:iOS Simulator, arch:x86_64, id:1C316E69-4DE4-484A-9F19-8E9A0889F869, OS:18.3.1, name:iPad Air 13-inch (M3) }
{ platform:iOS Simulator, arch:arm64, id:AB911EF7-8587-41B2-848A-F57A866CDCE7, OS:18.6, name:iPad Air 13-inch (M3) }
{ platform:iOS Simulator, arch:x86_64, id:AB911EF7-8587-41B2-848A-F57A866CDCE7, OS:18.6, name:iPad Air 13-inch (M3) }
{ platform:iOS Simulator, arch:arm64, id:21AFD556-B8BC-4E10-AC2A-2AA187497338, OS:26.2, name:iPad Air 13-inch (M3) }
{ platform:iOS Simulator, arch:arm64, id:A604EF1D-82C9-4B8E-B73D-4C9A710C6F50, OS:17.5, name:iPad Pro 11-inch (M4) }
{ platform:iOS Simulator, arch:x86_64, id:A604EF1D-82C9-4B8E-B73D-4C9A710C6F50, OS:17.5, name:iPad Pro 11-inch (M4) }
{ platform:iOS Simulator, arch:arm64, id:4A8867C6-EBD5-4618-93B1-99ADDCAB1102, OS:18.3.1, name:iPad Pro 11-inch (M4) }
{ platform:iOS Simulator, arch:x86_64, id:4A8867C6-EBD5-4618-93B1-99ADDCAB1102, OS:18.3.1, name:iPad Pro 11-inch (M4) }
{ platform:iOS Simulator, arch:arm64, id:9B46DE92-8C5E-4E78-9393-0037DCB5B4F4, OS:18.6, name:iPad Pro 11-inch (M4) }
{ platform:iOS Simulator, arch:x86_64, id:9B46DE92-8C5E-4E78-9393-0037DCB5B4F4, OS:18.6, name:iPad Pro 11-inch (M4) }
{ platform:iOS Simulator, arch:arm64, id:C7455944-6F9C-4BE2-ABAE-14D8FCF9F7BC, OS:26.2, name:iPad Pro 11-inch (M5) }
{ platform:iOS Simulator, arch:arm64, id:B1BB1090-9609-46FF-BA27-BCBD866E24D0, OS:17.5, name:iPad Pro 13-inch (M4) }
{ platform:iOS Simulator, arch:x86_64, id:B1BB1090-9609-46FF-BA27-BCBD866E24D0, OS:17.5, name:iPad Pro 13-inch (M4) }
{ platform:iOS Simulator, arch:arm64, id:6C679AD4-5D5D-458A-B4EF-DCDCFB2FDAC7, OS:18.3.1, name:iPad Pro 13-inch (M4) }
{ platform:iOS Simulator, arch:x86_64, id:6C679AD4-5D5D-458A-B4EF-DCDCFB2FDAC7, OS:18.3.1, name:iPad Pro 13-inch (M4) }
{ platform:iOS Simulator, arch:arm64, id:F59AE302-BE1B-4F9C-B64F-46B644E8C955, OS:18.6, name:iPad Pro 13-inch (M4) }
{ platform:iOS Simulator, arch:x86_64, id:F59AE302-BE1B-4F9C-B64F-46B644E8C955, OS:18.6, name:iPad Pro 13-inch (M4) }
{ platform:iOS Simulator, arch:arm64, id:E219D7E9-08DA-493B-9320-A82BE1BA2031, OS:26.2, name:iPad Pro 13-inch (M5) }
{ platform:iOS Simulator, arch:arm64, id:76A69222-7C2C-4287-A009-DE146DAFB441, OS:17.5, name:iPad mini (6th generation) }
{ platform:iOS Simulator, arch:x86_64, id:76A69222-7C2C-4287-A009-DE146DAFB441, OS:17.5, name:iPad mini (6th generation) }
{ platform:iOS Simulator, arch:arm64, id:278BF27A-8166-43B6-A944-2719EF7FE1BF, OS:18.3.1, name:iPad mini (A17 Pro) }
{ platform:iOS Simulator, arch:x86_64, id:278BF27A-8166-43B6-A944-2719EF7FE1BF, OS:18.3.1, name:iPad mini (A17 Pro) }
{ platform:iOS Simulator, arch:arm64, id:801E2EA6-93A1-4709-9453-63B833B64234, OS:18.6, name:iPad mini (A17 Pro) }
{ platform:iOS Simulator, arch:x86_64, id:801E2EA6-93A1-4709-9453-63B833B64234, OS:18.6, name:iPad mini (A17 Pro) }
{ platform:iOS Simulator, arch:arm64, id:C7C4B80A-02CF-4D77-A481-65F066C55464, OS:26.2, name:iPad mini (A17 Pro) }
{ platform:iOS Simulator, arch:arm64, id:273722F1-BFDC-4CCB-B8F0-DB66F270218A, OS:17.5, name:iPhone 15 }
{ platform:iOS Simulator, arch:x86_64, id:273722F1-BFDC-4CCB-B8F0-DB66F270218A, OS:17.5, name:iPhone 15 }
{ platform:iOS Simulator, arch:arm64, id:A81E28E3-4334-429E-AC61-0A89C8652DAA, OS:17.5, name:iPhone 15 Plus }
{ platform:iOS Simulator, arch:x86_64, id:A81E28E3-4334-429E-AC61-0A89C8652DAA, OS:17.5, name:iPhone 15 Plus }
{ platform:iOS Simulator, arch:arm64, id:D4C8EB3F-505A-472D-A186-168C53B2D7B6, OS:17.5, name:iPhone 15 Pro }
{ platform:iOS Simulator, arch:x86_64, id:D4C8EB3F-505A-472D-A186-168C53B2D7B6, OS:17.5, name:iPhone 15 Pro }
{ platform:iOS Simulator, arch:arm64, id:42FCC5B8-373D-41CD-B1FA-D4EC5839DCCC, OS:17.5, name:iPhone 15 Pro Max }
{ platform:iOS Simulator, arch:x86_64, id:42FCC5B8-373D-41CD-B1FA-D4EC5839DCCC, OS:17.5, name:iPhone 15 Pro Max }
{ platform:iOS Simulator, arch:arm64, id:A6B3AF29-D20D-44C5-8316-321B5ED78174, OS:18.3.1, name:iPhone 16 }
{ platform:iOS Simulator, arch:x86_64, id:A6B3AF29-D20D-44C5-8316-321B5ED78174, OS:18.3.1, name:iPhone 16 }
{ platform:iOS Simulator, arch:arm64, id:1EA865F9-7EA1-4F4E-BFAF-41A8B8BEAACC, OS:18.6, name:iPhone 16 }
{ platform:iOS Simulator, arch:x86_64, id:1EA865F9-7EA1-4F4E-BFAF-41A8B8BEAACC, OS:18.6, name:iPhone 16 }
{ platform:iOS Simulator, arch:arm64, id:B1A4E081-11FF-4693-8B35-85E46BF12EC3, OS:18.3.1, name:iPhone 16 Plus }
{ platform:iOS Simulator, arch:x86_64, id:B1A4E081-11FF-4693-8B35-85E46BF12EC3, OS:18.3.1, name:iPhone 16 Plus }
{ platform:iOS Simulator, arch:arm64, id:7784E5DA-4857-494E-88EF-ED67A47DDECE, OS:18.6, name:iPhone 16 Plus }
{ platform:iOS Simulator, arch:x86_64, id:7784E5DA-4857-494E-88EF-ED67A47DDECE, OS:18.6, name:iPhone 16 Plus }
{ platform:iOS Simulator, arch:arm64, id:C3F3DBCE-2497-4117-94C7-5A2BCB89F1A9, OS:18.3.1, name:iPhone 16 Pro }
{ platform:iOS Simulator, arch:x86_64, id:C3F3DBCE-2497-4117-94C7-5A2BCB89F1A9, OS:18.3.1, name:iPhone 16 Pro }
{ platform:iOS Simulator, arch:arm64, id:B078710C-9EE5-4995-A4B5-E3F2D547ED49, OS:18.6, name:iPhone 16 Pro }
{ platform:iOS Simulator, arch:x86_64, id:B078710C-9EE5-4995-A4B5-E3F2D547ED49, OS:18.6, name:iPhone 16 Pro }
{ platform:iOS Simulator, arch:arm64, id:10F3CB7D-96D0-436C-8D96-408B9DE2399B, OS:18.3.1, name:iPhone 16 Pro Max }
{ platform:iOS Simulator, arch:x86_64, id:10F3CB7D-96D0-436C-8D96-408B9DE2399B, OS:18.3.1, name:iPhone 16 Pro Max }
{ platform:iOS Simulator, arch:arm64, id:87230229-D29B-4587-A68D-76B7470C0A21, OS:18.6, name:iPhone 16 Pro Max }
{ platform:iOS Simulator, arch:x86_64, id:87230229-D29B-4587-A68D-76B7470C0A21, OS:18.6, name:iPhone 16 Pro Max }
{ platform:iOS Simulator, arch:arm64, id:A968998A-DD97-41A5-BB19-27D0EB0B83EC, OS:18.3.1, name:iPhone 16e }
{ platform:iOS Simulator, arch:x86_64, id:A968998A-DD97-41A5-BB19-27D0EB0B83EC, OS:18.3.1, name:iPhone 16e }
{ platform:iOS Simulator, arch:arm64, id:CB229452-6BC1-47C1-865C-97224A92CEE5, OS:18.6, name:iPhone 16e }
{ platform:iOS Simulator, arch:x86_64, id:CB229452-6BC1-47C1-865C-97224A92CEE5, OS:18.6, name:iPhone 16e }
{ platform:iOS Simulator, arch:arm64, id:37A462CA-42AC-4B7E-B6DE-A5D9982CC1A4, OS:26.2, name:iPhone 16e }
{ platform:iOS Simulator, arch:arm64, id:B48FF4C4-61F6-49FB-9BA8-1F746E81D09B, OS:26.2, name:iPhone 17 }
{ platform:iOS Simulator, arch:arm64, id:B01A0E0D-595C-4A7C-AD4F-421BC6F9B195, OS:26.2, name:iPhone 17 Pro }
{ platform:iOS Simulator, arch:arm64, id:F9257D04-E4BA-464C-88F1-E669108DA8FB, OS:26.2, name:iPhone 17 Pro Max }
{ platform:iOS Simulator, arch:arm64, id:2386A98D-FC6F-4C2A-8945-895C794E376C, OS:26.2, name:iPhone Air }
{ platform:iOS Simulator, arch:arm64, id:0FD3408D-7C09-4915-A9C6-2E33E2816148, OS:17.5, name:iPhone SE (3rd generation) }
{ platform:iOS Simulator, arch:x86_64, id:0FD3408D-7C09-4915-A9C6-2E33E2816148, OS:17.5, name:iPhone SE (3rd generation) }
{ platform:iOS Simulator, arch:arm64, id:016631FD-F05E-4C49-B7D0-F87146AAE88F, OS:18.3.1, name:iPhone SE (3rd generation) }
{ platform:iOS Simulator, arch:x86_64, id:016631FD-F05E-4C49-B7D0-F87146AAE88F, OS:18.3.1, name:iPhone SE (3rd generation) }
ComputePackagePrebuildTargetDependencyGraph

CreateBuildRequest

SendProjectDescription

CreateBuildOperation

ComputeTargetDependencyGraph
note: Building targets in dependency order
note: Target dependency graph (6 targets)
    Target 'ALL_BUILD' in project 'ptpd'
        ➜ Explicit dependency on target 'swclock_event_dump' in project 'ptpd'
        ➜ Explicit dependency on target 'monitor_demo' in project 'ptpd'
        ➜ Explicit dependency on target 'ZERO_CHECK' in project 'ptpd'
        ➜ Explicit dependency on target 'ptpd2' in project 'ptpd'
        ➜ Explicit dependency on target 'swclock' in project 'ptpd'
    Target 'ptpd2' in project 'ptpd'
        ➜ Explicit dependency on target 'ZERO_CHECK' in project 'ptpd'
        ➜ Explicit dependency on target 'swclock' in project 'ptpd'
    Target 'ZERO_CHECK' in project 'ptpd' (no dependencies)
    Target 'monitor_demo' in project 'ptpd'
        ➜ Explicit dependency on target 'swclock' in project 'ptpd'
    Target 'swclock_event_dump' in project 'ptpd'
        ➜ Explicit dependency on target 'swclock' in project 'ptpd'
    Target 'swclock' in project 'ptpd' (no dependencies)

GatherProvisioningInputs

CreateBuildDescription

ExecuteExternalTool /Applications/Xcode.app/Contents/Developer/Toolchains/XcodeDefault.xctoolchain/usr/bin/clang -v -E -dM -isysroot /Applications/Xcode.app/Contents/Developer/Platforms/iPhoneSimulator.platform/Developer/SDKs/iPhoneSimulator26.2.sdk -x c -c /dev/null

ExecuteExternalTool /Applications/Xcode.app/Contents/Developer/Toolchains/XcodeDefault.xctoolchain/usr/bin/clang -v -E -dM -arch x86_64 -isysroot /Applications/Xcode.app/Contents/Developer/Platforms/iPhoneSimulator.platform/Developer/SDKs/iPhoneSimulator26.2.sdk -x c -c /dev/null

ExecuteExternalTool /Applications/Xcode.app/Contents/Developer/Toolchains/XcodeDefault.xctoolchain/usr/bin/ld -version_details

ExecuteExternalTool /Applications/Xcode.app/Contents/Developer/Toolchains/XcodeDefault.xctoolchain/usr/bin/libtool -V

ExecuteExternalTool /Applications/Xcode.app/Contents/Developer/Toolchains/XcodeDefault.xctoolchain/usr/bin/clang -v -E -dM -arch arm64 -isysroot /Applications/Xcode.app/Contents/Developer/Platforms/iPhoneSimulator.platform/Developer/SDKs/iPhoneSimulator26.2.sdk -x c -c /dev/null

Build description signature: f7c667bc185808b9089cc8aa26a4de00
Build description path: /Users/alfredo/Workspace/PTP-Implementation/ptpd/build-cmake/ios-simulator/build/XCBuildData/f7c667bc185808b9089cc8aa26a4de00.xcbuilddata
CreateBuildDirectory /Users/alfredo/Workspace/PTP-Implementation/ptpd/build-cmake/ios-simulator/build
    cd /Users/alfredo/Workspace/PTP-Implementation/ptpd/build-cmake/ios-simulator/ptpd.xcodeproj
    builtin-create-build-directory /Users/alfredo/Workspace/PTP-Implementation/ptpd/build-cmake/ios-simulator/build

CreateBuildDirectory /Users/alfredo/Workspace/PTP-Implementation/ptpd/build-cmake/ios-simulator/src/Debug-iphonesimulator
    cd /Users/alfredo/Workspace/PTP-Implementation/ptpd/build-cmake/ios-simulator/ptpd.xcodeproj
    builtin-create-build-directory /Users/alfredo/Workspace/PTP-Implementation/ptpd/build-cmake/ios-simulator/src/Debug-iphonesimulator

ClangStatCache /Applications/Xcode.app/Contents/Developer/Toolchains/XcodeDefault.xctoolchain/usr/bin/clang-stat-cache /Applications/Xcode.app/Contents/Developer/Platforms/iPhoneSimulator.platform/Developer/SDKs/iPhoneSimulator26.2.sdk /Users/alfredo/Library/Developer/Xcode/DerivedData/SDKStatCaches.noindex/iphonesimulator26.2-23C53-7d00a8b37fbd7999ea79df8ebc024bf0.sdkstatcache
    cd /Users/alfredo/Workspace/PTP-Implementation/ptpd/build-cmake/ios-simulator/ptpd.xcodeproj
    /Applications/Xcode.app/Contents/Developer/Toolchains/XcodeDefault.xctoolchain/usr/bin/clang-stat-cache /Applications/Xcode.app/Contents/Developer/Platforms/iPhoneSimulator.platform/Developer/SDKs/iPhoneSimulator26.2.sdk -o /Users/alfredo/Library/Developer/Xcode/DerivedData/SDKStatCaches.noindex/iphonesimulator26.2-23C53-7d00a8b37fbd7999ea79df8ebc024bf0.sdkstatcache

CreateBuildDirectory /Users/alfredo/Workspace/PTP-Implementation/ptpd/build-cmake/ios-simulator/libraries/swclock/Debug-iphonesimulator
    cd /Users/alfredo/Workspace/PTP-Implementation/ptpd/build-cmake/ios-simulator/ptpd.xcodeproj
    builtin-create-build-directory /Users/alfredo/Workspace/PTP-Implementation/ptpd/build-cmake/ios-simulator/libraries/swclock/Debug-iphonesimulator

CreateBuildDirectory /Users/alfredo/Workspace/PTP-Implementation/ptpd/build-cmake/ios-simulator/build/SwiftExplicitPrecompiledModules
    cd /Users/alfredo/Workspace/PTP-Implementation/ptpd/build-cmake/ios-simulator/ptpd.xcodeproj
    builtin-create-build-directory /Users/alfredo/Workspace/PTP-Implementation/ptpd/build-cmake/ios-simulator/build/SwiftExplicitPrecompiledModules

WriteAuxiliaryFile /Users/alfredo/Workspace/PTP-Implementation/ptpd/build-cmake/ios-simulator/build/ptpd.build/Debug-iphonesimulator/ZERO_CHECK.build/Script-2A20553A1A9CE76283808DB2.sh (in target 'ZERO_CHECK' from project 'ptpd')
    cd /Users/alfredo/Workspace/PTP-Implementation/ptpd
    write-file /Users/alfredo/Workspace/PTP-Implementation/ptpd/build-cmake/ios-simulator/build/ptpd.build/Debug-iphonesimulator/ZERO_CHECK.build/Script-2A20553A1A9CE76283808DB2.sh

WriteAuxiliaryFile /Users/alfredo/Workspace/PTP-Implementation/ptpd/build-cmake/ios-simulator/build/ptpd.build/Debug-iphonesimulator/ALL_BUILD.build/Script-755FE5A0FCB1F2D0BB7833F3.sh (in target 'ALL_BUILD' from project 'ptpd')
    cd /Users/alfredo/Workspace/PTP-Implementation/ptpd
    write-file /Users/alfredo/Workspace/PTP-Implementation/ptpd/build-cmake/ios-simulator/build/ptpd.build/Debug-iphonesimulator/ALL_BUILD.build/Script-755FE5A0FCB1F2D0BB7833F3.sh

CreateBuildDirectory /Users/alfredo/Workspace/PTP-Implementation/ptpd/build-cmake/ios-simulator/build/ExplicitPrecompiledModules
    cd /Users/alfredo/Workspace/PTP-Implementation/ptpd/build-cmake/ios-simulator/ptpd.xcodeproj
    builtin-create-build-directory /Users/alfredo/Workspace/PTP-Implementation/ptpd/build-cmake/ios-simulator/build/ExplicitPrecompiledModules

CreateBuildDirectory /Users/alfredo/Workspace/PTP-Implementation/ptpd/build-cmake/ios-simulator/build/EagerLinkingTBDs/Debug-iphonesimulator
    cd /Users/alfredo/Workspace/PTP-Implementation/ptpd/build-cmake/ios-simulator/ptpd.xcodeproj
    builtin-create-build-directory /Users/alfredo/Workspace/PTP-Implementation/ptpd/build-cmake/ios-simulator/build/EagerLinkingTBDs/Debug-iphonesimulator

CreateBuildDirectory /Users/alfredo/Workspace/PTP-Implementation/ptpd/build-cmake/ios-simulator/build/Debug-iphonesimulator
    cd /Users/alfredo/Workspace/PTP-Implementation/ptpd/build-cmake/ios-simulator/ptpd.xcodeproj
    builtin-create-build-directory /Users/alfredo/Workspace/PTP-Implementation/ptpd/build-cmake/ios-simulator/build/Debug-iphonesimulator

PhaseScriptExecution Generate\ CMakeFiles/ZERO_CHECK /Users/alfredo/Workspace/PTP-Implementation/ptpd/build-cmake/ios-simulator/build/ptpd.build/Debug-iphonesimulator/ZERO_CHECK.build/Script-2A20553A1A9CE76283808DB2.sh (in target 'ZERO_CHECK' from project 'ptpd')
    cd /Users/alfredo/Workspace/PTP-Implementation/ptpd
    /bin/sh -c /Users/alfredo/Workspace/PTP-Implementation/ptpd/build-cmake/ios-simulator/build/ptpd.build/Debug-iphonesimulator/ZERO_CHECK.build/Script-2A20553A1A9CE76283808DB2.sh
make: `/Users/alfredo/Workspace/PTP-Implementation/ptpd/build-cmake/ios-simulator/CMakeFiles/cmake.check_cache' is up to date.

WriteAuxiliaryFile /Users/alfredo/Workspace/PTP-Implementation/ptpd/build-cmake/ios-simulator/build/swclock_event_dump.build/Debug-iphonesimulator/swclock_event_dump.DependencyStaticMetadataFileList (in target 'swclock_event_dump' from project 'ptpd')
    cd /Users/alfredo/Workspace/PTP-Implementation/ptpd
    write-file /Users/alfredo/Workspace/PTP-Implementation/ptpd/build-cmake/ios-simulator/build/swclock_event_dump.build/Debug-iphonesimulator/swclock_event_dump.DependencyStaticMetadataFileList

WriteAuxiliaryFile /Users/alfredo/Workspace/PTP-Implementation/ptpd/build-cmake/ios-simulator/build/swclock_event_dump.build/Debug-iphonesimulator/swclock_event_dump.DependencyMetadataFileList (in target 'swclock_event_dump' from project 'ptpd')
    cd /Users/alfredo/Workspace/PTP-Implementation/ptpd
    write-file /Users/alfredo/Workspace/PTP-Implementation/ptpd/build-cmake/ios-simulator/build/swclock_event_dump.build/Debug-iphonesimulator/swclock_event_dump.DependencyMetadataFileList

WriteAuxiliaryFile /Users/alfredo/Workspace/PTP-Implementation/ptpd/build-cmake/ios-simulator/build/swclock_event_dump.build/Debug-iphonesimulator/Objects-normal/x86_64/swclock_event_dump.LinkFileList (in target 'swclock_event_dump' from project 'ptpd')
    cd /Users/alfredo/Workspace/PTP-Implementation/ptpd
    write-file /Users/alfredo/Workspace/PTP-Implementation/ptpd/build-cmake/ios-simulator/build/swclock_event_dump.build/Debug-iphonesimulator/Objects-normal/x86_64/swclock_event_dump.LinkFileList

WriteAuxiliaryFile /Users/alfredo/Workspace/PTP-Implementation/ptpd/build-cmake/ios-simulator/build/swclock_event_dump.build/Debug-iphonesimulator/Objects-normal/x86_64/7187679823f38a2a940e0043cdf9d637-common-args.resp (in target 'swclock_event_dump' from project 'ptpd')
    cd /Users/alfredo/Workspace/PTP-Implementation/ptpd
    write-file /Users/alfredo/Workspace/PTP-Implementation/ptpd/build-cmake/ios-simulator/build/swclock_event_dump.build/Debug-iphonesimulator/Objects-normal/x86_64/7187679823f38a2a940e0043cdf9d637-common-args.resp
-target x86_64-apple-ios15.0-simulator -fpascal-strings -O0 '-DCMAKE_INTDIR="Debug-iphonesimulator"' -isysroot /Applications/Xcode.app/Contents/Developer/Platforms/iPhoneSimulator.platform/Developer/SDKs/iPhoneSimulator26.2.sdk -fasm-blocks -g -I/Users/alfredo/Workspace/PTP-Implementation/ptpd/build-cmake/ios-simulator/libraries/swclock/Debug-iphonesimulator/include -I/Users/alfredo/Workspace/PTP-Implementation/ptpd/libraries/swclock/src/sw_clock -I/Users/alfredo/Workspace/PTP-Implementation/ptpd/build-cmake/ios-simulator/build/swclock_event_dump.build/Debug-iphonesimulator/DerivedSources-normal/x86_64 -I/Users/alfredo/Workspace/PTP-Implementation/ptpd/build-cmake/ios-simulator/build/swclock_event_dump.build/Debug-iphonesimulator/DerivedSources/x86_64 -I/Users/alfredo/Workspace/PTP-Implementation/ptpd/build-cmake/ios-simulator/build/swclock_event_dump.build/Debug-iphonesimulator/DerivedSources -F/Users/alfredo/Workspace/PTP-Implementation/ptpd/build-cmake/ios-simulator/libraries/swclock/Debug-iphonesimulator '-DPTPD_IOS=1' '-DPTPD_LIBRARY_MODE=1' -D__APPLE__ -DDEBUG '-std=c11'

WriteAuxiliaryFile /Users/alfredo/Workspace/PTP-Implementation/ptpd/build-cmake/ios-simulator/build/swclock_event_dump.build/Debug-iphonesimulator/Objects-normal/arm64/7187679823f38a2a940e0043cdf9d637-common-args.resp (in target 'swclock_event_dump' from project 'ptpd')
    cd /Users/alfredo/Workspace/PTP-Implementation/ptpd
    write-file /Users/alfredo/Workspace/PTP-Implementation/ptpd/build-cmake/ios-simulator/build/swclock_event_dump.build/Debug-iphonesimulator/Objects-normal/arm64/7187679823f38a2a940e0043cdf9d637-common-args.resp
-target arm64-apple-ios15.0-simulator -fpascal-strings -O0 '-DCMAKE_INTDIR="Debug-iphonesimulator"' -isysroot /Applications/Xcode.app/Contents/Developer/Platforms/iPhoneSimulator.platform/Developer/SDKs/iPhoneSimulator26.2.sdk -g -I/Users/alfredo/Workspace/PTP-Implementation/ptpd/build-cmake/ios-simulator/libraries/swclock/Debug-iphonesimulator/include -I/Users/alfredo/Workspace/PTP-Implementation/ptpd/libraries/swclock/src/sw_clock -I/Users/alfredo/Workspace/PTP-Implementation/ptpd/build-cmake/ios-simulator/build/swclock_event_dump.build/Debug-iphonesimulator/DerivedSources-normal/arm64 -I/Users/alfredo/Workspace/PTP-Implementation/ptpd/build-cmake/ios-simulator/build/swclock_event_dump.build/Debug-iphonesimulator/DerivedSources/arm64 -I/Users/alfredo/Workspace/PTP-Implementation/ptpd/build-cmake/ios-simulator/build/swclock_event_dump.build/Debug-iphonesimulator/DerivedSources -F/Users/alfredo/Workspace/PTP-Implementation/ptpd/build-cmake/ios-simulator/libraries/swclock/Debug-iphonesimulator '-DPTPD_IOS=1' '-DPTPD_LIBRARY_MODE=1' -D__APPLE__ -DDEBUG '-std=c11'

WriteAuxiliaryFile /Users/alfredo/Workspace/PTP-Implementation/ptpd/build-cmake/ios-simulator/build/swclock_event_dump.build/Debug-iphonesimulator/Objects-normal/arm64/swclock_event_dump.LinkFileList (in target 'swclock_event_dump' from project 'ptpd')
    cd /Users/alfredo/Workspace/PTP-Implementation/ptpd
    write-file /Users/alfredo/Workspace/PTP-Implementation/ptpd/build-cmake/ios-simulator/build/swclock_event_dump.build/Debug-iphonesimulator/Objects-normal/arm64/swclock_event_dump.LinkFileList

WriteAuxiliaryFile /Users/alfredo/Workspace/PTP-Implementation/ptpd/build-cmake/ios-simulator/build/swclock_event_dump.build/Debug-iphonesimulator/DerivedSources/Entitlements-Simulated.plist (in target 'swclock_event_dump' from project 'ptpd')
    cd /Users/alfredo/Workspace/PTP-Implementation/ptpd
    write-file /Users/alfredo/Workspace/PTP-Implementation/ptpd/build-cmake/ios-simulator/build/swclock_event_dump.build/Debug-iphonesimulator/DerivedSources/Entitlements-Simulated.plist

WriteAuxiliaryFile /Users/alfredo/Workspace/PTP-Implementation/ptpd/build-cmake/ios-simulator/build/swclock.build/Debug-iphonesimulator/swclock.DependencyStaticMetadataFileList (in target 'swclock' from project 'ptpd')
    cd /Users/alfredo/Workspace/PTP-Implementation/ptpd
    write-file /Users/alfredo/Workspace/PTP-Implementation/ptpd/build-cmake/ios-simulator/build/swclock.build/Debug-iphonesimulator/swclock.DependencyStaticMetadataFileList

WriteAuxiliaryFile /Users/alfredo/Workspace/PTP-Implementation/ptpd/build-cmake/ios-simulator/build/swclock.build/Debug-iphonesimulator/swclock.DependencyMetadataFileList (in target 'swclock' from project 'ptpd')
    cd /Users/alfredo/Workspace/PTP-Implementation/ptpd
    write-file /Users/alfredo/Workspace/PTP-Implementation/ptpd/build-cmake/ios-simulator/build/swclock.build/Debug-iphonesimulator/swclock.DependencyMetadataFileList

WriteAuxiliaryFile /Users/alfredo/Workspace/PTP-Implementation/ptpd/build-cmake/ios-simulator/build/swclock.build/Debug-iphonesimulator/Objects-normal/x86_64/swclock.LinkFileList (in target 'swclock' from project 'ptpd')
    cd /Users/alfredo/Workspace/PTP-Implementation/ptpd
    write-file /Users/alfredo/Workspace/PTP-Implementation/ptpd/build-cmake/ios-simulator/build/swclock.build/Debug-iphonesimulator/Objects-normal/x86_64/swclock.LinkFileList

WriteAuxiliaryFile /Users/alfredo/Workspace/PTP-Implementation/ptpd/build-cmake/ios-simulator/build/swclock.build/Debug-iphonesimulator/Objects-normal/x86_64/7187679823f38a2a940e0043cdf9d637-common-args.resp (in target 'swclock' from project 'ptpd')
    cd /Users/alfredo/Workspace/PTP-Implementation/ptpd
    write-file /Users/alfredo/Workspace/PTP-Implementation/ptpd/build-cmake/ios-simulator/build/swclock.build/Debug-iphonesimulator/Objects-normal/x86_64/7187679823f38a2a940e0043cdf9d637-common-args.resp
-target x86_64-apple-ios15.0-simulator -fpascal-strings -O0 '-DCMAKE_INTDIR="Debug-iphonesimulator"' -isysroot /Applications/Xcode.app/Contents/Developer/Platforms/iPhoneSimulator.platform/Developer/SDKs/iPhoneSimulator26.2.sdk -fasm-blocks -g -I/Users/alfredo/Workspace/PTP-Implementation/ptpd/build-cmake/ios-simulator/libraries/swclock/Debug-iphonesimulator/include -I/Users/alfredo/Workspace/PTP-Implementation/ptpd/libraries/swclock/src/sw_clock -I/Users/alfredo/Workspace/PTP-Implementation/ptpd/build-cmake/ios-simulator/build/swclock.build/Debug-iphonesimulator/DerivedSources-normal/x86_64 -I/Users/alfredo/Workspace/PTP-Implementation/ptpd/build-cmake/ios-simulator/build/swclock.build/Debug-iphonesimulator/DerivedSources/x86_64 -I/Users/alfredo/Workspace/PTP-Implementation/ptpd/build-cmake/ios-simulator/build/swclock.build/Debug-iphonesimulator/DerivedSources -F/Users/alfredo/Workspace/PTP-Implementation/ptpd/build-cmake/ios-simulator/libraries/swclock/Debug-iphonesimulator '-DPTPD_IOS=1' '-DPTPD_LIBRARY_MODE=1' -D__APPLE__ -DDEBUG '-std=c11'

WriteAuxiliaryFile /Users/alfredo/Workspace/PTP-Implementation/ptpd/build-cmake/ios-simulator/build/swclock.build/Debug-iphonesimulator/Objects-normal/arm64/swclock.LinkFileList (in target 'swclock' from project 'ptpd')
    cd /Users/alfredo/Workspace/PTP-Implementation/ptpd
    write-file /Users/alfredo/Workspace/PTP-Implementation/ptpd/build-cmake/ios-simulator/build/swclock.build/Debug-iphonesimulator/Objects-normal/arm64/swclock.LinkFileList

WriteAuxiliaryFile /Users/alfredo/Workspace/PTP-Implementation/ptpd/build-cmake/ios-simulator/build/swclock.build/Debug-iphonesimulator/Objects-normal/arm64/7187679823f38a2a940e0043cdf9d637-common-args.resp (in target 'swclock' from project 'ptpd')
    cd /Users/alfredo/Workspace/PTP-Implementation/ptpd
    write-file /Users/alfredo/Workspace/PTP-Implementation/ptpd/build-cmake/ios-simulator/build/swclock.build/Debug-iphonesimulator/Objects-normal/arm64/7187679823f38a2a940e0043cdf9d637-common-args.resp
-target arm64-apple-ios15.0-simulator -fpascal-strings -O0 '-DCMAKE_INTDIR="Debug-iphonesimulator"' -isysroot /Applications/Xcode.app/Contents/Developer/Platforms/iPhoneSimulator.platform/Developer/SDKs/iPhoneSimulator26.2.sdk -g -I/Users/alfredo/Workspace/PTP-Implementation/ptpd/build-cmake/ios-simulator/libraries/swclock/Debug-iphonesimulator/include -I/Users/alfredo/Workspace/PTP-Implementation/ptpd/libraries/swclock/src/sw_clock -I/Users/alfredo/Workspace/PTP-Implementation/ptpd/build-cmake/ios-simulator/build/swclock.build/Debug-iphonesimulator/DerivedSources-normal/arm64 -I/Users/alfredo/Workspace/PTP-Implementation/ptpd/build-cmake/ios-simulator/build/swclock.build/Debug-iphonesimulator/DerivedSources/arm64 -I/Users/alfredo/Workspace/PTP-Implementation/ptpd/build-cmake/ios-simulator/build/swclock.build/Debug-iphonesimulator/DerivedSources -F/Users/alfredo/Workspace/PTP-Implementation/ptpd/build-cmake/ios-simulator/libraries/swclock/Debug-iphonesimulator '-DPTPD_IOS=1' '-DPTPD_LIBRARY_MODE=1' -D__APPLE__ -DDEBUG '-std=c11'

WriteAuxiliaryFile /Users/alfredo/Workspace/PTP-Implementation/ptpd/build-cmake/ios-simulator/build/ptpd2.build/Debug-iphonesimulator/ptpd2.DependencyStaticMetadataFileList (in target 'ptpd2' from project 'ptpd')
    cd /Users/alfredo/Workspace/PTP-Implementation/ptpd
    write-file /Users/alfredo/Workspace/PTP-Implementation/ptpd/build-cmake/ios-simulator/build/ptpd2.build/Debug-iphonesimulator/ptpd2.DependencyStaticMetadataFileList

WriteAuxiliaryFile /Users/alfredo/Workspace/PTP-Implementation/ptpd/build-cmake/ios-simulator/build/ptpd2.build/Debug-iphonesimulator/ptpd2.DependencyMetadataFileList (in target 'ptpd2' from project 'ptpd')
    cd /Users/alfredo/Workspace/PTP-Implementation/ptpd
    write-file /Users/alfredo/Workspace/PTP-Implementation/ptpd/build-cmake/ios-simulator/build/ptpd2.build/Debug-iphonesimulator/ptpd2.DependencyMetadataFileList

WriteAuxiliaryFile /Users/alfredo/Workspace/PTP-Implementation/ptpd/build-cmake/ios-simulator/build/ptpd2.build/Debug-iphonesimulator/Objects-normal/x86_64/ptpd2.LinkFileList (in target 'ptpd2' from project 'ptpd')
    cd /Users/alfredo/Workspace/PTP-Implementation/ptpd
    write-file /Users/alfredo/Workspace/PTP-Implementation/ptpd/build-cmake/ios-simulator/build/ptpd2.build/Debug-iphonesimulator/Objects-normal/x86_64/ptpd2.LinkFileList

WriteAuxiliaryFile /Users/alfredo/Workspace/PTP-Implementation/ptpd/build-cmake/ios-simulator/build/ptpd2.build/Debug-iphonesimulator/Objects-normal/x86_64/7187679823f38a2a940e0043cdf9d637-common-args.resp (in target 'ptpd2' from project 'ptpd')
    cd /Users/alfredo/Workspace/PTP-Implementation/ptpd
    write-file /Users/alfredo/Workspace/PTP-Implementation/ptpd/build-cmake/ios-simulator/build/ptpd2.build/Debug-iphonesimulator/Objects-normal/x86_64/7187679823f38a2a940e0043cdf9d637-common-args.resp
-target x86_64-apple-ios15.0-simulator -fpascal-strings -O0 '-DCMAKE_INTDIR="Debug-iphonesimulator"' -DHAVE_CONFIG_H '-DDATADIR="/usr/local/share"' -DPTPD_USE_SWCLOCK -isysroot /Applications/Xcode.app/Contents/Developer/Platforms/iPhoneSimulator.platform/Developer/SDKs/iPhoneSimulator26.2.sdk -fasm-blocks -g -I/Users/alfredo/Workspace/PTP-Implementation/ptpd/build-cmake/ios-simulator/src/Debug-iphonesimulator/include -I/Users/alfredo/Workspace/PTP-Implementation/ptpd/build-cmake/ios-simulator -I/Users/alfredo/Workspace/PTP-Implementation/ptpd/src -I/Users/alfredo/Workspace/PTP-Implementation/ptpd/src/dep -I/Users/alfredo/Workspace/PTP-Implementation/ptpd/libraries/swclock/src/sw_clock -I/Users/alfredo/Workspace/PTP-Implementation/ptpd/build-cmake/ios-simulator/build/ptpd2.build/Debug-iphonesimulator/DerivedSources-normal/x86_64 -I/Users/alfredo/Workspace/PTP-Implementation/ptpd/build-cmake/ios-simulator/build/ptpd2.build/Debug-iphonesimulator/DerivedSources/x86_64 -I/Users/alfredo/Workspace/PTP-Implementation/ptpd/build-cmake/ios-simulator/build/ptpd2.build/Debug-iphonesimulator/DerivedSources -F/Users/alfredo/Workspace/PTP-Implementation/ptpd/build-cmake/ios-simulator/src/Debug-iphonesimulator '-DPTPD_IOS=1' '-DPTPD_LIBRARY_MODE=1' '-std=c99' -fexceptions -fstack-protector

WriteAuxiliaryFile /Users/alfredo/Workspace/PTP-Implementation/ptpd/build-cmake/ios-simulator/build/ptpd2.build/Debug-iphonesimulator/Objects-normal/arm64/ptpd2.LinkFileList (in target 'ptpd2' from project 'ptpd')
    cd /Users/alfredo/Workspace/PTP-Implementation/ptpd
    write-file /Users/alfredo/Workspace/PTP-Implementation/ptpd/build-cmake/ios-simulator/build/ptpd2.build/Debug-iphonesimulator/Objects-normal/arm64/ptpd2.LinkFileList

WriteAuxiliaryFile /Users/alfredo/Workspace/PTP-Implementation/ptpd/build-cmake/ios-simulator/build/ptpd2.build/Debug-iphonesimulator/Objects-normal/arm64/7187679823f38a2a940e0043cdf9d637-common-args.resp (in target 'ptpd2' from project 'ptpd')
    cd /Users/alfredo/Workspace/PTP-Implementation/ptpd
    write-file /Users/alfredo/Workspace/PTP-Implementation/ptpd/build-cmake/ios-simulator/build/ptpd2.build/Debug-iphonesimulator/Objects-normal/arm64/7187679823f38a2a940e0043cdf9d637-common-args.resp
-target arm64-apple-ios15.0-simulator -fpascal-strings -O0 '-DCMAKE_INTDIR="Debug-iphonesimulator"' -DHAVE_CONFIG_H '-DDATADIR="/usr/local/share"' -DPTPD_USE_SWCLOCK -isysroot /Applications/Xcode.app/Contents/Developer/Platforms/iPhoneSimulator.platform/Developer/SDKs/iPhoneSimulator26.2.sdk -g -I/Users/alfredo/Workspace/PTP-Implementation/ptpd/build-cmake/ios-simulator/src/Debug-iphonesimulator/include -I/Users/alfredo/Workspace/PTP-Implementation/ptpd/build-cmake/ios-simulator -I/Users/alfredo/Workspace/PTP-Implementation/ptpd/src -I/Users/alfredo/Workspace/PTP-Implementation/ptpd/src/dep -I/Users/alfredo/Workspace/PTP-Implementation/ptpd/libraries/swclock/src/sw_clock -I/Users/alfredo/Workspace/PTP-Implementation/ptpd/build-cmake/ios-simulator/build/ptpd2.build/Debug-iphonesimulator/DerivedSources-normal/arm64 -I/Users/alfredo/Workspace/PTP-Implementation/ptpd/build-cmake/ios-simulator/build/ptpd2.build/Debug-iphonesimulator/DerivedSources/arm64 -I/Users/alfredo/Workspace/PTP-Implementation/ptpd/build-cmake/ios-simulator/build/ptpd2.build/Debug-iphonesimulator/DerivedSources -F/Users/alfredo/Workspace/PTP-Implementation/ptpd/build-cmake/ios-simulator/src/Debug-iphonesimulator '-DPTPD_IOS=1' '-DPTPD_LIBRARY_MODE=1' '-std=c99' -fexceptions -fstack-protector

WriteAuxiliaryFile /Users/alfredo/Workspace/PTP-Implementation/ptpd/build-cmake/ios-simulator/build/ptpd2.build/Debug-iphonesimulator/DerivedSources/Entitlements-Simulated.plist (in target 'ptpd2' from project 'ptpd')
    cd /Users/alfredo/Workspace/PTP-Implementation/ptpd
    write-file /Users/alfredo/Workspace/PTP-Implementation/ptpd/build-cmake/ios-simulator/build/ptpd2.build/Debug-iphonesimulator/DerivedSources/Entitlements-Simulated.plist

WriteAuxiliaryFile /Users/alfredo/Workspace/PTP-Implementation/ptpd/build-cmake/ios-simulator/build/monitor_demo.build/Debug-iphonesimulator/monitor_demo.DependencyMetadataFileList (in target 'monitor_demo' from project 'ptpd')
    cd /Users/alfredo/Workspace/PTP-Implementation/ptpd
    write-file /Users/alfredo/Workspace/PTP-Implementation/ptpd/build-cmake/ios-simulator/build/monitor_demo.build/Debug-iphonesimulator/monitor_demo.DependencyMetadataFileList

WriteAuxiliaryFile /Users/alfredo/Workspace/PTP-Implementation/ptpd/build-cmake/ios-simulator/build/monitor_demo.build/Debug-iphonesimulator/monitor_demo.DependencyStaticMetadataFileList (in target 'monitor_demo' from project 'ptpd')
    cd /Users/alfredo/Workspace/PTP-Implementation/ptpd
    write-file /Users/alfredo/Workspace/PTP-Implementation/ptpd/build-cmake/ios-simulator/build/monitor_demo.build/Debug-iphonesimulator/monitor_demo.DependencyStaticMetadataFileList

WriteAuxiliaryFile /Users/alfredo/Workspace/PTP-Implementation/ptpd/build-cmake/ios-simulator/build/monitor_demo.build/Debug-iphonesimulator/Objects-normal/x86_64/monitor_demo.LinkFileList (in target 'monitor_demo' from project 'ptpd')
    cd /Users/alfredo/Workspace/PTP-Implementation/ptpd
    write-file /Users/alfredo/Workspace/PTP-Implementation/ptpd/build-cmake/ios-simulator/build/monitor_demo.build/Debug-iphonesimulator/Objects-normal/x86_64/monitor_demo.LinkFileList

WriteAuxiliaryFile /Users/alfredo/Workspace/PTP-Implementation/ptpd/build-cmake/ios-simulator/build/monitor_demo.build/Debug-iphonesimulator/Objects-normal/x86_64/7187679823f38a2a940e0043cdf9d637-common-args.resp (in target 'monitor_demo' from project 'ptpd')
    cd /Users/alfredo/Workspace/PTP-Implementation/ptpd
    write-file /Users/alfredo/Workspace/PTP-Implementation/ptpd/build-cmake/ios-simulator/build/monitor_demo.build/Debug-iphonesimulator/Objects-normal/x86_64/7187679823f38a2a940e0043cdf9d637-common-args.resp
-target x86_64-apple-ios15.0-simulator -fpascal-strings -O0 '-DCMAKE_INTDIR="Debug-iphonesimulator"' -isysroot /Applications/Xcode.app/Contents/Developer/Platforms/iPhoneSimulator.platform/Developer/SDKs/iPhoneSimulator26.2.sdk -fasm-blocks -g -I/Users/alfredo/Workspace/PTP-Implementation/ptpd/build-cmake/ios-simulator/libraries/swclock/Debug-iphonesimulator/include -I/Users/alfredo/Workspace/PTP-Implementation/ptpd/libraries/swclock/src/sw_clock -I/Users/alfredo/Workspace/PTP-Implementation/ptpd/build-cmake/ios-simulator/build/monitor_demo.build/Debug-iphonesimulator/DerivedSources-normal/x86_64 -I/Users/alfredo/Workspace/PTP-Implementation/ptpd/build-cmake/ios-simulator/build/monitor_demo.build/Debug-iphonesimulator/DerivedSources/x86_64 -I/Users/alfredo/Workspace/PTP-Implementation/ptpd/build-cmake/ios-simulator/build/monitor_demo.build/Debug-iphonesimulator/DerivedSources -F/Users/alfredo/Workspace/PTP-Implementation/ptpd/build-cmake/ios-simulator/libraries/swclock/Debug-iphonesimulator '-DPTPD_IOS=1' '-DPTPD_LIBRARY_MODE=1' -D__APPLE__ -DDEBUG '-std=c11'

WriteAuxiliaryFile /Users/alfredo/Workspace/PTP-Implementation/ptpd/build-cmake/ios-simulator/build/monitor_demo.build/Debug-iphonesimulator/Objects-normal/arm64/monitor_demo.LinkFileList (in target 'monitor_demo' from project 'ptpd')
    cd /Users/alfredo/Workspace/PTP-Implementation/ptpd
    write-file /Users/alfredo/Workspace/PTP-Implementation/ptpd/build-cmake/ios-simulator/build/monitor_demo.build/Debug-iphonesimulator/Objects-normal/arm64/monitor_demo.LinkFileList

WriteAuxiliaryFile /Users/alfredo/Workspace/PTP-Implementation/ptpd/build-cmake/ios-simulator/build/monitor_demo.build/Debug-iphonesimulator/Objects-normal/arm64/7187679823f38a2a940e0043cdf9d637-common-args.resp (in target 'monitor_demo' from project 'ptpd')
    cd /Users/alfredo/Workspace/PTP-Implementation/ptpd
    write-file /Users/alfredo/Workspace/PTP-Implementation/ptpd/build-cmake/ios-simulator/build/monitor_demo.build/Debug-iphonesimulator/Objects-normal/arm64/7187679823f38a2a940e0043cdf9d637-common-args.resp
-target arm64-apple-ios15.0-simulator -fpascal-strings -O0 '-DCMAKE_INTDIR="Debug-iphonesimulator"' -isysroot /Applications/Xcode.app/Contents/Developer/Platforms/iPhoneSimulator.platform/Developer/SDKs/iPhoneSimulator26.2.sdk -g -I/Users/alfredo/Workspace/PTP-Implementation/ptpd/build-cmake/ios-simulator/libraries/swclock/Debug-iphonesimulator/include -I/Users/alfredo/Workspace/PTP-Implementation/ptpd/libraries/swclock/src/sw_clock -I/Users/alfredo/Workspace/PTP-Implementation/ptpd/build-cmake/ios-simulator/build/monitor_demo.build/Debug-iphonesimulator/DerivedSources-normal/arm64 -I/Users/alfredo/Workspace/PTP-Implementation/ptpd/build-cmake/ios-simulator/build/monitor_demo.build/Debug-iphonesimulator/DerivedSources/arm64 -I/Users/alfredo/Workspace/PTP-Implementation/ptpd/build-cmake/ios-simulator/build/monitor_demo.build/Debug-iphonesimulator/DerivedSources -F/Users/alfredo/Workspace/PTP-Implementation/ptpd/build-cmake/ios-simulator/libraries/swclock/Debug-iphonesimulator '-DPTPD_IOS=1' '-DPTPD_LIBRARY_MODE=1' -D__APPLE__ -DDEBUG '-std=c11'

WriteAuxiliaryFile /Users/alfredo/Workspace/PTP-Implementation/ptpd/build-cmake/ios-simulator/build/monitor_demo.build/Debug-iphonesimulator/DerivedSources/Entitlements-Simulated.plist (in target 'monitor_demo' from project 'ptpd')
    cd /Users/alfredo/Workspace/PTP-Implementation/ptpd
    write-file /Users/alfredo/Workspace/PTP-Implementation/ptpd/build-cmake/ios-simulator/build/monitor_demo.build/Debug-iphonesimulator/DerivedSources/Entitlements-Simulated.plist

MkDir /Users/alfredo/Workspace/PTP-Implementation/ptpd/build-cmake/ios-simulator/libraries/swclock/Debug-iphonesimulator/swclock_event_dump.app (in target 'swclock_event_dump' from project 'ptpd')
    cd /Users/alfredo/Workspace/PTP-Implementation/ptpd
    /bin/mkdir -p /Users/alfredo/Workspace/PTP-Implementation/ptpd/build-cmake/ios-simulator/libraries/swclock/Debug-iphonesimulator/swclock_event_dump.app

MkDir /Users/alfredo/Workspace/PTP-Implementation/ptpd/build-cmake/ios-simulator/src/Debug-iphonesimulator/ptpd2.app (in target 'ptpd2' from project 'ptpd')
    cd /Users/alfredo/Workspace/PTP-Implementation/ptpd
    /bin/mkdir -p /Users/alfredo/Workspace/PTP-Implementation/ptpd/build-cmake/ios-simulator/src/Debug-iphonesimulator/ptpd2.app

MkDir /Users/alfredo/Workspace/PTP-Implementation/ptpd/build-cmake/ios-simulator/libraries/swclock/Debug-iphonesimulator/monitor_demo.app (in target 'monitor_demo' from project 'ptpd')
    cd /Users/alfredo/Workspace/PTP-Implementation/ptpd
    /bin/mkdir -p /Users/alfredo/Workspace/PTP-Implementation/ptpd/build-cmake/ios-simulator/libraries/swclock/Debug-iphonesimulator/monitor_demo.app

ProcessProductPackaging "" /Users/alfredo/Workspace/PTP-Implementation/ptpd/build-cmake/ios-simulator/build/swclock_event_dump.build/Debug-iphonesimulator/swclock_event_dump.app-Simulated.xcent (in target 'swclock_event_dump' from project 'ptpd')
    cd /Users/alfredo/Workspace/PTP-Implementation/ptpd
    
    Entitlements:
    
    {
    "application-identifier" = "FAKETEAMID.";
}
    
    builtin-productPackagingUtility -entitlements -format xml -o /Users/alfredo/Workspace/PTP-Implementation/ptpd/build-cmake/ios-simulator/build/swclock_event_dump.build/Debug-iphonesimulator/swclock_event_dump.app-Simulated.xcent

ProcessProductPackaging "" /Users/alfredo/Workspace/PTP-Implementation/ptpd/build-cmake/ios-simulator/build/monitor_demo.build/Debug-iphonesimulator/monitor_demo.app-Simulated.xcent (in target 'monitor_demo' from project 'ptpd')
    cd /Users/alfredo/Workspace/PTP-Implementation/ptpd
    
    Entitlements:
    
    {
    "application-identifier" = "FAKETEAMID.";
}
    
    builtin-productPackagingUtility -entitlements -format xml -o /Users/alfredo/Workspace/PTP-Implementation/ptpd/build-cmake/ios-simulator/build/monitor_demo.build/Debug-iphonesimulator/monitor_demo.app-Simulated.xcent

ProcessProductPackagingDER /Users/alfredo/Workspace/PTP-Implementation/ptpd/build-cmake/ios-simulator/build/swclock_event_dump.build/Debug-iphonesimulator/swclock_event_dump.app-Simulated.xcent /Users/alfredo/Workspace/PTP-Implementation/ptpd/build-cmake/ios-simulator/build/swclock_event_dump.build/Debug-iphonesimulator/swclock_event_dump.app-Simulated.xcent.der (in target 'swclock_event_dump' from project 'ptpd')
    cd /Users/alfredo/Workspace/PTP-Implementation/ptpd
    /usr/bin/derq query -f xml -i /Users/alfredo/Workspace/PTP-Implementation/ptpd/build-cmake/ios-simulator/build/swclock_event_dump.build/Debug-iphonesimulator/swclock_event_dump.app-Simulated.xcent -o /Users/alfredo/Workspace/PTP-Implementation/ptpd/build-cmake/ios-simulator/build/swclock_event_dump.build/Debug-iphonesimulator/swclock_event_dump.app-Simulated.xcent.der --raw

ProcessProductPackagingDER /Users/alfredo/Workspace/PTP-Implementation/ptpd/build-cmake/ios-simulator/build/monitor_demo.build/Debug-iphonesimulator/monitor_demo.app-Simulated.xcent /Users/alfredo/Workspace/PTP-Implementation/ptpd/build-cmake/ios-simulator/build/monitor_demo.build/Debug-iphonesimulator/monitor_demo.app-Simulated.xcent.der (in target 'monitor_demo' from project 'ptpd')
    cd /Users/alfredo/Workspace/PTP-Implementation/ptpd
    /usr/bin/derq query -f xml -i /Users/alfredo/Workspace/PTP-Implementation/ptpd/build-cmake/ios-simulator/build/monitor_demo.build/Debug-iphonesimulator/monitor_demo.app-Simulated.xcent -o /Users/alfredo/Workspace/PTP-Implementation/ptpd/build-cmake/ios-simulator/build/monitor_demo.build/Debug-iphonesimulator/monitor_demo.app-Simulated.xcent.der --raw

CompileC /Users/alfredo/Workspace/PTP-Implementation/ptpd/build-cmake/ios-simulator/build/swclock_event_dump.build/Debug-iphonesimulator/Objects-normal/x86_64/swclock_event_dump.o /Users/alfredo/Workspace/PTP-Implementation/ptpd/libraries/swclock/src-tools/swclock_event_dump.c normal x86_64 c com.apple.compilers.llvm.clang.1_0.compiler (in target 'swclock_event_dump' from project 'ptpd')
    cd /Users/alfredo/Workspace/PTP-Implementation/ptpd
    
    Using response file: /Users/alfredo/Workspace/PTP-Implementation/ptpd/build-cmake/ios-simulator/build/swclock_event_dump.build/Debug-iphonesimulator/Objects-normal/x86_64/7187679823f38a2a940e0043cdf9d637-common-args.resp
    
    /Applications/Xcode.app/Contents/Developer/Toolchains/XcodeDefault.xctoolchain/usr/bin/clang -x c -ivfsstatcache /Users/alfredo/Library/Developer/Xcode/DerivedData/SDKStatCaches.noindex/iphonesimulator26.2-23C53-7d00a8b37fbd7999ea79df8ebc024bf0.sdkstatcache -fmessage-length\=0 -fdiagnostics-show-note-include-stack -fmacro-backtrace-limit\=0 -fno-color-diagnostics -Wno-trigraphs -Wno-missing-field-initializers -Wno-missing-prototypes -Wno-return-type -Wno-missing-braces -Wparentheses -Wswitch -Wno-unused-function -Wno-unused-label -Wno-unused-parameter -Wno-unused-variable -Wunused-value -Wno-empty-body -Wno-uninitialized -Wno-unknown-pragmas -Wno-shadow -Wno-four-char-constants -Wno-conversion -Wno-constant-conversion -Wno-int-conversion -Wno-bool-conversion -Wno-enum-conversion -Wno-float-conversion -Wno-non-literal-null-conversion -Wno-objc-literal-conversion -Wshorten-64-to-32 -Wpointer-sign -Wno-newline-eof -Wno-implicit-fallthrough -fstrict-aliasing -Wdeprecated-declarations -Wno-sign-conversion -Wno-infinite-recursion -Wno-comma -Wno-block-capture-autoreleasing -Wno-strict-prototypes -Wno-semicolon-before-method-body -index-store-path /Users/alfredo/Library/Developer/Xcode/DerivedData/ptpd-ckkaoshwswuydmbetxbmgznxlvtr/Index.noindex/DataStore -Wall -Wextra @/Users/alfredo/Workspace/PTP-Implementation/ptpd/build-cmake/ios-simulator/build/swclock_event_dump.build/Debug-iphonesimulator/Objects-normal/x86_64/7187679823f38a2a940e0043cdf9d637-common-args.resp -MMD -MT dependencies -MF /Users/alfredo/Workspace/PTP-Implementation/ptpd/build-cmake/ios-simulator/build/swclock_event_dump.build/Debug-iphonesimulator/Objects-normal/x86_64/swclock_event_dump.d --serialize-diagnostics /Users/alfredo/Workspace/PTP-Implementation/ptpd/build-cmake/ios-simulator/build/swclock_event_dump.build/Debug-iphonesimulator/Objects-normal/x86_64/swclock_event_dump.dia -c /Users/alfredo/Workspace/PTP-Implementation/ptpd/libraries/swclock/src-tools/swclock_event_dump.c -o /Users/alfredo/Workspace/PTP-Implementation/ptpd/build-cmake/ios-simulator/build/swclock_event_dump.build/Debug-iphonesimulator/Objects-normal/x86_64/swclock_event_dump.o -index-unit-output-path /swclock_event_dump.build/Debug-iphonesimulator/Objects-normal/x86_64/swclock_event_dump.o

CompileC /Users/alfredo/Workspace/PTP-Implementation/ptpd/build-cmake/ios-simulator/build/swclock_event_dump.build/Debug-iphonesimulator/Objects-normal/arm64/swclock_event_dump.o /Users/alfredo/Workspace/PTP-Implementation/ptpd/libraries/swclock/src-tools/swclock_event_dump.c normal arm64 c com.apple.compilers.llvm.clang.1_0.compiler (in target 'swclock_event_dump' from project 'ptpd')
    cd /Users/alfredo/Workspace/PTP-Implementation/ptpd
    
    Using response file: /Users/alfredo/Workspace/PTP-Implementation/ptpd/build-cmake/ios-simulator/build/swclock_event_dump.build/Debug-iphonesimulator/Objects-normal/arm64/7187679823f38a2a940e0043cdf9d637-common-args.resp
    
    /Applications/Xcode.app/Contents/Developer/Toolchains/XcodeDefault.xctoolchain/usr/bin/clang -x c -ivfsstatcache /Users/alfredo/Library/Developer/Xcode/DerivedData/SDKStatCaches.noindex/iphonesimulator26.2-23C53-7d00a8b37fbd7999ea79df8ebc024bf0.sdkstatcache -fmessage-length\=0 -fdiagnostics-show-note-include-stack -fmacro-backtrace-limit\=0 -fno-color-diagnostics -Wno-trigraphs -Wno-missing-field-initializers -Wno-missing-prototypes -Wno-return-type -Wno-missing-braces -Wparentheses -Wswitch -Wno-unused-function -Wno-unused-label -Wno-unused-parameter -Wno-unused-variable -Wunused-value -Wno-empty-body -Wno-uninitialized -Wno-unknown-pragmas -Wno-shadow -Wno-four-char-constants -Wno-conversion -Wno-constant-conversion -Wno-int-conversion -Wno-bool-conversion -Wno-enum-conversion -Wno-float-conversion -Wno-non-literal-null-conversion -Wno-objc-literal-conversion -Wshorten-64-to-32 -Wpointer-sign -Wno-newline-eof -Wno-implicit-fallthrough -fstrict-aliasing -Wdeprecated-declarations -Wno-sign-conversion -Wno-infinite-recursion -Wno-comma -Wno-block-capture-autoreleasing -Wno-strict-prototypes -Wno-semicolon-before-method-body -index-store-path /Users/alfredo/Library/Developer/Xcode/DerivedData/ptpd-ckkaoshwswuydmbetxbmgznxlvtr/Index.noindex/DataStore -Wall -Wextra @/Users/alfredo/Workspace/PTP-Implementation/ptpd/build-cmake/ios-simulator/build/swclock_event_dump.build/Debug-iphonesimulator/Objects-normal/arm64/7187679823f38a2a940e0043cdf9d637-common-args.resp -MMD -MT dependencies -MF /Users/alfredo/Workspace/PTP-Implementation/ptpd/build-cmake/ios-simulator/build/swclock_event_dump.build/Debug-iphonesimulator/Objects-normal/arm64/swclock_event_dump.d --serialize-diagnostics /Users/alfredo/Workspace/PTP-Implementation/ptpd/build-cmake/ios-simulator/build/swclock_event_dump.build/Debug-iphonesimulator/Objects-normal/arm64/swclock_event_dump.dia -c /Users/alfredo/Workspace/PTP-Implementation/ptpd/libraries/swclock/src-tools/swclock_event_dump.c -o /Users/alfredo/Workspace/PTP-Implementation/ptpd/build-cmake/ios-simulator/build/swclock_event_dump.build/Debug-iphonesimulator/Objects-normal/arm64/swclock_event_dump.o -index-unit-output-path /swclock_event_dump.build/Debug-iphonesimulator/Objects-normal/arm64/swclock_event_dump.o

CompileC /Users/alfredo/Workspace/PTP-Implementation/ptpd/build-cmake/ios-simulator/build/swclock.build/Debug-iphonesimulator/Objects-normal/arm64/swclock_jsonld.o /Users/alfredo/Workspace/PTP-Implementation/ptpd/libraries/swclock/src/sw_clock/swclock_jsonld.c normal arm64 c com.apple.compilers.llvm.clang.1_0.compiler (in target 'swclock' from project 'ptpd')
    cd /Users/alfredo/Workspace/PTP-Implementation/ptpd
    
    Using response file: /Users/alfredo/Workspace/PTP-Implementation/ptpd/build-cmake/ios-simulator/build/swclock.build/Debug-iphonesimulator/Objects-normal/arm64/7187679823f38a2a940e0043cdf9d637-common-args.resp
    
    /Applications/Xcode.app/Contents/Developer/Toolchains/XcodeDefault.xctoolchain/usr/bin/clang -x c -ivfsstatcache /Users/alfredo/Library/Developer/Xcode/DerivedData/SDKStatCaches.noindex/iphonesimulator26.2-23C53-7d00a8b37fbd7999ea79df8ebc024bf0.sdkstatcache -fmessage-length\=0 -fdiagnostics-show-note-include-stack -fmacro-backtrace-limit\=0 -fno-color-diagnostics -Wno-trigraphs -Wno-missing-field-initializers -Wno-missing-prototypes -Wno-return-type -Wno-missing-braces -Wparentheses -Wswitch -Wno-unused-function -Wno-unused-label -Wno-unused-parameter -Wno-unused-variable -Wunused-value -Wno-empty-body -Wno-uninitialized -Wno-unknown-pragmas -Wno-shadow -Wno-four-char-constants -Wno-conversion -Wno-constant-conversion -Wno-int-conversion -Wno-bool-conversion -Wno-enum-conversion -Wno-float-conversion -Wno-non-literal-null-conversion -Wno-objc-literal-conversion -Wshorten-64-to-32 -Wpointer-sign -Wno-newline-eof -Wno-implicit-fallthrough -fstrict-aliasing -Wdeprecated-declarations -Wno-sign-conversion -Wno-infinite-recursion -Wno-comma -Wno-block-capture-autoreleasing -Wno-strict-prototypes -Wno-semicolon-before-method-body -index-store-path /Users/alfredo/Library/Developer/Xcode/DerivedData/ptpd-ckkaoshwswuydmbetxbmgznxlvtr/Index.noindex/DataStore -Wall -Wextra @/Users/alfredo/Workspace/PTP-Implementation/ptpd/build-cmake/ios-simulator/build/swclock.build/Debug-iphonesimulator/Objects-normal/arm64/7187679823f38a2a940e0043cdf9d637-common-args.resp -MMD -MT dependencies -MF /Users/alfredo/Workspace/PTP-Implementation/ptpd/build-cmake/ios-simulator/build/swclock.build/Debug-iphonesimulator/Objects-normal/arm64/swclock_jsonld.d --serialize-diagnostics /Users/alfredo/Workspace/PTP-Implementation/ptpd/build-cmake/ios-simulator/build/swclock.build/Debug-iphonesimulator/Objects-normal/arm64/swclock_jsonld.dia -c /Users/alfredo/Workspace/PTP-Implementation/ptpd/libraries/swclock/src/sw_clock/swclock_jsonld.c -o /Users/alfredo/Workspace/PTP-Implementation/ptpd/build-cmake/ios-simulator/build/swclock.build/Debug-iphonesimulator/Objects-normal/arm64/swclock_jsonld.o -index-unit-output-path /swclock.build/Debug-iphonesimulator/Objects-normal/arm64/swclock_jsonld.o
/Users/alfredo/Workspace/PTP-Implementation/ptpd/libraries/swclock/src/sw_clock/swclock_jsonld.c:880:31: warning: implicit conversion loses integer precision: 'size_t' (aka 'unsigned long') to 'unsigned int' [-Wshorten-64-to-32]
  880 |         if (gzwrite(dst, buf, nread) != (int)nread) {
      |             ~~~~~~~           ^~~~~
1 warning generated.

CompileC /Users/alfredo/Workspace/PTP-Implementation/ptpd/build-cmake/ios-simulator/build/monitor_demo.build/Debug-iphonesimulator/Objects-normal/x86_64/monitor_demo.o /Users/alfredo/Workspace/PTP-Implementation/ptpd/libraries/swclock/src-tools/monitor_demo.c normal x86_64 c com.apple.compilers.llvm.clang.1_0.compiler (in target 'monitor_demo' from project 'ptpd')
    cd /Users/alfredo/Workspace/PTP-Implementation/ptpd
    
    Using response file: /Users/alfredo/Workspace/PTP-Implementation/ptpd/build-cmake/ios-simulator/build/monitor_demo.build/Debug-iphonesimulator/Objects-normal/x86_64/7187679823f38a2a940e0043cdf9d637-common-args.resp
    
    /Applications/Xcode.app/Contents/Developer/Toolchains/XcodeDefault.xctoolchain/usr/bin/clang -x c -ivfsstatcache /Users/alfredo/Library/Developer/Xcode/DerivedData/SDKStatCaches.noindex/iphonesimulator26.2-23C53-7d00a8b37fbd7999ea79df8ebc024bf0.sdkstatcache -fmessage-length\=0 -fdiagnostics-show-note-include-stack -fmacro-backtrace-limit\=0 -fno-color-diagnostics -Wno-trigraphs -Wno-missing-field-initializers -Wno-missing-prototypes -Wno-return-type -Wno-missing-braces -Wparentheses -Wswitch -Wno-unused-function -Wno-unused-label -Wno-unused-parameter -Wno-unused-variable -Wunused-value -Wno-empty-body -Wno-uninitialized -Wno-unknown-pragmas -Wno-shadow -Wno-four-char-constants -Wno-conversion -Wno-constant-conversion -Wno-int-conversion -Wno-bool-conversion -Wno-enum-conversion -Wno-float-conversion -Wno-non-literal-null-conversion -Wno-objc-literal-conversion -Wshorten-64-to-32 -Wpointer-sign -Wno-newline-eof -Wno-implicit-fallthrough -fstrict-aliasing -Wdeprecated-declarations -Wno-sign-conversion -Wno-infinite-recursion -Wno-comma -Wno-block-capture-autoreleasing -Wno-strict-prototypes -Wno-semicolon-before-method-body -index-store-path /Users/alfredo/Library/Developer/Xcode/DerivedData/ptpd-ckkaoshwswuydmbetxbmgznxlvtr/Index.noindex/DataStore -Wall -Wextra @/Users/alfredo/Workspace/PTP-Implementation/ptpd/build-cmake/ios-simulator/build/monitor_demo.build/Debug-iphonesimulator/Objects-normal/x86_64/7187679823f38a2a940e0043cdf9d637-common-args.resp -MMD -MT dependencies -MF /Users/alfredo/Workspace/PTP-Implementation/ptpd/build-cmake/ios-simulator/build/monitor_demo.build/Debug-iphonesimulator/Objects-normal/x86_64/monitor_demo.d --serialize-diagnostics /Users/alfredo/Workspace/PTP-Implementation/ptpd/build-cmake/ios-simulator/build/monitor_demo.build/Debug-iphonesimulator/Objects-normal/x86_64/monitor_demo.dia -c /Users/alfredo/Workspace/PTP-Implementation/ptpd/libraries/swclock/src-tools/monitor_demo.c -o /Users/alfredo/Workspace/PTP-Implementation/ptpd/build-cmake/ios-simulator/build/monitor_demo.build/Debug-iphonesimulator/Objects-normal/x86_64/monitor_demo.o -index-unit-output-path /monitor_demo.build/Debug-iphonesimulator/Objects-normal/x86_64/monitor_demo.o

CompileC /Users/alfredo/Workspace/PTP-Implementation/ptpd/build-cmake/ios-simulator/build/monitor_demo.build/Debug-iphonesimulator/Objects-normal/arm64/monitor_demo.o /Users/alfredo/Workspace/PTP-Implementation/ptpd/libraries/swclock/src-tools/monitor_demo.c normal arm64 c com.apple.compilers.llvm.clang.1_0.compiler (in target 'monitor_demo' from project 'ptpd')
    cd /Users/alfredo/Workspace/PTP-Implementation/ptpd
    
    Using response file: /Users/alfredo/Workspace/PTP-Implementation/ptpd/build-cmake/ios-simulator/build/monitor_demo.build/Debug-iphonesimulator/Objects-normal/arm64/7187679823f38a2a940e0043cdf9d637-common-args.resp
    
    /Applications/Xcode.app/Contents/Developer/Toolchains/XcodeDefault.xctoolchain/usr/bin/clang -x c -ivfsstatcache /Users/alfredo/Library/Developer/Xcode/DerivedData/SDKStatCaches.noindex/iphonesimulator26.2-23C53-7d00a8b37fbd7999ea79df8ebc024bf0.sdkstatcache -fmessage-length\=0 -fdiagnostics-show-note-include-stack -fmacro-backtrace-limit\=0 -fno-color-diagnostics -Wno-trigraphs -Wno-missing-field-initializers -Wno-missing-prototypes -Wno-return-type -Wno-missing-braces -Wparentheses -Wswitch -Wno-unused-function -Wno-unused-label -Wno-unused-parameter -Wno-unused-variable -Wunused-value -Wno-empty-body -Wno-uninitialized -Wno-unknown-pragmas -Wno-shadow -Wno-four-char-constants -Wno-conversion -Wno-constant-conversion -Wno-int-conversion -Wno-bool-conversion -Wno-enum-conversion -Wno-float-conversion -Wno-non-literal-null-conversion -Wno-objc-literal-conversion -Wshorten-64-to-32 -Wpointer-sign -Wno-newline-eof -Wno-implicit-fallthrough -fstrict-aliasing -Wdeprecated-declarations -Wno-sign-conversion -Wno-infinite-recursion -Wno-comma -Wno-block-capture-autoreleasing -Wno-strict-prototypes -Wno-semicolon-before-method-body -index-store-path /Users/alfredo/Library/Developer/Xcode/DerivedData/ptpd-ckkaoshwswuydmbetxbmgznxlvtr/Index.noindex/DataStore -Wall -Wextra @/Users/alfredo/Workspace/PTP-Implementation/ptpd/build-cmake/ios-simulator/build/monitor_demo.build/Debug-iphonesimulator/Objects-normal/arm64/7187679823f38a2a940e0043cdf9d637-common-args.resp -MMD -MT dependencies -MF /Users/alfredo/Workspace/PTP-Implementation/ptpd/build-cmake/ios-simulator/build/monitor_demo.build/Debug-iphonesimulator/Objects-normal/arm64/monitor_demo.d --serialize-diagnostics /Users/alfredo/Workspace/PTP-Implementation/ptpd/build-cmake/ios-simulator/build/monitor_demo.build/Debug-iphonesimulator/Objects-normal/arm64/monitor_demo.dia -c /Users/alfredo/Workspace/PTP-Implementation/ptpd/libraries/swclock/src-tools/monitor_demo.c -o /Users/alfredo/Workspace/PTP-Implementation/ptpd/build-cmake/ios-simulator/build/monitor_demo.build/Debug-iphonesimulator/Objects-normal/arm64/monitor_demo.o -index-unit-output-path /monitor_demo.build/Debug-iphonesimulator/Objects-normal/arm64/monitor_demo.o

CompileC /Users/alfredo/Workspace/PTP-Implementation/ptpd/build-cmake/ios-simulator/build/swclock.build/Debug-iphonesimulator/Objects-normal/x86_64/swclock_jsonld.o /Users/alfredo/Workspace/PTP-Implementation/ptpd/libraries/swclock/src/sw_clock/swclock_jsonld.c normal x86_64 c com.apple.compilers.llvm.clang.1_0.compiler (in target 'swclock' from project 'ptpd')
    cd /Users/alfredo/Workspace/PTP-Implementation/ptpd
    
    Using response file: /Users/alfredo/Workspace/PTP-Implementation/ptpd/build-cmake/ios-simulator/build/swclock.build/Debug-iphonesimulator/Objects-normal/x86_64/7187679823f38a2a940e0043cdf9d637-common-args.resp
    
    /Applications/Xcode.app/Contents/Developer/Toolchains/XcodeDefault.xctoolchain/usr/bin/clang -x c -ivfsstatcache /Users/alfredo/Library/Developer/Xcode/DerivedData/SDKStatCaches.noindex/iphonesimulator26.2-23C53-7d00a8b37fbd7999ea79df8ebc024bf0.sdkstatcache -fmessage-length\=0 -fdiagnostics-show-note-include-stack -fmacro-backtrace-limit\=0 -fno-color-diagnostics -Wno-trigraphs -Wno-missing-field-initializers -Wno-missing-prototypes -Wno-return-type -Wno-missing-braces -Wparentheses -Wswitch -Wno-unused-function -Wno-unused-label -Wno-unused-parameter -Wno-unused-variable -Wunused-value -Wno-empty-body -Wno-uninitialized -Wno-unknown-pragmas -Wno-shadow -Wno-four-char-constants -Wno-conversion -Wno-constant-conversion -Wno-int-conversion -Wno-bool-conversion -Wno-enum-conversion -Wno-float-conversion -Wno-non-literal-null-conversion -Wno-objc-literal-conversion -Wshorten-64-to-32 -Wpointer-sign -Wno-newline-eof -Wno-implicit-fallthrough -fstrict-aliasing -Wdeprecated-declarations -Wno-sign-conversion -Wno-infinite-recursion -Wno-comma -Wno-block-capture-autoreleasing -Wno-strict-prototypes -Wno-semicolon-before-method-body -index-store-path /Users/alfredo/Library/Developer/Xcode/DerivedData/ptpd-ckkaoshwswuydmbetxbmgznxlvtr/Index.noindex/DataStore -Wall -Wextra @/Users/alfredo/Workspace/PTP-Implementation/ptpd/build-cmake/ios-simulator/build/swclock.build/Debug-iphonesimulator/Objects-normal/x86_64/7187679823f38a2a940e0043cdf9d637-common-args.resp -MMD -MT dependencies -MF /Users/alfredo/Workspace/PTP-Implementation/ptpd/build-cmake/ios-simulator/build/swclock.build/Debug-iphonesimulator/Objects-normal/x86_64/swclock_jsonld.d --serialize-diagnostics /Users/alfredo/Workspace/PTP-Implementation/ptpd/build-cmake/ios-simulator/build/swclock.build/Debug-iphonesimulator/Objects-normal/x86_64/swclock_jsonld.dia -c /Users/alfredo/Workspace/PTP-Implementation/ptpd/libraries/swclock/src/sw_clock/swclock_jsonld.c -o /Users/alfredo/Workspace/PTP-Implementation/ptpd/build-cmake/ios-simulator/build/swclock.build/Debug-iphonesimulator/Objects-normal/x86_64/swclock_jsonld.o -index-unit-output-path /swclock.build/Debug-iphonesimulator/Objects-normal/x86_64/swclock_jsonld.o
/Users/alfredo/Workspace/PTP-Implementation/ptpd/libraries/swclock/src/sw_clock/swclock_jsonld.c:880:31: warning: implicit conversion loses integer precision: 'size_t' (aka 'unsigned long') to 'unsigned int' [-Wshorten-64-to-32]
  880 |         if (gzwrite(dst, buf, nread) != (int)nread) {
      |             ~~~~~~~           ^~~~~
1 warning generated.

CompileC /Users/alfredo/Workspace/PTP-Implementation/ptpd/build-cmake/ios-simulator/build/swclock.build/Debug-iphonesimulator/Objects-normal/x86_64/sw_clock_utilities.o /Users/alfredo/Workspace/PTP-Implementation/ptpd/libraries/swclock/src/sw_clock/sw_clock_utilities.c normal x86_64 c com.apple.compilers.llvm.clang.1_0.compiler (in target 'swclock' from project 'ptpd')
    cd /Users/alfredo/Workspace/PTP-Implementation/ptpd
    
    Using response file: /Users/alfredo/Workspace/PTP-Implementation/ptpd/build-cmake/ios-simulator/build/swclock.build/Debug-iphonesimulator/Objects-normal/x86_64/7187679823f38a2a940e0043cdf9d637-common-args.resp
    
    /Applications/Xcode.app/Contents/Developer/Toolchains/XcodeDefault.xctoolchain/usr/bin/clang -x c -ivfsstatcache /Users/alfredo/Library/Developer/Xcode/DerivedData/SDKStatCaches.noindex/iphonesimulator26.2-23C53-7d00a8b37fbd7999ea79df8ebc024bf0.sdkstatcache -fmessage-length\=0 -fdiagnostics-show-note-include-stack -fmacro-backtrace-limit\=0 -fno-color-diagnostics -Wno-trigraphs -Wno-missing-field-initializers -Wno-missing-prototypes -Wno-return-type -Wno-missing-braces -Wparentheses -Wswitch -Wno-unused-function -Wno-unused-label -Wno-unused-parameter -Wno-unused-variable -Wunused-value -Wno-empty-body -Wno-uninitialized -Wno-unknown-pragmas -Wno-shadow -Wno-four-char-constants -Wno-conversion -Wno-constant-conversion -Wno-int-conversion -Wno-bool-conversion -Wno-enum-conversion -Wno-float-conversion -Wno-non-literal-null-conversion -Wno-objc-literal-conversion -Wshorten-64-to-32 -Wpointer-sign -Wno-newline-eof -Wno-implicit-fallthrough -fstrict-aliasing -Wdeprecated-declarations -Wno-sign-conversion -Wno-infinite-recursion -Wno-comma -Wno-block-capture-autoreleasing -Wno-strict-prototypes -Wno-semicolon-before-method-body -index-store-path /Users/alfredo/Library/Developer/Xcode/DerivedData/ptpd-ckkaoshwswuydmbetxbmgznxlvtr/Index.noindex/DataStore -Wall -Wextra @/Users/alfredo/Workspace/PTP-Implementation/ptpd/build-cmake/ios-simulator/build/swclock.build/Debug-iphonesimulator/Objects-normal/x86_64/7187679823f38a2a940e0043cdf9d637-common-args.resp -MMD -MT dependencies -MF /Users/alfredo/Workspace/PTP-Implementation/ptpd/build-cmake/ios-simulator/build/swclock.build/Debug-iphonesimulator/Objects-normal/x86_64/sw_clock_utilities.d --serialize-diagnostics /Users/alfredo/Workspace/PTP-Implementation/ptpd/build-cmake/ios-simulator/build/swclock.build/Debug-iphonesimulator/Objects-normal/x86_64/sw_clock_utilities.dia -c /Users/alfredo/Workspace/PTP-Implementation/ptpd/libraries/swclock/src/sw_clock/sw_clock_utilities.c -o /Users/alfredo/Workspace/PTP-Implementation/ptpd/build-cmake/ios-simulator/build/swclock.build/Debug-iphonesimulator/Objects-normal/x86_64/sw_clock_utilities.o -index-unit-output-path /swclock.build/Debug-iphonesimulator/Objects-normal/x86_64/sw_clock_utilities.o

CompileC /Users/alfredo/Workspace/PTP-Implementation/ptpd/build-cmake/ios-simulator/build/swclock.build/Debug-iphonesimulator/Objects-normal/x86_64/sw_clock_structured_log.o /Users/alfredo/Workspace/PTP-Implementation/ptpd/libraries/swclock/src/sw_clock/sw_clock_structured_log.c normal x86_64 c com.apple.compilers.llvm.clang.1_0.compiler (in target 'swclock' from project 'ptpd')
    cd /Users/alfredo/Workspace/PTP-Implementation/ptpd
    
    Using response file: /Users/alfredo/Workspace/PTP-Implementation/ptpd/build-cmake/ios-simulator/build/swclock.build/Debug-iphonesimulator/Objects-normal/x86_64/7187679823f38a2a940e0043cdf9d637-common-args.resp
    
    /Applications/Xcode.app/Contents/Developer/Toolchains/XcodeDefault.xctoolchain/usr/bin/clang -x c -ivfsstatcache /Users/alfredo/Library/Developer/Xcode/DerivedData/SDKStatCaches.noindex/iphonesimulator26.2-23C53-7d00a8b37fbd7999ea79df8ebc024bf0.sdkstatcache -fmessage-length\=0 -fdiagnostics-show-note-include-stack -fmacro-backtrace-limit\=0 -fno-color-diagnostics -Wno-trigraphs -Wno-missing-field-initializers -Wno-missing-prototypes -Wno-return-type -Wno-missing-braces -Wparentheses -Wswitch -Wno-unused-function -Wno-unused-label -Wno-unused-parameter -Wno-unused-variable -Wunused-value -Wno-empty-body -Wno-uninitialized -Wno-unknown-pragmas -Wno-shadow -Wno-four-char-constants -Wno-conversion -Wno-constant-conversion -Wno-int-conversion -Wno-bool-conversion -Wno-enum-conversion -Wno-float-conversion -Wno-non-literal-null-conversion -Wno-objc-literal-conversion -Wshorten-64-to-32 -Wpointer-sign -Wno-newline-eof -Wno-implicit-fallthrough -fstrict-aliasing -Wdeprecated-declarations -Wno-sign-conversion -Wno-infinite-recursion -Wno-comma -Wno-block-capture-autoreleasing -Wno-strict-prototypes -Wno-semicolon-before-method-body -index-store-path /Users/alfredo/Library/Developer/Xcode/DerivedData/ptpd-ckkaoshwswuydmbetxbmgznxlvtr/Index.noindex/DataStore -Wall -Wextra @/Users/alfredo/Workspace/PTP-Implementation/ptpd/build-cmake/ios-simulator/build/swclock.build/Debug-iphonesimulator/Objects-normal/x86_64/7187679823f38a2a940e0043cdf9d637-common-args.resp -MMD -MT dependencies -MF /Users/alfredo/Workspace/PTP-Implementation/ptpd/build-cmake/ios-simulator/build/swclock.build/Debug-iphonesimulator/Objects-normal/x86_64/sw_clock_structured_log.d --serialize-diagnostics /Users/alfredo/Workspace/PTP-Implementation/ptpd/build-cmake/ios-simulator/build/swclock.build/Debug-iphonesimulator/Objects-normal/x86_64/sw_clock_structured_log.dia -c /Users/alfredo/Workspace/PTP-Implementation/ptpd/libraries/swclock/src/sw_clock/sw_clock_structured_log.c -o /Users/alfredo/Workspace/PTP-Implementation/ptpd/build-cmake/ios-simulator/build/swclock.build/Debug-iphonesimulator/Objects-normal/x86_64/sw_clock_structured_log.o -index-unit-output-path /swclock.build/Debug-iphonesimulator/Objects-normal/x86_64/sw_clock_structured_log.o
/Users/alfredo/Workspace/PTP-Implementation/ptpd/libraries/swclock/src/sw_clock/sw_clock_structured_log.c:57:22: warning: implicit conversion loses integer precision: 'time_t' (aka 'long') to 'unsigned int' [-Wshorten-64-to-32]
   57 |     srand(time(NULL) ^ getpid());
      |     ~~~~~ ~~~~~~~~~~~^~~~~~~~~~
1 warning generated.

CompileC /Users/alfredo/Workspace/PTP-Implementation/ptpd/build-cmake/ios-simulator/build/swclock.build/Debug-iphonesimulator/Objects-normal/x86_64/sw_clock_ringbuf.o /Users/alfredo/Workspace/PTP-Implementation/ptpd/libraries/swclock/src/sw_clock/sw_clock_ringbuf.c normal x86_64 c com.apple.compilers.llvm.clang.1_0.compiler (in target 'swclock' from project 'ptpd')
    cd /Users/alfredo/Workspace/PTP-Implementation/ptpd
    
    Using response file: /Users/alfredo/Workspace/PTP-Implementation/ptpd/build-cmake/ios-simulator/build/swclock.build/Debug-iphonesimulator/Objects-normal/x86_64/7187679823f38a2a940e0043cdf9d637-common-args.resp
    
    /Applications/Xcode.app/Contents/Developer/Toolchains/XcodeDefault.xctoolchain/usr/bin/clang -x c -ivfsstatcache /Users/alfredo/Library/Developer/Xcode/DerivedData/SDKStatCaches.noindex/iphonesimulator26.2-23C53-7d00a8b37fbd7999ea79df8ebc024bf0.sdkstatcache -fmessage-length\=0 -fdiagnostics-show-note-include-stack -fmacro-backtrace-limit\=0 -fno-color-diagnostics -Wno-trigraphs -Wno-missing-field-initializers -Wno-missing-prototypes -Wno-return-type -Wno-missing-braces -Wparentheses -Wswitch -Wno-unused-function -Wno-unused-label -Wno-unused-parameter -Wno-unused-variable -Wunused-value -Wno-empty-body -Wno-uninitialized -Wno-unknown-pragmas -Wno-shadow -Wno-four-char-constants -Wno-conversion -Wno-constant-conversion -Wno-int-conversion -Wno-bool-conversion -Wno-enum-conversion -Wno-float-conversion -Wno-non-literal-null-conversion -Wno-objc-literal-conversion -Wshorten-64-to-32 -Wpointer-sign -Wno-newline-eof -Wno-implicit-fallthrough -fstrict-aliasing -Wdeprecated-declarations -Wno-sign-conversion -Wno-infinite-recursion -Wno-comma -Wno-block-capture-autoreleasing -Wno-strict-prototypes -Wno-semicolon-before-method-body -index-store-path /Users/alfredo/Library/Developer/Xcode/DerivedData/ptpd-ckkaoshwswuydmbetxbmgznxlvtr/Index.noindex/DataStore -Wall -Wextra @/Users/alfredo/Workspace/PTP-Implementation/ptpd/build-cmake/ios-simulator/build/swclock.build/Debug-iphonesimulator/Objects-normal/x86_64/7187679823f38a2a940e0043cdf9d637-common-args.resp -MMD -MT dependencies -MF /Users/alfredo/Workspace/PTP-Implementation/ptpd/build-cmake/ios-simulator/build/swclock.build/Debug-iphonesimulator/Objects-normal/x86_64/sw_clock_ringbuf.d --serialize-diagnostics /Users/alfredo/Workspace/PTP-Implementation/ptpd/build-cmake/ios-simulator/build/swclock.build/Debug-iphonesimulator/Objects-normal/x86_64/sw_clock_ringbuf.dia -c /Users/alfredo/Workspace/PTP-Implementation/ptpd/libraries/swclock/src/sw_clock/sw_clock_ringbuf.c -o /Users/alfredo/Workspace/PTP-Implementation/ptpd/build-cmake/ios-simulator/build/swclock.build/Debug-iphonesimulator/Objects-normal/x86_64/sw_clock_ringbuf.o -index-unit-output-path /swclock.build/Debug-iphonesimulator/Objects-normal/x86_64/sw_clock_ringbuf.o

CompileC /Users/alfredo/Workspace/PTP-Implementation/ptpd/build-cmake/ios-simulator/build/swclock.build/Debug-iphonesimulator/Objects-normal/x86_64/sw_clock_monitor.o /Users/alfredo/Workspace/PTP-Implementation/ptpd/libraries/swclock/src/sw_clock/sw_clock_monitor.c normal x86_64 c com.apple.compilers.llvm.clang.1_0.compiler (in target 'swclock' from project 'ptpd')
    cd /Users/alfredo/Workspace/PTP-Implementation/ptpd
    
    Using response file: /Users/alfredo/Workspace/PTP-Implementation/ptpd/build-cmake/ios-simulator/build/swclock.build/Debug-iphonesimulator/Objects-normal/x86_64/7187679823f38a2a940e0043cdf9d637-common-args.resp
    
    /Applications/Xcode.app/Contents/Developer/Toolchains/XcodeDefault.xctoolchain/usr/bin/clang -x c -ivfsstatcache /Users/alfredo/Library/Developer/Xcode/DerivedData/SDKStatCaches.noindex/iphonesimulator26.2-23C53-7d00a8b37fbd7999ea79df8ebc024bf0.sdkstatcache -fmessage-length\=0 -fdiagnostics-show-note-include-stack -fmacro-backtrace-limit\=0 -fno-color-diagnostics -Wno-trigraphs -Wno-missing-field-initializers -Wno-missing-prototypes -Wno-return-type -Wno-missing-braces -Wparentheses -Wswitch -Wno-unused-function -Wno-unused-label -Wno-unused-parameter -Wno-unused-variable -Wunused-value -Wno-empty-body -Wno-uninitialized -Wno-unknown-pragmas -Wno-shadow -Wno-four-char-constants -Wno-conversion -Wno-constant-conversion -Wno-int-conversion -Wno-bool-conversion -Wno-enum-conversion -Wno-float-conversion -Wno-non-literal-null-conversion -Wno-objc-literal-conversion -Wshorten-64-to-32 -Wpointer-sign -Wno-newline-eof -Wno-implicit-fallthrough -fstrict-aliasing -Wdeprecated-declarations -Wno-sign-conversion -Wno-infinite-recursion -Wno-comma -Wno-block-capture-autoreleasing -Wno-strict-prototypes -Wno-semicolon-before-method-body -index-store-path /Users/alfredo/Library/Developer/Xcode/DerivedData/ptpd-ckkaoshwswuydmbetxbmgznxlvtr/Index.noindex/DataStore -Wall -Wextra @/Users/alfredo/Workspace/PTP-Implementation/ptpd/build-cmake/ios-simulator/build/swclock.build/Debug-iphonesimulator/Objects-normal/x86_64/7187679823f38a2a940e0043cdf9d637-common-args.resp -MMD -MT dependencies -MF /Users/alfredo/Workspace/PTP-Implementation/ptpd/build-cmake/ios-simulator/build/swclock.build/Debug-iphonesimulator/Objects-normal/x86_64/sw_clock_monitor.d --serialize-diagnostics /Users/alfredo/Workspace/PTP-Implementation/ptpd/build-cmake/ios-simulator/build/swclock.build/Debug-iphonesimulator/Objects-normal/x86_64/sw_clock_monitor.dia -c /Users/alfredo/Workspace/PTP-Implementation/ptpd/libraries/swclock/src/sw_clock/sw_clock_monitor.c -o /Users/alfredo/Workspace/PTP-Implementation/ptpd/build-cmake/ios-simulator/build/swclock.build/Debug-iphonesimulator/Objects-normal/x86_64/sw_clock_monitor.o -index-unit-output-path /swclock.build/Debug-iphonesimulator/Objects-normal/x86_64/sw_clock_monitor.o

CompileC /Users/alfredo/Workspace/PTP-Implementation/ptpd/build-cmake/ios-simulator/build/swclock.build/Debug-iphonesimulator/Objects-normal/x86_64/sw_clock_events.o /Users/alfredo/Workspace/PTP-Implementation/ptpd/libraries/swclock/src/sw_clock/sw_clock_events.c normal x86_64 c com.apple.compilers.llvm.clang.1_0.compiler (in target 'swclock' from project 'ptpd')
    cd /Users/alfredo/Workspace/PTP-Implementation/ptpd
    
    Using response file: /Users/alfredo/Workspace/PTP-Implementation/ptpd/build-cmake/ios-simulator/build/swclock.build/Debug-iphonesimulator/Objects-normal/x86_64/7187679823f38a2a940e0043cdf9d637-common-args.resp
    
    /Applications/Xcode.app/Contents/Developer/Toolchains/XcodeDefault.xctoolchain/usr/bin/clang -x c -ivfsstatcache /Users/alfredo/Library/Developer/Xcode/DerivedData/SDKStatCaches.noindex/iphonesimulator26.2-23C53-7d00a8b37fbd7999ea79df8ebc024bf0.sdkstatcache -fmessage-length\=0 -fdiagnostics-show-note-include-stack -fmacro-backtrace-limit\=0 -fno-color-diagnostics -Wno-trigraphs -Wno-missing-field-initializers -Wno-missing-prototypes -Wno-return-type -Wno-missing-braces -Wparentheses -Wswitch -Wno-unused-function -Wno-unused-label -Wno-unused-parameter -Wno-unused-variable -Wunused-value -Wno-empty-body -Wno-uninitialized -Wno-unknown-pragmas -Wno-shadow -Wno-four-char-constants -Wno-conversion -Wno-constant-conversion -Wno-int-conversion -Wno-bool-conversion -Wno-enum-conversion -Wno-float-conversion -Wno-non-literal-null-conversion -Wno-objc-literal-conversion -Wshorten-64-to-32 -Wpointer-sign -Wno-newline-eof -Wno-implicit-fallthrough -fstrict-aliasing -Wdeprecated-declarations -Wno-sign-conversion -Wno-infinite-recursion -Wno-comma -Wno-block-capture-autoreleasing -Wno-strict-prototypes -Wno-semicolon-before-method-body -index-store-path /Users/alfredo/Library/Developer/Xcode/DerivedData/ptpd-ckkaoshwswuydmbetxbmgznxlvtr/Index.noindex/DataStore -Wall -Wextra @/Users/alfredo/Workspace/PTP-Implementation/ptpd/build-cmake/ios-simulator/build/swclock.build/Debug-iphonesimulator/Objects-normal/x86_64/7187679823f38a2a940e0043cdf9d637-common-args.resp -MMD -MT dependencies -MF /Users/alfredo/Workspace/PTP-Implementation/ptpd/build-cmake/ios-simulator/build/swclock.build/Debug-iphonesimulator/Objects-normal/x86_64/sw_clock_events.d --serialize-diagnostics /Users/alfredo/Workspace/PTP-Implementation/ptpd/build-cmake/ios-simulator/build/swclock.build/Debug-iphonesimulator/Objects-normal/x86_64/sw_clock_events.dia -c /Users/alfredo/Workspace/PTP-Implementation/ptpd/libraries/swclock/src/sw_clock/sw_clock_events.c -o /Users/alfredo/Workspace/PTP-Implementation/ptpd/build-cmake/ios-simulator/build/swclock.build/Debug-iphonesimulator/Objects-normal/x86_64/sw_clock_events.o -index-unit-output-path /swclock.build/Debug-iphonesimulator/Objects-normal/x86_64/sw_clock_events.o

CompileC /Users/alfredo/Workspace/PTP-Implementation/ptpd/build-cmake/ios-simulator/build/swclock.build/Debug-iphonesimulator/Objects-normal/x86_64/sw_clock_commercial_log.o /Users/alfredo/Workspace/PTP-Implementation/ptpd/libraries/swclock/src/sw_clock/sw_clock_commercial_log.c normal x86_64 c com.apple.compilers.llvm.clang.1_0.compiler (in target 'swclock' from project 'ptpd')
    cd /Users/alfredo/Workspace/PTP-Implementation/ptpd
    
    Using response file: /Users/alfredo/Workspace/PTP-Implementation/ptpd/build-cmake/ios-simulator/build/swclock.build/Debug-iphonesimulator/Objects-normal/x86_64/7187679823f38a2a940e0043cdf9d637-common-args.resp
    
    /Applications/Xcode.app/Contents/Developer/Toolchains/XcodeDefault.xctoolchain/usr/bin/clang -x c -ivfsstatcache /Users/alfredo/Library/Developer/Xcode/DerivedData/SDKStatCaches.noindex/iphonesimulator26.2-23C53-7d00a8b37fbd7999ea79df8ebc024bf0.sdkstatcache -fmessage-length\=0 -fdiagnostics-show-note-include-stack -fmacro-backtrace-limit\=0 -fno-color-diagnostics -Wno-trigraphs -Wno-missing-field-initializers -Wno-missing-prototypes -Wno-return-type -Wno-missing-braces -Wparentheses -Wswitch -Wno-unused-function -Wno-unused-label -Wno-unused-parameter -Wno-unused-variable -Wunused-value -Wno-empty-body -Wno-uninitialized -Wno-unknown-pragmas -Wno-shadow -Wno-four-char-constants -Wno-conversion -Wno-constant-conversion -Wno-int-conversion -Wno-bool-conversion -Wno-enum-conversion -Wno-float-conversion -Wno-non-literal-null-conversion -Wno-objc-literal-conversion -Wshorten-64-to-32 -Wpointer-sign -Wno-newline-eof -Wno-implicit-fallthrough -fstrict-aliasing -Wdeprecated-declarations -Wno-sign-conversion -Wno-infinite-recursion -Wno-comma -Wno-block-capture-autoreleasing -Wno-strict-prototypes -Wno-semicolon-before-method-body -index-store-path /Users/alfredo/Library/Developer/Xcode/DerivedData/ptpd-ckkaoshwswuydmbetxbmgznxlvtr/Index.noindex/DataStore -Wall -Wextra @/Users/alfredo/Workspace/PTP-Implementation/ptpd/build-cmake/ios-simulator/build/swclock.build/Debug-iphonesimulator/Objects-normal/x86_64/7187679823f38a2a940e0043cdf9d637-common-args.resp -MMD -MT dependencies -MF /Users/alfredo/Workspace/PTP-Implementation/ptpd/build-cmake/ios-simulator/build/swclock.build/Debug-iphonesimulator/Objects-normal/x86_64/sw_clock_commercial_log.d --serialize-diagnostics /Users/alfredo/Workspace/PTP-Implementation/ptpd/build-cmake/ios-simulator/build/swclock.build/Debug-iphonesimulator/Objects-normal/x86_64/sw_clock_commercial_log.dia -c /Users/alfredo/Workspace/PTP-Implementation/ptpd/libraries/swclock/src/sw_clock/sw_clock_commercial_log.c -o /Users/alfredo/Workspace/PTP-Implementation/ptpd/build-cmake/ios-simulator/build/swclock.build/Debug-iphonesimulator/Objects-normal/x86_64/sw_clock_commercial_log.o -index-unit-output-path /swclock.build/Debug-iphonesimulator/Objects-normal/x86_64/sw_clock_commercial_log.o
/Users/alfredo/Workspace/PTP-Implementation/ptpd/libraries/swclock/src/sw_clock/sw_clock_commercial_log.c:42:15: warning: implicit conversion loses integer precision: 'time_t' (aka 'long') to 'unsigned int' [-Wshorten-64-to-32]
   42 |         srand(time(NULL));
      |         ~~~~~ ^~~~~~~~~~
1 warning generated.

CompileC /Users/alfredo/Workspace/PTP-Implementation/ptpd/build-cmake/ios-simulator/build/swclock.build/Debug-iphonesimulator/Objects-normal/x86_64/sw_clock.o /Users/alfredo/Workspace/PTP-Implementation/ptpd/libraries/swclock/src/sw_clock/sw_clock.c normal x86_64 c com.apple.compilers.llvm.clang.1_0.compiler (in target 'swclock' from project 'ptpd')
    cd /Users/alfredo/Workspace/PTP-Implementation/ptpd
    
    Using response file: /Users/alfredo/Workspace/PTP-Implementation/ptpd/build-cmake/ios-simulator/build/swclock.build/Debug-iphonesimulator/Objects-normal/x86_64/7187679823f38a2a940e0043cdf9d637-common-args.resp
    
    /Applications/Xcode.app/Contents/Developer/Toolchains/XcodeDefault.xctoolchain/usr/bin/clang -x c -ivfsstatcache /Users/alfredo/Library/Developer/Xcode/DerivedData/SDKStatCaches.noindex/iphonesimulator26.2-23C53-7d00a8b37fbd7999ea79df8ebc024bf0.sdkstatcache -fmessage-length\=0 -fdiagnostics-show-note-include-stack -fmacro-backtrace-limit\=0 -fno-color-diagnostics -Wno-trigraphs -Wno-missing-field-initializers -Wno-missing-prototypes -Wno-return-type -Wno-missing-braces -Wparentheses -Wswitch -Wno-unused-function -Wno-unused-label -Wno-unused-parameter -Wno-unused-variable -Wunused-value -Wno-empty-body -Wno-uninitialized -Wno-unknown-pragmas -Wno-shadow -Wno-four-char-constants -Wno-conversion -Wno-constant-conversion -Wno-int-conversion -Wno-bool-conversion -Wno-enum-conversion -Wno-float-conversion -Wno-non-literal-null-conversion -Wno-objc-literal-conversion -Wshorten-64-to-32 -Wpointer-sign -Wno-newline-eof -Wno-implicit-fallthrough -fstrict-aliasing -Wdeprecated-declarations -Wno-sign-conversion -Wno-infinite-recursion -Wno-comma -Wno-block-capture-autoreleasing -Wno-strict-prototypes -Wno-semicolon-before-method-body -index-store-path /Users/alfredo/Library/Developer/Xcode/DerivedData/ptpd-ckkaoshwswuydmbetxbmgznxlvtr/Index.noindex/DataStore -Wall -Wextra @/Users/alfredo/Workspace/PTP-Implementation/ptpd/build-cmake/ios-simulator/build/swclock.build/Debug-iphonesimulator/Objects-normal/x86_64/7187679823f38a2a940e0043cdf9d637-common-args.resp -MMD -MT dependencies -MF /Users/alfredo/Workspace/PTP-Implementation/ptpd/build-cmake/ios-simulator/build/swclock.build/Debug-iphonesimulator/Objects-normal/x86_64/sw_clock.d --serialize-diagnostics /Users/alfredo/Workspace/PTP-Implementation/ptpd/build-cmake/ios-simulator/build/swclock.build/Debug-iphonesimulator/Objects-normal/x86_64/sw_clock.dia -c /Users/alfredo/Workspace/PTP-Implementation/ptpd/libraries/swclock/src/sw_clock/sw_clock.c -o /Users/alfredo/Workspace/PTP-Implementation/ptpd/build-cmake/ios-simulator/build/swclock.build/Debug-iphonesimulator/Objects-normal/x86_64/sw_clock.o -index-unit-output-path /swclock.build/Debug-iphonesimulator/Objects-normal/x86_64/sw_clock.o
/Users/alfredo/Workspace/PTP-Implementation/ptpd/libraries/swclock/src/sw_clock/sw_clock.c:665:24: warning: implicit conversion loses integer precision: 'long' to 'int' [-Wshorten-64-to-32]
  665 |         c->tai = tptr->constant;
      |                ~ ~~~~~~^~~~~~~~
1 warning generated.

CompileC /Users/alfredo/Workspace/PTP-Implementation/ptpd/build-cmake/ios-simulator/build/swclock.build/Debug-iphonesimulator/Objects-normal/arm64/sw_clock_utilities.o /Users/alfredo/Workspace/PTP-Implementation/ptpd/libraries/swclock/src/sw_clock/sw_clock_utilities.c normal arm64 c com.apple.compilers.llvm.clang.1_0.compiler (in target 'swclock' from project 'ptpd')
    cd /Users/alfredo/Workspace/PTP-Implementation/ptpd
    
    Using response file: /Users/alfredo/Workspace/PTP-Implementation/ptpd/build-cmake/ios-simulator/build/swclock.build/Debug-iphonesimulator/Objects-normal/arm64/7187679823f38a2a940e0043cdf9d637-common-args.resp
    
    /Applications/Xcode.app/Contents/Developer/Toolchains/XcodeDefault.xctoolchain/usr/bin/clang -x c -ivfsstatcache /Users/alfredo/Library/Developer/Xcode/DerivedData/SDKStatCaches.noindex/iphonesimulator26.2-23C53-7d00a8b37fbd7999ea79df8ebc024bf0.sdkstatcache -fmessage-length\=0 -fdiagnostics-show-note-include-stack -fmacro-backtrace-limit\=0 -fno-color-diagnostics -Wno-trigraphs -Wno-missing-field-initializers -Wno-missing-prototypes -Wno-return-type -Wno-missing-braces -Wparentheses -Wswitch -Wno-unused-function -Wno-unused-label -Wno-unused-parameter -Wno-unused-variable -Wunused-value -Wno-empty-body -Wno-uninitialized -Wno-unknown-pragmas -Wno-shadow -Wno-four-char-constants -Wno-conversion -Wno-constant-conversion -Wno-int-conversion -Wno-bool-conversion -Wno-enum-conversion -Wno-float-conversion -Wno-non-literal-null-conversion -Wno-objc-literal-conversion -Wshorten-64-to-32 -Wpointer-sign -Wno-newline-eof -Wno-implicit-fallthrough -fstrict-aliasing -Wdeprecated-declarations -Wno-sign-conversion -Wno-infinite-recursion -Wno-comma -Wno-block-capture-autoreleasing -Wno-strict-prototypes -Wno-semicolon-before-method-body -index-store-path /Users/alfredo/Library/Developer/Xcode/DerivedData/ptpd-ckkaoshwswuydmbetxbmgznxlvtr/Index.noindex/DataStore -Wall -Wextra @/Users/alfredo/Workspace/PTP-Implementation/ptpd/build-cmake/ios-simulator/build/swclock.build/Debug-iphonesimulator/Objects-normal/arm64/7187679823f38a2a940e0043cdf9d637-common-args.resp -MMD -MT dependencies -MF /Users/alfredo/Workspace/PTP-Implementation/ptpd/build-cmake/ios-simulator/build/swclock.build/Debug-iphonesimulator/Objects-normal/arm64/sw_clock_utilities.d --serialize-diagnostics /Users/alfredo/Workspace/PTP-Implementation/ptpd/build-cmake/ios-simulator/build/swclock.build/Debug-iphonesimulator/Objects-normal/arm64/sw_clock_utilities.dia -c /Users/alfredo/Workspace/PTP-Implementation/ptpd/libraries/swclock/src/sw_clock/sw_clock_utilities.c -o /Users/alfredo/Workspace/PTP-Implementation/ptpd/build-cmake/ios-simulator/build/swclock.build/Debug-iphonesimulator/Objects-normal/arm64/sw_clock_utilities.o -index-unit-output-path /swclock.build/Debug-iphonesimulator/Objects-normal/arm64/sw_clock_utilities.o

CompileC /Users/alfredo/Workspace/PTP-Implementation/ptpd/build-cmake/ios-simulator/build/swclock.build/Debug-iphonesimulator/Objects-normal/arm64/sw_clock_structured_log.o /Users/alfredo/Workspace/PTP-Implementation/ptpd/libraries/swclock/src/sw_clock/sw_clock_structured_log.c normal arm64 c com.apple.compilers.llvm.clang.1_0.compiler (in target 'swclock' from project 'ptpd')
    cd /Users/alfredo/Workspace/PTP-Implementation/ptpd
    
    Using response file: /Users/alfredo/Workspace/PTP-Implementation/ptpd/build-cmake/ios-simulator/build/swclock.build/Debug-iphonesimulator/Objects-normal/arm64/7187679823f38a2a940e0043cdf9d637-common-args.resp
    
    /Applications/Xcode.app/Contents/Developer/Toolchains/XcodeDefault.xctoolchain/usr/bin/clang -x c -ivfsstatcache /Users/alfredo/Library/Developer/Xcode/DerivedData/SDKStatCaches.noindex/iphonesimulator26.2-23C53-7d00a8b37fbd7999ea79df8ebc024bf0.sdkstatcache -fmessage-length\=0 -fdiagnostics-show-note-include-stack -fmacro-backtrace-limit\=0 -fno-color-diagnostics -Wno-trigraphs -Wno-missing-field-initializers -Wno-missing-prototypes -Wno-return-type -Wno-missing-braces -Wparentheses -Wswitch -Wno-unused-function -Wno-unused-label -Wno-unused-parameter -Wno-unused-variable -Wunused-value -Wno-empty-body -Wno-uninitialized -Wno-unknown-pragmas -Wno-shadow -Wno-four-char-constants -Wno-conversion -Wno-constant-conversion -Wno-int-conversion -Wno-bool-conversion -Wno-enum-conversion -Wno-float-conversion -Wno-non-literal-null-conversion -Wno-objc-literal-conversion -Wshorten-64-to-32 -Wpointer-sign -Wno-newline-eof -Wno-implicit-fallthrough -fstrict-aliasing -Wdeprecated-declarations -Wno-sign-conversion -Wno-infinite-recursion -Wno-comma -Wno-block-capture-autoreleasing -Wno-strict-prototypes -Wno-semicolon-before-method-body -index-store-path /Users/alfredo/Library/Developer/Xcode/DerivedData/ptpd-ckkaoshwswuydmbetxbmgznxlvtr/Index.noindex/DataStore -Wall -Wextra @/Users/alfredo/Workspace/PTP-Implementation/ptpd/build-cmake/ios-simulator/build/swclock.build/Debug-iphonesimulator/Objects-normal/arm64/7187679823f38a2a940e0043cdf9d637-common-args.resp -MMD -MT dependencies -MF /Users/alfredo/Workspace/PTP-Implementation/ptpd/build-cmake/ios-simulator/build/swclock.build/Debug-iphonesimulator/Objects-normal/arm64/sw_clock_structured_log.d --serialize-diagnostics /Users/alfredo/Workspace/PTP-Implementation/ptpd/build-cmake/ios-simulator/build/swclock.build/Debug-iphonesimulator/Objects-normal/arm64/sw_clock_structured_log.dia -c /Users/alfredo/Workspace/PTP-Implementation/ptpd/libraries/swclock/src/sw_clock/sw_clock_structured_log.c -o /Users/alfredo/Workspace/PTP-Implementation/ptpd/build-cmake/ios-simulator/build/swclock.build/Debug-iphonesimulator/Objects-normal/arm64/sw_clock_structured_log.o -index-unit-output-path /swclock.build/Debug-iphonesimulator/Objects-normal/arm64/sw_clock_structured_log.o
/Users/alfredo/Workspace/PTP-Implementation/ptpd/libraries/swclock/src/sw_clock/sw_clock_structured_log.c:57:22: warning: implicit conversion loses integer precision: 'time_t' (aka 'long') to 'unsigned int' [-Wshorten-64-to-32]
   57 |     srand(time(NULL) ^ getpid());
      |     ~~~~~ ~~~~~~~~~~~^~~~~~~~~~
1 warning generated.

CompileC /Users/alfredo/Workspace/PTP-Implementation/ptpd/build-cmake/ios-simulator/build/swclock.build/Debug-iphonesimulator/Objects-normal/arm64/sw_clock_ringbuf.o /Users/alfredo/Workspace/PTP-Implementation/ptpd/libraries/swclock/src/sw_clock/sw_clock_ringbuf.c normal arm64 c com.apple.compilers.llvm.clang.1_0.compiler (in target 'swclock' from project 'ptpd')
    cd /Users/alfredo/Workspace/PTP-Implementation/ptpd
    
    Using response file: /Users/alfredo/Workspace/PTP-Implementation/ptpd/build-cmake/ios-simulator/build/swclock.build/Debug-iphonesimulator/Objects-normal/arm64/7187679823f38a2a940e0043cdf9d637-common-args.resp
    
    /Applications/Xcode.app/Contents/Developer/Toolchains/XcodeDefault.xctoolchain/usr/bin/clang -x c -ivfsstatcache /Users/alfredo/Library/Developer/Xcode/DerivedData/SDKStatCaches.noindex/iphonesimulator26.2-23C53-7d00a8b37fbd7999ea79df8ebc024bf0.sdkstatcache -fmessage-length\=0 -fdiagnostics-show-note-include-stack -fmacro-backtrace-limit\=0 -fno-color-diagnostics -Wno-trigraphs -Wno-missing-field-initializers -Wno-missing-prototypes -Wno-return-type -Wno-missing-braces -Wparentheses -Wswitch -Wno-unused-function -Wno-unused-label -Wno-unused-parameter -Wno-unused-variable -Wunused-value -Wno-empty-body -Wno-uninitialized -Wno-unknown-pragmas -Wno-shadow -Wno-four-char-constants -Wno-conversion -Wno-constant-conversion -Wno-int-conversion -Wno-bool-conversion -Wno-enum-conversion -Wno-float-conversion -Wno-non-literal-null-conversion -Wno-objc-literal-conversion -Wshorten-64-to-32 -Wpointer-sign -Wno-newline-eof -Wno-implicit-fallthrough -fstrict-aliasing -Wdeprecated-declarations -Wno-sign-conversion -Wno-infinite-recursion -Wno-comma -Wno-block-capture-autoreleasing -Wno-strict-prototypes -Wno-semicolon-before-method-body -index-store-path /Users/alfredo/Library/Developer/Xcode/DerivedData/ptpd-ckkaoshwswuydmbetxbmgznxlvtr/Index.noindex/DataStore -Wall -Wextra @/Users/alfredo/Workspace/PTP-Implementation/ptpd/build-cmake/ios-simulator/build/swclock.build/Debug-iphonesimulator/Objects-normal/arm64/7187679823f38a2a940e0043cdf9d637-common-args.resp -MMD -MT dependencies -MF /Users/alfredo/Workspace/PTP-Implementation/ptpd/build-cmake/ios-simulator/build/swclock.build/Debug-iphonesimulator/Objects-normal/arm64/sw_clock_ringbuf.d --serialize-diagnostics /Users/alfredo/Workspace/PTP-Implementation/ptpd/build-cmake/ios-simulator/build/swclock.build/Debug-iphonesimulator/Objects-normal/arm64/sw_clock_ringbuf.dia -c /Users/alfredo/Workspace/PTP-Implementation/ptpd/libraries/swclock/src/sw_clock/sw_clock_ringbuf.c -o /Users/alfredo/Workspace/PTP-Implementation/ptpd/build-cmake/ios-simulator/build/swclock.build/Debug-iphonesimulator/Objects-normal/arm64/sw_clock_ringbuf.o -index-unit-output-path /swclock.build/Debug-iphonesimulator/Objects-normal/arm64/sw_clock_ringbuf.o

CompileC /Users/alfredo/Workspace/PTP-Implementation/ptpd/build-cmake/ios-simulator/build/swclock.build/Debug-iphonesimulator/Objects-normal/arm64/sw_clock_monitor.o /Users/alfredo/Workspace/PTP-Implementation/ptpd/libraries/swclock/src/sw_clock/sw_clock_monitor.c normal arm64 c com.apple.compilers.llvm.clang.1_0.compiler (in target 'swclock' from project 'ptpd')
    cd /Users/alfredo/Workspace/PTP-Implementation/ptpd
    
    Using response file: /Users/alfredo/Workspace/PTP-Implementation/ptpd/build-cmake/ios-simulator/build/swclock.build/Debug-iphonesimulator/Objects-normal/arm64/7187679823f38a2a940e0043cdf9d637-common-args.resp
    
    /Applications/Xcode.app/Contents/Developer/Toolchains/XcodeDefault.xctoolchain/usr/bin/clang -x c -ivfsstatcache /Users/alfredo/Library/Developer/Xcode/DerivedData/SDKStatCaches.noindex/iphonesimulator26.2-23C53-7d00a8b37fbd7999ea79df8ebc024bf0.sdkstatcache -fmessage-length\=0 -fdiagnostics-show-note-include-stack -fmacro-backtrace-limit\=0 -fno-color-diagnostics -Wno-trigraphs -Wno-missing-field-initializers -Wno-missing-prototypes -Wno-return-type -Wno-missing-braces -Wparentheses -Wswitch -Wno-unused-function -Wno-unused-label -Wno-unused-parameter -Wno-unused-variable -Wunused-value -Wno-empty-body -Wno-uninitialized -Wno-unknown-pragmas -Wno-shadow -Wno-four-char-constants -Wno-conversion -Wno-constant-conversion -Wno-int-conversion -Wno-bool-conversion -Wno-enum-conversion -Wno-float-conversion -Wno-non-literal-null-conversion -Wno-objc-literal-conversion -Wshorten-64-to-32 -Wpointer-sign -Wno-newline-eof -Wno-implicit-fallthrough -fstrict-aliasing -Wdeprecated-declarations -Wno-sign-conversion -Wno-infinite-recursion -Wno-comma -Wno-block-capture-autoreleasing -Wno-strict-prototypes -Wno-semicolon-before-method-body -index-store-path /Users/alfredo/Library/Developer/Xcode/DerivedData/ptpd-ckkaoshwswuydmbetxbmgznxlvtr/Index.noindex/DataStore -Wall -Wextra @/Users/alfredo/Workspace/PTP-Implementation/ptpd/build-cmake/ios-simulator/build/swclock.build/Debug-iphonesimulator/Objects-normal/arm64/7187679823f38a2a940e0043cdf9d637-common-args.resp -MMD -MT dependencies -MF /Users/alfredo/Workspace/PTP-Implementation/ptpd/build-cmake/ios-simulator/build/swclock.build/Debug-iphonesimulator/Objects-normal/arm64/sw_clock_monitor.d --serialize-diagnostics /Users/alfredo/Workspace/PTP-Implementation/ptpd/build-cmake/ios-simulator/build/swclock.build/Debug-iphonesimulator/Objects-normal/arm64/sw_clock_monitor.dia -c /Users/alfredo/Workspace/PTP-Implementation/ptpd/libraries/swclock/src/sw_clock/sw_clock_monitor.c -o /Users/alfredo/Workspace/PTP-Implementation/ptpd/build-cmake/ios-simulator/build/swclock.build/Debug-iphonesimulator/Objects-normal/arm64/sw_clock_monitor.o -index-unit-output-path /swclock.build/Debug-iphonesimulator/Objects-normal/arm64/sw_clock_monitor.o

CompileC /Users/alfredo/Workspace/PTP-Implementation/ptpd/build-cmake/ios-simulator/build/swclock.build/Debug-iphonesimulator/Objects-normal/arm64/sw_clock_events.o /Users/alfredo/Workspace/PTP-Implementation/ptpd/libraries/swclock/src/sw_clock/sw_clock_events.c normal arm64 c com.apple.compilers.llvm.clang.1_0.compiler (in target 'swclock' from project 'ptpd')
    cd /Users/alfredo/Workspace/PTP-Implementation/ptpd
    
    Using response file: /Users/alfredo/Workspace/PTP-Implementation/ptpd/build-cmake/ios-simulator/build/swclock.build/Debug-iphonesimulator/Objects-normal/arm64/7187679823f38a2a940e0043cdf9d637-common-args.resp
    
    /Applications/Xcode.app/Contents/Developer/Toolchains/XcodeDefault.xctoolchain/usr/bin/clang -x c -ivfsstatcache /Users/alfredo/Library/Developer/Xcode/DerivedData/SDKStatCaches.noindex/iphonesimulator26.2-23C53-7d00a8b37fbd7999ea79df8ebc024bf0.sdkstatcache -fmessage-length\=0 -fdiagnostics-show-note-include-stack -fmacro-backtrace-limit\=0 -fno-color-diagnostics -Wno-trigraphs -Wno-missing-field-initializers -Wno-missing-prototypes -Wno-return-type -Wno-missing-braces -Wparentheses -Wswitch -Wno-unused-function -Wno-unused-label -Wno-unused-parameter -Wno-unused-variable -Wunused-value -Wno-empty-body -Wno-uninitialized -Wno-unknown-pragmas -Wno-shadow -Wno-four-char-constants -Wno-conversion -Wno-constant-conversion -Wno-int-conversion -Wno-bool-conversion -Wno-enum-conversion -Wno-float-conversion -Wno-non-literal-null-conversion -Wno-objc-literal-conversion -Wshorten-64-to-32 -Wpointer-sign -Wno-newline-eof -Wno-implicit-fallthrough -fstrict-aliasing -Wdeprecated-declarations -Wno-sign-conversion -Wno-infinite-recursion -Wno-comma -Wno-block-capture-autoreleasing -Wno-strict-prototypes -Wno-semicolon-before-method-body -index-store-path /Users/alfredo/Library/Developer/Xcode/DerivedData/ptpd-ckkaoshwswuydmbetxbmgznxlvtr/Index.noindex/DataStore -Wall -Wextra @/Users/alfredo/Workspace/PTP-Implementation/ptpd/build-cmake/ios-simulator/build/swclock.build/Debug-iphonesimulator/Objects-normal/arm64/7187679823f38a2a940e0043cdf9d637-common-args.resp -MMD -MT dependencies -MF /Users/alfredo/Workspace/PTP-Implementation/ptpd/build-cmake/ios-simulator/build/swclock.build/Debug-iphonesimulator/Objects-normal/arm64/sw_clock_events.d --serialize-diagnostics /Users/alfredo/Workspace/PTP-Implementation/ptpd/build-cmake/ios-simulator/build/swclock.build/Debug-iphonesimulator/Objects-normal/arm64/sw_clock_events.dia -c /Users/alfredo/Workspace/PTP-Implementation/ptpd/libraries/swclock/src/sw_clock/sw_clock_events.c -o /Users/alfredo/Workspace/PTP-Implementation/ptpd/build-cmake/ios-simulator/build/swclock.build/Debug-iphonesimulator/Objects-normal/arm64/sw_clock_events.o -index-unit-output-path /swclock.build/Debug-iphonesimulator/Objects-normal/arm64/sw_clock_events.o

CompileC /Users/alfredo/Workspace/PTP-Implementation/ptpd/build-cmake/ios-simulator/build/swclock.build/Debug-iphonesimulator/Objects-normal/arm64/sw_clock_commercial_log.o /Users/alfredo/Workspace/PTP-Implementation/ptpd/libraries/swclock/src/sw_clock/sw_clock_commercial_log.c normal arm64 c com.apple.compilers.llvm.clang.1_0.compiler (in target 'swclock' from project 'ptpd')
    cd /Users/alfredo/Workspace/PTP-Implementation/ptpd
    
    Using response file: /Users/alfredo/Workspace/PTP-Implementation/ptpd/build-cmake/ios-simulator/build/swclock.build/Debug-iphonesimulator/Objects-normal/arm64/7187679823f38a2a940e0043cdf9d637-common-args.resp
    
    /Applications/Xcode.app/Contents/Developer/Toolchains/XcodeDefault.xctoolchain/usr/bin/clang -x c -ivfsstatcache /Users/alfredo/Library/Developer/Xcode/DerivedData/SDKStatCaches.noindex/iphonesimulator26.2-23C53-7d00a8b37fbd7999ea79df8ebc024bf0.sdkstatcache -fmessage-length\=0 -fdiagnostics-show-note-include-stack -fmacro-backtrace-limit\=0 -fno-color-diagnostics -Wno-trigraphs -Wno-missing-field-initializers -Wno-missing-prototypes -Wno-return-type -Wno-missing-braces -Wparentheses -Wswitch -Wno-unused-function -Wno-unused-label -Wno-unused-parameter -Wno-unused-variable -Wunused-value -Wno-empty-body -Wno-uninitialized -Wno-unknown-pragmas -Wno-shadow -Wno-four-char-constants -Wno-conversion -Wno-constant-conversion -Wno-int-conversion -Wno-bool-conversion -Wno-enum-conversion -Wno-float-conversion -Wno-non-literal-null-conversion -Wno-objc-literal-conversion -Wshorten-64-to-32 -Wpointer-sign -Wno-newline-eof -Wno-implicit-fallthrough -fstrict-aliasing -Wdeprecated-declarations -Wno-sign-conversion -Wno-infinite-recursion -Wno-comma -Wno-block-capture-autoreleasing -Wno-strict-prototypes -Wno-semicolon-before-method-body -index-store-path /Users/alfredo/Library/Developer/Xcode/DerivedData/ptpd-ckkaoshwswuydmbetxbmgznxlvtr/Index.noindex/DataStore -Wall -Wextra @/Users/alfredo/Workspace/PTP-Implementation/ptpd/build-cmake/ios-simulator/build/swclock.build/Debug-iphonesimulator/Objects-normal/arm64/7187679823f38a2a940e0043cdf9d637-common-args.resp -MMD -MT dependencies -MF /Users/alfredo/Workspace/PTP-Implementation/ptpd/build-cmake/ios-simulator/build/swclock.build/Debug-iphonesimulator/Objects-normal/arm64/sw_clock_commercial_log.d --serialize-diagnostics /Users/alfredo/Workspace/PTP-Implementation/ptpd/build-cmake/ios-simulator/build/swclock.build/Debug-iphonesimulator/Objects-normal/arm64/sw_clock_commercial_log.dia -c /Users/alfredo/Workspace/PTP-Implementation/ptpd/libraries/swclock/src/sw_clock/sw_clock_commercial_log.c -o /Users/alfredo/Workspace/PTP-Implementation/ptpd/build-cmake/ios-simulator/build/swclock.build/Debug-iphonesimulator/Objects-normal/arm64/sw_clock_commercial_log.o -index-unit-output-path /swclock.build/Debug-iphonesimulator/Objects-normal/arm64/sw_clock_commercial_log.o
/Users/alfredo/Workspace/PTP-Implementation/ptpd/libraries/swclock/src/sw_clock/sw_clock_commercial_log.c:42:15: warning: implicit conversion loses integer precision: 'time_t' (aka 'long') to 'unsigned int' [-Wshorten-64-to-32]
   42 |         srand(time(NULL));
      |         ~~~~~ ^~~~~~~~~~
1 warning generated.

CompileC /Users/alfredo/Workspace/PTP-Implementation/ptpd/build-cmake/ios-simulator/build/swclock.build/Debug-iphonesimulator/Objects-normal/arm64/sw_clock.o /Users/alfredo/Workspace/PTP-Implementation/ptpd/libraries/swclock/src/sw_clock/sw_clock.c normal arm64 c com.apple.compilers.llvm.clang.1_0.compiler (in target 'swclock' from project 'ptpd')
    cd /Users/alfredo/Workspace/PTP-Implementation/ptpd
    
    Using response file: /Users/alfredo/Workspace/PTP-Implementation/ptpd/build-cmake/ios-simulator/build/swclock.build/Debug-iphonesimulator/Objects-normal/arm64/7187679823f38a2a940e0043cdf9d637-common-args.resp
    
    /Applications/Xcode.app/Contents/Developer/Toolchains/XcodeDefault.xctoolchain/usr/bin/clang -x c -ivfsstatcache /Users/alfredo/Library/Developer/Xcode/DerivedData/SDKStatCaches.noindex/iphonesimulator26.2-23C53-7d00a8b37fbd7999ea79df8ebc024bf0.sdkstatcache -fmessage-length\=0 -fdiagnostics-show-note-include-stack -fmacro-backtrace-limit\=0 -fno-color-diagnostics -Wno-trigraphs -Wno-missing-field-initializers -Wno-missing-prototypes -Wno-return-type -Wno-missing-braces -Wparentheses -Wswitch -Wno-unused-function -Wno-unused-label -Wno-unused-parameter -Wno-unused-variable -Wunused-value -Wno-empty-body -Wno-uninitialized -Wno-unknown-pragmas -Wno-shadow -Wno-four-char-constants -Wno-conversion -Wno-constant-conversion -Wno-int-conversion -Wno-bool-conversion -Wno-enum-conversion -Wno-float-conversion -Wno-non-literal-null-conversion -Wno-objc-literal-conversion -Wshorten-64-to-32 -Wpointer-sign -Wno-newline-eof -Wno-implicit-fallthrough -fstrict-aliasing -Wdeprecated-declarations -Wno-sign-conversion -Wno-infinite-recursion -Wno-comma -Wno-block-capture-autoreleasing -Wno-strict-prototypes -Wno-semicolon-before-method-body -index-store-path /Users/alfredo/Library/Developer/Xcode/DerivedData/ptpd-ckkaoshwswuydmbetxbmgznxlvtr/Index.noindex/DataStore -Wall -Wextra @/Users/alfredo/Workspace/PTP-Implementation/ptpd/build-cmake/ios-simulator/build/swclock.build/Debug-iphonesimulator/Objects-normal/arm64/7187679823f38a2a940e0043cdf9d637-common-args.resp -MMD -MT dependencies -MF /Users/alfredo/Workspace/PTP-Implementation/ptpd/build-cmake/ios-simulator/build/swclock.build/Debug-iphonesimulator/Objects-normal/arm64/sw_clock.d --serialize-diagnostics /Users/alfredo/Workspace/PTP-Implementation/ptpd/build-cmake/ios-simulator/build/swclock.build/Debug-iphonesimulator/Objects-normal/arm64/sw_clock.dia -c /Users/alfredo/Workspace/PTP-Implementation/ptpd/libraries/swclock/src/sw_clock/sw_clock.c -o /Users/alfredo/Workspace/PTP-Implementation/ptpd/build-cmake/ios-simulator/build/swclock.build/Debug-iphonesimulator/Objects-normal/arm64/sw_clock.o -index-unit-output-path /swclock.build/Debug-iphonesimulator/Objects-normal/arm64/sw_clock.o
/Users/alfredo/Workspace/PTP-Implementation/ptpd/libraries/swclock/src/sw_clock/sw_clock.c:665:24: warning: implicit conversion loses integer precision: 'long' to 'int' [-Wshorten-64-to-32]
  665 |         c->tai = tptr->constant;
      |                ~ ~~~~~~^~~~~~~~
1 warning generated.

Libtool /Users/alfredo/Workspace/PTP-Implementation/ptpd/build-cmake/ios-simulator/build/swclock.build/Debug-iphonesimulator/Objects-normal/x86_64/Binary/libswclock.a normal x86_64 (in target 'swclock' from project 'ptpd')
    cd /Users/alfredo/Workspace/PTP-Implementation/ptpd
    /Applications/Xcode.app/Contents/Developer/Toolchains/XcodeDefault.xctoolchain/usr/bin/libtool -static -arch_only x86_64 -D -syslibroot /Applications/Xcode.app/Contents/Developer/Platforms/iPhoneSimulator.platform/Developer/SDKs/iPhoneSimulator26.2.sdk -L/Users/alfredo/Workspace/PTP-Implementation/ptpd/build-cmake/ios-simulator/libraries/swclock/Debug-iphonesimulator -filelist /Users/alfredo/Workspace/PTP-Implementation/ptpd/build-cmake/ios-simulator/build/swclock.build/Debug-iphonesimulator/Objects-normal/x86_64/swclock.LinkFileList -dependency_info /Users/alfredo/Workspace/PTP-Implementation/ptpd/build-cmake/ios-simulator/build/swclock.build/Debug-iphonesimulator/Objects-normal/x86_64/swclock_libtool_dependency_info.dat -o /Users/alfredo/Workspace/PTP-Implementation/ptpd/build-cmake/ios-simulator/build/swclock.build/Debug-iphonesimulator/Objects-normal/x86_64/Binary/libswclock.a

Libtool /Users/alfredo/Workspace/PTP-Implementation/ptpd/build-cmake/ios-simulator/build/swclock.build/Debug-iphonesimulator/Objects-normal/arm64/Binary/libswclock.a normal arm64 (in target 'swclock' from project 'ptpd')
    cd /Users/alfredo/Workspace/PTP-Implementation/ptpd
    /Applications/Xcode.app/Contents/Developer/Toolchains/XcodeDefault.xctoolchain/usr/bin/libtool -static -arch_only arm64 -D -syslibroot /Applications/Xcode.app/Contents/Developer/Platforms/iPhoneSimulator.platform/Developer/SDKs/iPhoneSimulator26.2.sdk -L/Users/alfredo/Workspace/PTP-Implementation/ptpd/build-cmake/ios-simulator/libraries/swclock/Debug-iphonesimulator -filelist /Users/alfredo/Workspace/PTP-Implementation/ptpd/build-cmake/ios-simulator/build/swclock.build/Debug-iphonesimulator/Objects-normal/arm64/swclock.LinkFileList -dependency_info /Users/alfredo/Workspace/PTP-Implementation/ptpd/build-cmake/ios-simulator/build/swclock.build/Debug-iphonesimulator/Objects-normal/arm64/swclock_libtool_dependency_info.dat -o /Users/alfredo/Workspace/PTP-Implementation/ptpd/build-cmake/ios-simulator/build/swclock.build/Debug-iphonesimulator/Objects-normal/arm64/Binary/libswclock.a

ProcessProductPackaging "" /Users/alfredo/Workspace/PTP-Implementation/ptpd/build-cmake/ios-simulator/build/ptpd2.build/Debug-iphonesimulator/ptpd2.app-Simulated.xcent (in target 'ptpd2' from project 'ptpd')
    cd /Users/alfredo/Workspace/PTP-Implementation/ptpd
    
    Entitlements:
    
    {
    "application-identifier" = "FAKETEAMID.";
}
    
    builtin-productPackagingUtility -entitlements -format xml -o /Users/alfredo/Workspace/PTP-Implementation/ptpd/build-cmake/ios-simulator/build/ptpd2.build/Debug-iphonesimulator/ptpd2.app-Simulated.xcent

ProcessProductPackagingDER /Users/alfredo/Workspace/PTP-Implementation/ptpd/build-cmake/ios-simulator/build/ptpd2.build/Debug-iphonesimulator/ptpd2.app-Simulated.xcent /Users/alfredo/Workspace/PTP-Implementation/ptpd/build-cmake/ios-simulator/build/ptpd2.build/Debug-iphonesimulator/ptpd2.app-Simulated.xcent.der (in target 'ptpd2' from project 'ptpd')
    cd /Users/alfredo/Workspace/PTP-Implementation/ptpd
    /usr/bin/derq query -f xml -i /Users/alfredo/Workspace/PTP-Implementation/ptpd/build-cmake/ios-simulator/build/ptpd2.build/Debug-iphonesimulator/ptpd2.app-Simulated.xcent -o /Users/alfredo/Workspace/PTP-Implementation/ptpd/build-cmake/ios-simulator/build/ptpd2.build/Debug-iphonesimulator/ptpd2.app-Simulated.xcent.der --raw

CreateUniversalBinary /Users/alfredo/Workspace/PTP-Implementation/ptpd/build-cmake/ios-simulator/libraries/swclock/Debug-iphonesimulator/libswclock.a normal x86_64\ arm64 (in target 'swclock' from project 'ptpd')
    cd /Users/alfredo/Workspace/PTP-Implementation/ptpd
    /Applications/Xcode.app/Contents/Developer/Toolchains/XcodeDefault.xctoolchain/usr/bin/lipo -create /Users/alfredo/Workspace/PTP-Implementation/ptpd/build-cmake/ios-simulator/build/swclock.build/Debug-iphonesimulator/Objects-normal/x86_64/Binary/libswclock.a /Users/alfredo/Workspace/PTP-Implementation/ptpd/build-cmake/ios-simulator/build/swclock.build/Debug-iphonesimulator/Objects-normal/arm64/Binary/libswclock.a -output /Users/alfredo/Workspace/PTP-Implementation/ptpd/build-cmake/ios-simulator/libraries/swclock/Debug-iphonesimulator/libswclock.a

CompileC /Users/alfredo/Workspace/PTP-Implementation/ptpd/build-cmake/ios-simulator/build/ptpd2.build/Debug-iphonesimulator/Objects-normal/x86_64/timingdomain.o /Users/alfredo/Workspace/PTP-Implementation/ptpd/src/timingdomain.c normal x86_64 c com.apple.compilers.llvm.clang.1_0.compiler (in target 'ptpd2' from project 'ptpd')
    cd /Users/alfredo/Workspace/PTP-Implementation/ptpd
    
    Using response file: /Users/alfredo/Workspace/PTP-Implementation/ptpd/build-cmake/ios-simulator/build/ptpd2.build/Debug-iphonesimulator/Objects-normal/x86_64/7187679823f38a2a940e0043cdf9d637-common-args.resp
    
    /Applications/Xcode.app/Contents/Developer/Toolchains/XcodeDefault.xctoolchain/usr/bin/clang -x c -ivfsstatcache /Users/alfredo/Library/Developer/Xcode/DerivedData/SDKStatCaches.noindex/iphonesimulator26.2-23C53-7d00a8b37fbd7999ea79df8ebc024bf0.sdkstatcache -fmessage-length\=0 -fdiagnostics-show-note-include-stack -fmacro-backtrace-limit\=0 -fno-color-diagnostics -Wno-trigraphs -Wno-missing-field-initializers -Wno-missing-prototypes -Wno-return-type -Wno-missing-braces -Wparentheses -Wswitch -Wno-unused-function -Wno-unused-label -Wno-unused-parameter -Wno-unused-variable -Wunused-value -Wno-empty-body -Wno-uninitialized -Wno-unknown-pragmas -Wno-shadow -Wno-four-char-constants -Wno-conversion -Wno-constant-conversion -Wno-int-conversion -Wno-bool-conversion -Wno-enum-conversion -Wno-float-conversion -Wno-non-literal-null-conversion -Wno-objc-literal-conversion -Wshorten-64-to-32 -Wpointer-sign -Wno-newline-eof -Wno-implicit-fallthrough -fstrict-aliasing -Wdeprecated-declarations -Wno-sign-conversion -Wno-infinite-recursion -Wno-comma -Wno-block-capture-autoreleasing -Wno-strict-prototypes -Wno-semicolon-before-method-body -index-store-path /Users/alfredo/Library/Developer/Xcode/DerivedData/ptpd-ckkaoshwswuydmbetxbmgznxlvtr/Index.noindex/DataStore -Wall @/Users/alfredo/Workspace/PTP-Implementation/ptpd/build-cmake/ios-simulator/build/ptpd2.build/Debug-iphonesimulator/Objects-normal/x86_64/7187679823f38a2a940e0043cdf9d637-common-args.resp -MMD -MT dependencies -MF /Users/alfredo/Workspace/PTP-Implementation/ptpd/build-cmake/ios-simulator/build/ptpd2.build/Debug-iphonesimulator/Objects-normal/x86_64/timingdomain.d --serialize-diagnostics /Users/alfredo/Workspace/PTP-Implementation/ptpd/build-cmake/ios-simulator/build/ptpd2.build/Debug-iphonesimulator/Objects-normal/x86_64/timingdomain.dia -c /Users/alfredo/Workspace/PTP-Implementation/ptpd/src/timingdomain.c -o /Users/alfredo/Workspace/PTP-Implementation/ptpd/build-cmake/ios-simulator/build/ptpd2.build/Debug-iphonesimulator/Objects-normal/x86_64/timingdomain.o -index-unit-output-path /ptpd2.build/Debug-iphonesimulator/Objects-normal/x86_64/timingdomain.o
In file included from /Users/alfredo/Workspace/PTP-Implementation/ptpd/src/timingdomain.c:6:
In file included from /Users/alfredo/Workspace/PTP-Implementation/ptpd/src/ptpd.h:162:
/Users/alfredo/Workspace/PTP-Implementation/ptpd/src/dep/constants_dep.h:149:9: warning: 'UNICAST_MAX_DESTINATIONS' macro redefined [-Wmacro-redefined]
  149 | #define UNICAST_MAX_DESTINATIONS 16
      |         ^
In file included from /Users/alfredo/Workspace/PTP-Implementation/ptpd/src/timingdomain.c:6:
In file included from /Users/alfredo/Workspace/PTP-Implementation/ptpd/src/ptpd.h:22:
/Users/alfredo/Workspace/PTP-Implementation/ptpd/build-cmake/ios-simulator/config.h:243:9: note: previous definition is here
  243 | #define UNICAST_MAX_DESTINATIONS 128
      |         ^
/Users/alfredo/Workspace/PTP-Implementation/ptpd/src/timingdomain.c:303:69: warning: implicit conversion loses integer precision: 'uint64_t' (aka 'unsigned long long') to 'uint32_t' (aka 'unsigned int') [-Wshorten-64-to-32]
  303 |         ptpClock->counters.messageSendRate = ptpClock->netPath.sentPackets / service->updateInterval;
      |                                            ~ ~~~~~~~~~~~~~~~~~~~~~~~~~~~~~~^~~~~~~~~~~~~~~~~~~~~~~~~
/Users/alfredo/Workspace/PTP-Implementation/ptpd/src/timingdomain.c:304:76: warning: implicit conversion loses integer precision: 'uint64_t' (aka 'unsigned long long') to 'uint32_t' (aka 'unsigned int') [-Wshorten-64-to-32]
  304 |         ptpClock->counters.messageReceiveRate = ptpClock->netPath.receivedPackets / service->updateInterval;
      |                                               ~ ~~~~~~~~~~~~~~~~~~~~~~~~~~~~~~~~~~^~~~~~~~~~~~~~~~~~~~~~~~~
3 warnings generated.

CompileC /Users/alfredo/Workspace/PTP-Implementation/ptpd/build-cmake/ios-simulator/build/ptpd2.build/Debug-iphonesimulator/Objects-normal/x86_64/statistics.o /Users/alfredo/Workspace/PTP-Implementation/ptpd/src/dep/statistics.c normal x86_64 c com.apple.compilers.llvm.clang.1_0.compiler (in target 'ptpd2' from project 'ptpd')
    cd /Users/alfredo/Workspace/PTP-Implementation/ptpd
    
    Using response file: /Users/alfredo/Workspace/PTP-Implementation/ptpd/build-cmake/ios-simulator/build/ptpd2.build/Debug-iphonesimulator/Objects-normal/x86_64/7187679823f38a2a940e0043cdf9d637-common-args.resp
    
    /Applications/Xcode.app/Contents/Developer/Toolchains/XcodeDefault.xctoolchain/usr/bin/clang -x c -ivfsstatcache /Users/alfredo/Library/Developer/Xcode/DerivedData/SDKStatCaches.noindex/iphonesimulator26.2-23C53-7d00a8b37fbd7999ea79df8ebc024bf0.sdkstatcache -fmessage-length\=0 -fdiagnostics-show-note-include-stack -fmacro-backtrace-limit\=0 -fno-color-diagnostics -Wno-trigraphs -Wno-missing-field-initializers -Wno-missing-prototypes -Wno-return-type -Wno-missing-braces -Wparentheses -Wswitch -Wno-unused-function -Wno-unused-label -Wno-unused-parameter -Wno-unused-variable -Wunused-value -Wno-empty-body -Wno-uninitialized -Wno-unknown-pragmas -Wno-shadow -Wno-four-char-constants -Wno-conversion -Wno-constant-conversion -Wno-int-conversion -Wno-bool-conversion -Wno-enum-conversion -Wno-float-conversion -Wno-non-literal-null-conversion -Wno-objc-literal-conversion -Wshorten-64-to-32 -Wpointer-sign -Wno-newline-eof -Wno-implicit-fallthrough -fstrict-aliasing -Wdeprecated-declarations -Wno-sign-conversion -Wno-infinite-recursion -Wno-comma -Wno-block-capture-autoreleasing -Wno-strict-prototypes -Wno-semicolon-before-method-body -index-store-path /Users/alfredo/Library/Developer/Xcode/DerivedData/ptpd-ckkaoshwswuydmbetxbmgznxlvtr/Index.noindex/DataStore -Wall @/Users/alfredo/Workspace/PTP-Implementation/ptpd/build-cmake/ios-simulator/build/ptpd2.build/Debug-iphonesimulator/Objects-normal/x86_64/7187679823f38a2a940e0043cdf9d637-common-args.resp -MMD -MT dependencies -MF /Users/alfredo/Workspace/PTP-Implementation/ptpd/build-cmake/ios-simulator/build/ptpd2.build/Debug-iphonesimulator/Objects-normal/x86_64/statistics.d --serialize-diagnostics /Users/alfredo/Workspace/PTP-Implementation/ptpd/build-cmake/ios-simulator/build/ptpd2.build/Debug-iphonesimulator/Objects-normal/x86_64/statistics.dia -c /Users/alfredo/Workspace/PTP-Implementation/ptpd/src/dep/statistics.c -o /Users/alfredo/Workspace/PTP-Implementation/ptpd/build-cmake/ios-simulator/build/ptpd2.build/Debug-iphonesimulator/Objects-normal/x86_64/statistics.o -index-unit-output-path /ptpd2.build/Debug-iphonesimulator/Objects-normal/x86_64/statistics.o
In file included from /Users/alfredo/Workspace/PTP-Implementation/ptpd/src/dep/statistics.c:36:
In file included from /Users/alfredo/Workspace/PTP-Implementation/ptpd/src/dep/../ptpd.h:162:
/Users/alfredo/Workspace/PTP-Implementation/ptpd/src/dep/../dep/constants_dep.h:149:9: warning: 'UNICAST_MAX_DESTINATIONS' macro redefined [-Wmacro-redefined]
  149 | #define UNICAST_MAX_DESTINATIONS 16
      |         ^
In file included from /Users/alfredo/Workspace/PTP-Implementation/ptpd/src/dep/statistics.c:36:
In file included from /Users/alfredo/Workspace/PTP-Implementation/ptpd/src/dep/../ptpd.h:22:
/Users/alfredo/Workspace/PTP-Implementation/ptpd/build-cmake/ios-simulator/config.h:243:9: note: previous definition is here
  243 | #define UNICAST_MAX_DESTINATIONS 128
      |         ^
/Users/alfredo/Workspace/PTP-Implementation/ptpd/src/dep/statistics.c:992:35: warning: using floating point absolute value function 'fabs' when argument is of integer type [-Wabsolute-value]
  992 |                 container->meanContainer->mean, fabs(sample - container->meanContainer->mean));
      |                                                 ^
/Users/alfredo/Workspace/PTP-Implementation/ptpd/src/dep/statistics.c:992:35: note: use function 'abs' instead
  992 |                 container->meanContainer->mean, fabs(sample - container->meanContainer->mean));
      |                                                 ^~~~
      |                                                 abs
In file included from /Users/alfredo/Workspace/PTP-Implementation/ptpd/src/dep/statistics.c:36:
In file included from /Users/alfredo/Workspace/PTP-Implementation/ptpd/src/dep/../ptpd.h:183:
/Users/alfredo/Workspace/PTP-Implementation/ptpd/src/dep/../dep/ptpd_dep.h:105:50: note: expanded from macro 'DBGV'
  105 | #define DBGV(x, ...) logMessage(LOG_DEBUGV, x, ##__VA_ARGS__)
      |                                                  ^
2 warnings generated.

CompileC /Users/alfredo/Workspace/PTP-Implementation/ptpd/build-cmake/ios-simulator/build/ptpd2.build/Debug-iphonesimulator/Objects-normal/x86_64/startup.o /Users/alfredo/Workspace/PTP-Implementation/ptpd/src/dep/startup.c normal x86_64 c com.apple.compilers.llvm.clang.1_0.compiler (in target 'ptpd2' from project 'ptpd')
    cd /Users/alfredo/Workspace/PTP-Implementation/ptpd
    
    Using response file: /Users/alfredo/Workspace/PTP-Implementation/ptpd/build-cmake/ios-simulator/build/ptpd2.build/Debug-iphonesimulator/Objects-normal/x86_64/7187679823f38a2a940e0043cdf9d637-common-args.resp
    
    /Applications/Xcode.app/Contents/Developer/Toolchains/XcodeDefault.xctoolchain/usr/bin/clang -x c -ivfsstatcache /Users/alfredo/Library/Developer/Xcode/DerivedData/SDKStatCaches.noindex/iphonesimulator26.2-23C53-7d00a8b37fbd7999ea79df8ebc024bf0.sdkstatcache -fmessage-length\=0 -fdiagnostics-show-note-include-stack -fmacro-backtrace-limit\=0 -fno-color-diagnostics -Wno-trigraphs -Wno-missing-field-initializers -Wno-missing-prototypes -Wno-return-type -Wno-missing-braces -Wparentheses -Wswitch -Wno-unused-function -Wno-unused-label -Wno-unused-parameter -Wno-unused-variable -Wunused-value -Wno-empty-body -Wno-uninitialized -Wno-unknown-pragmas -Wno-shadow -Wno-four-char-constants -Wno-conversion -Wno-constant-conversion -Wno-int-conversion -Wno-bool-conversion -Wno-enum-conversion -Wno-float-conversion -Wno-non-literal-null-conversion -Wno-objc-literal-conversion -Wshorten-64-to-32 -Wpointer-sign -Wno-newline-eof -Wno-implicit-fallthrough -fstrict-aliasing -Wdeprecated-declarations -Wno-sign-conversion -Wno-infinite-recursion -Wno-comma -Wno-block-capture-autoreleasing -Wno-strict-prototypes -Wno-semicolon-before-method-body -index-store-path /Users/alfredo/Library/Developer/Xcode/DerivedData/ptpd-ckkaoshwswuydmbetxbmgznxlvtr/Index.noindex/DataStore -Wall @/Users/alfredo/Workspace/PTP-Implementation/ptpd/build-cmake/ios-simulator/build/ptpd2.build/Debug-iphonesimulator/Objects-normal/x86_64/7187679823f38a2a940e0043cdf9d637-common-args.resp -MMD -MT dependencies -MF /Users/alfredo/Workspace/PTP-Implementation/ptpd/build-cmake/ios-simulator/build/ptpd2.build/Debug-iphonesimulator/Objects-normal/x86_64/startup.d --serialize-diagnostics /Users/alfredo/Workspace/PTP-Implementation/ptpd/build-cmake/ios-simulator/build/ptpd2.build/Debug-iphonesimulator/Objects-normal/x86_64/startup.dia -c /Users/alfredo/Workspace/PTP-Implementation/ptpd/src/dep/startup.c -o /Users/alfredo/Workspace/PTP-Implementation/ptpd/build-cmake/ios-simulator/build/ptpd2.build/Debug-iphonesimulator/Objects-normal/x86_64/startup.o -index-unit-output-path /ptpd2.build/Debug-iphonesimulator/Objects-normal/x86_64/startup.o
In file included from /Users/alfredo/Workspace/PTP-Implementation/ptpd/src/dep/startup.c:57:
In file included from /Users/alfredo/Workspace/PTP-Implementation/ptpd/src/dep/../ptpd.h:162:
/Users/alfredo/Workspace/PTP-Implementation/ptpd/src/dep/../dep/constants_dep.h:149:9: warning: 'UNICAST_MAX_DESTINATIONS' macro redefined [-Wmacro-redefined]
  149 | #define UNICAST_MAX_DESTINATIONS 16
      |         ^
In file included from /Users/alfredo/Workspace/PTP-Implementation/ptpd/src/dep/startup.c:57:
In file included from /Users/alfredo/Workspace/PTP-Implementation/ptpd/src/dep/../ptpd.h:22:
/Users/alfredo/Workspace/PTP-Implementation/ptpd/build-cmake/ios-simulator/config.h:243:9: note: previous definition is here
  243 | #define UNICAST_MAX_DESTINATIONS 128
      |         ^
/Users/alfredo/Workspace/PTP-Implementation/ptpd/src/dep/startup.c:698:6: warning: unused variable 'i' [-Wunused-variable]
  698 |         int i = 0;
      |             ^
2 warnings generated.

CompileC /Users/alfredo/Workspace/PTP-Implementation/ptpd/build-cmake/ios-simulator/build/ptpd2.build/Debug-iphonesimulator/Objects-normal/x86_64/sys.o /Users/alfredo/Workspace/PTP-Implementation/ptpd/src/dep/sys.c normal x86_64 c com.apple.compilers.llvm.clang.1_0.compiler (in target 'ptpd2' from project 'ptpd')
    cd /Users/alfredo/Workspace/PTP-Implementation/ptpd
    
    Using response file: /Users/alfredo/Workspace/PTP-Implementation/ptpd/build-cmake/ios-simulator/build/ptpd2.build/Debug-iphonesimulator/Objects-normal/x86_64/7187679823f38a2a940e0043cdf9d637-common-args.resp
    
    /Applications/Xcode.app/Contents/Developer/Toolchains/XcodeDefault.xctoolchain/usr/bin/clang -x c -ivfsstatcache /Users/alfredo/Library/Developer/Xcode/DerivedData/SDKStatCaches.noindex/iphonesimulator26.2-23C53-7d00a8b37fbd7999ea79df8ebc024bf0.sdkstatcache -fmessage-length\=0 -fdiagnostics-show-note-include-stack -fmacro-backtrace-limit\=0 -fno-color-diagnostics -Wno-trigraphs -Wno-missing-field-initializers -Wno-missing-prototypes -Wno-return-type -Wno-missing-braces -Wparentheses -Wswitch -Wno-unused-function -Wno-unused-label -Wno-unused-parameter -Wno-unused-variable -Wunused-value -Wno-empty-body -Wno-uninitialized -Wno-unknown-pragmas -Wno-shadow -Wno-four-char-constants -Wno-conversion -Wno-constant-conversion -Wno-int-conversion -Wno-bool-conversion -Wno-enum-conversion -Wno-float-conversion -Wno-non-literal-null-conversion -Wno-objc-literal-conversion -Wshorten-64-to-32 -Wpointer-sign -Wno-newline-eof -Wno-implicit-fallthrough -fstrict-aliasing -Wdeprecated-declarations -Wno-sign-conversion -Wno-infinite-recursion -Wno-comma -Wno-block-capture-autoreleasing -Wno-strict-prototypes -Wno-semicolon-before-method-body -index-store-path /Users/alfredo/Library/Developer/Xcode/DerivedData/ptpd-ckkaoshwswuydmbetxbmgznxlvtr/Index.noindex/DataStore -Wall @/Users/alfredo/Workspace/PTP-Implementation/ptpd/build-cmake/ios-simulator/build/ptpd2.build/Debug-iphonesimulator/Objects-normal/x86_64/7187679823f38a2a940e0043cdf9d637-common-args.resp -MMD -MT dependencies -MF /Users/alfredo/Workspace/PTP-Implementation/ptpd/build-cmake/ios-simulator/build/ptpd2.build/Debug-iphonesimulator/Objects-normal/x86_64/sys.d --serialize-diagnostics /Users/alfredo/Workspace/PTP-Implementation/ptpd/build-cmake/ios-simulator/build/ptpd2.build/Debug-iphonesimulator/Objects-normal/x86_64/sys.dia -c /Users/alfredo/Workspace/PTP-Implementation/ptpd/src/dep/sys.c -o /Users/alfredo/Workspace/PTP-Implementation/ptpd/build-cmake/ios-simulator/build/ptpd2.build/Debug-iphonesimulator/Objects-normal/x86_64/sys.o -index-unit-output-path /ptpd2.build/Debug-iphonesimulator/Objects-normal/x86_64/sys.o
In file included from /Users/alfredo/Workspace/PTP-Implementation/ptpd/src/dep/sys.c:54:
In file included from /Users/alfredo/Workspace/PTP-Implementation/ptpd/src/dep/../ptpd.h:162:
/Users/alfredo/Workspace/PTP-Implementation/ptpd/src/dep/../dep/constants_dep.h:149:9: warning: 'UNICAST_MAX_DESTINATIONS' macro redefined [-Wmacro-redefined]
  149 | #define UNICAST_MAX_DESTINATIONS 16
      |         ^
In file included from /Users/alfredo/Workspace/PTP-Implementation/ptpd/src/dep/sys.c:54:
In file included from /Users/alfredo/Workspace/PTP-Implementation/ptpd/src/dep/../ptpd.h:22:
/Users/alfredo/Workspace/PTP-Implementation/ptpd/build-cmake/ios-simulator/config.h:243:9: note: previous definition is here
  243 | #define UNICAST_MAX_DESTINATIONS 128
      |         ^
/Users/alfredo/Workspace/PTP-Implementation/ptpd/src/dep/sys.c:425:26: warning: implicit conversion loses integer precision: 'off_t' (aka 'long long') to 'UInteger32' (aka 'unsigned int') [-Wshorten-64-to-32]
  425 |                 handler->fileSize = st.st_size;
      |                                   ~ ~~~^~~~~~~
/Users/alfredo/Workspace/PTP-Implementation/ptpd/src/dep/sys.c:1425:19: warning: implicit conversion loses integer precision: '__darwin_time_t' (aka 'long') to 'Integer32' (aka 'int') [-Wshorten-64-to-32]
 1425 |                 t->seconds = tr.tv_sec;
      |                            ~ ~~~^~~~~~
/Users/alfredo/Workspace/PTP-Implementation/ptpd/src/dep/sys.c:1426:23: warning: implicit conversion loses integer precision: 'long' to 'Integer32' (aka 'int') [-Wshorten-64-to-32]
 1426 |                 t->nanoseconds = tr.tv_nsec;
      |                                ~ ~~~^~~~~~~
/Users/alfredo/Workspace/PTP-Implementation/ptpd/src/dep/sys.c:1546:21: warning: implicit conversion loses integer precision: '__darwin_time_t' (aka 'long') to 'Integer32' (aka 'int') [-Wshorten-64-to-32]
 1546 |         time->seconds = tv.tv_sec;
      |                       ~ ~~~^~~~~~
/Users/alfredo/Workspace/PTP-Implementation/ptpd/src/dep/sys.c:1586:25: warning: implicit conversion loses integer precision: '__darwin_time_t' (aka 'long') to 'Integer32' (aka 'int') [-Wshorten-64-to-32]
 1586 |         time->seconds     = tv.tv_sec;
      |                           ~ ~~~^~~~~~
/Users/alfredo/Workspace/PTP-Implementation/ptpd/src/dep/sys.c:1827:25: warning: implicit conversion loses integer precision: 'size_t' (aka 'unsigned long') to 'int' [-Wshorten-64-to-32]
 1827 |         counter = matchedFiles.gl_pathc;
      |                 ~ ~~~~~~~~~~~~~^~~~~~~~
/Users/alfredo/Workspace/PTP-Implementation/ptpd/src/dep/sys.c:1872:29: warning: implicit conversion loses integer precision: 'size_t' (aka 'unsigned long') to 'int' [-Wshorten-64-to-32]
 1872 |             counter = matchedFiles.gl_pathc;
      |                     ~ ~~~~~~~~~~~~~^~~~~~~~
/Users/alfredo/Workspace/PTP-Implementation/ptpd/src/dep/sys.c:2464:29: warning: implicit conversion loses integer precision: 'unsigned long long' to 'Integer32' (aka 'int') [-Wshorten-64-to-32]
 2464 |             utcExpiry = ntpSeconds - NTP_EPOCH;
      |                       ~ ~~~~~~~~~~~^~~~~~~~~~~
/Users/alfredo/Workspace/PTP-Implementation/ptpd/src/dep/sys.c:2470:30: warning: implicit conversion loses integer precision: 'unsigned long long' to 'Integer32' (aka 'int') [-Wshorten-64-to-32]
 2470 |             utcSeconds = ntpSeconds - NTP_EPOCH;
      |                        ~ ~~~~~~~~~~~^~~~~~~~~~~
10 warnings generated.

CompileC /Users/alfredo/Workspace/PTP-Implementation/ptpd/build-cmake/ios-simulator/build/ptpd2.build/Debug-iphonesimulator/Objects-normal/x86_64/servo.o /Users/alfredo/Workspace/PTP-Implementation/ptpd/src/dep/servo.c normal x86_64 c com.apple.compilers.llvm.clang.1_0.compiler (in target 'ptpd2' from project 'ptpd')
    cd /Users/alfredo/Workspace/PTP-Implementation/ptpd
    
    Using response file: /Users/alfredo/Workspace/PTP-Implementation/ptpd/build-cmake/ios-simulator/build/ptpd2.build/Debug-iphonesimulator/Objects-normal/x86_64/7187679823f38a2a940e0043cdf9d637-common-args.resp
    
    /Applications/Xcode.app/Contents/Developer/Toolchains/XcodeDefault.xctoolchain/usr/bin/clang -x c -ivfsstatcache /Users/alfredo/Library/Developer/Xcode/DerivedData/SDKStatCaches.noindex/iphonesimulator26.2-23C53-7d00a8b37fbd7999ea79df8ebc024bf0.sdkstatcache -fmessage-length\=0 -fdiagnostics-show-note-include-stack -fmacro-backtrace-limit\=0 -fno-color-diagnostics -Wno-trigraphs -Wno-missing-field-initializers -Wno-missing-prototypes -Wno-return-type -Wno-missing-braces -Wparentheses -Wswitch -Wno-unused-function -Wno-unused-label -Wno-unused-parameter -Wno-unused-variable -Wunused-value -Wno-empty-body -Wno-uninitialized -Wno-unknown-pragmas -Wno-shadow -Wno-four-char-constants -Wno-conversion -Wno-constant-conversion -Wno-int-conversion -Wno-bool-conversion -Wno-enum-conversion -Wno-float-conversion -Wno-non-literal-null-conversion -Wno-objc-literal-conversion -Wshorten-64-to-32 -Wpointer-sign -Wno-newline-eof -Wno-implicit-fallthrough -fstrict-aliasing -Wdeprecated-declarations -Wno-sign-conversion -Wno-infinite-recursion -Wno-comma -Wno-block-capture-autoreleasing -Wno-strict-prototypes -Wno-semicolon-before-method-body -index-store-path /Users/alfredo/Library/Developer/Xcode/DerivedData/ptpd-ckkaoshwswuydmbetxbmgznxlvtr/Index.noindex/DataStore -Wall @/Users/alfredo/Workspace/PTP-Implementation/ptpd/build-cmake/ios-simulator/build/ptpd2.build/Debug-iphonesimulator/Objects-normal/x86_64/7187679823f38a2a940e0043cdf9d637-common-args.resp -MMD -MT dependencies -MF /Users/alfredo/Workspace/PTP-Implementation/ptpd/build-cmake/ios-simulator/build/ptpd2.build/Debug-iphonesimulator/Objects-normal/x86_64/servo.d --serialize-diagnostics /Users/alfredo/Workspace/PTP-Implementation/ptpd/build-cmake/ios-simulator/build/ptpd2.build/Debug-iphonesimulator/Objects-normal/x86_64/servo.dia -c /Users/alfredo/Workspace/PTP-Implementation/ptpd/src/dep/servo.c -o /Users/alfredo/Workspace/PTP-Implementation/ptpd/build-cmake/ios-simulator/build/ptpd2.build/Debug-iphonesimulator/Objects-normal/x86_64/servo.o -index-unit-output-path /ptpd2.build/Debug-iphonesimulator/Objects-normal/x86_64/servo.o
In file included from /Users/alfredo/Workspace/PTP-Implementation/ptpd/src/dep/servo.c:59:
In file included from /Users/alfredo/Workspace/PTP-Implementation/ptpd/src/dep/../ptpd.h:162:
/Users/alfredo/Workspace/PTP-Implementation/ptpd/src/dep/../dep/constants_dep.h:149:9: warning: 'UNICAST_MAX_DESTINATIONS' macro redefined [-Wmacro-redefined]
  149 | #define UNICAST_MAX_DESTINATIONS 16
      |         ^
In file included from /Users/alfredo/Workspace/PTP-Implementation/ptpd/src/dep/servo.c:59:
In file included from /Users/alfredo/Workspace/PTP-Implementation/ptpd/src/dep/../ptpd.h:22:
/Users/alfredo/Workspace/PTP-Implementation/ptpd/build-cmake/ios-simulator/config.h:243:9: note: previous definition is here
  243 | #define UNICAST_MAX_DESTINATIONS 128
      |         ^
/Users/alfredo/Workspace/PTP-Implementation/ptpd/src/dep/servo.c:1065:36: warning: duplicate 'const' declaration specifier [-Wduplicate-decl-specifier]
 1065 | setupPIservo(PIservo* servo, const const RunTimeOpts* rtOpts)
      |                                    ^
2 warnings generated.

CompileC /Users/alfredo/Workspace/PTP-Implementation/ptpd/build-cmake/ios-simulator/build/ptpd2.build/Debug-iphonesimulator/Objects-normal/x86_64/signaling.o /Users/alfredo/Workspace/PTP-Implementation/ptpd/src/signaling.c normal x86_64 c com.apple.compilers.llvm.clang.1_0.compiler (in target 'ptpd2' from project 'ptpd')
    cd /Users/alfredo/Workspace/PTP-Implementation/ptpd
    
    Using response file: /Users/alfredo/Workspace/PTP-Implementation/ptpd/build-cmake/ios-simulator/build/ptpd2.build/Debug-iphonesimulator/Objects-normal/x86_64/7187679823f38a2a940e0043cdf9d637-common-args.resp
    
    /Applications/Xcode.app/Contents/Developer/Toolchains/XcodeDefault.xctoolchain/usr/bin/clang -x c -ivfsstatcache /Users/alfredo/Library/Developer/Xcode/DerivedData/SDKStatCaches.noindex/iphonesimulator26.2-23C53-7d00a8b37fbd7999ea79df8ebc024bf0.sdkstatcache -fmessage-length\=0 -fdiagnostics-show-note-include-stack -fmacro-backtrace-limit\=0 -fno-color-diagnostics -Wno-trigraphs -Wno-missing-field-initializers -Wno-missing-prototypes -Wno-return-type -Wno-missing-braces -Wparentheses -Wswitch -Wno-unused-function -Wno-unused-label -Wno-unused-parameter -Wno-unused-variable -Wunused-value -Wno-empty-body -Wno-uninitialized -Wno-unknown-pragmas -Wno-shadow -Wno-four-char-constants -Wno-conversion -Wno-constant-conversion -Wno-int-conversion -Wno-bool-conversion -Wno-enum-conversion -Wno-float-conversion -Wno-non-literal-null-conversion -Wno-objc-literal-conversion -Wshorten-64-to-32 -Wpointer-sign -Wno-newline-eof -Wno-implicit-fallthrough -fstrict-aliasing -Wdeprecated-declarations -Wno-sign-conversion -Wno-infinite-recursion -Wno-comma -Wno-block-capture-autoreleasing -Wno-strict-prototypes -Wno-semicolon-before-method-body -index-store-path /Users/alfredo/Library/Developer/Xcode/DerivedData/ptpd-ckkaoshwswuydmbetxbmgznxlvtr/Index.noindex/DataStore -Wall @/Users/alfredo/Workspace/PTP-Implementation/ptpd/build-cmake/ios-simulator/build/ptpd2.build/Debug-iphonesimulator/Objects-normal/x86_64/7187679823f38a2a940e0043cdf9d637-common-args.resp -MMD -MT dependencies -MF /Users/alfredo/Workspace/PTP-Implementation/ptpd/build-cmake/ios-simulator/build/ptpd2.build/Debug-iphonesimulator/Objects-normal/x86_64/signaling.d --serialize-diagnostics /Users/alfredo/Workspace/PTP-Implementation/ptpd/build-cmake/ios-simulator/build/ptpd2.build/Debug-iphonesimulator/Objects-normal/x86_64/signaling.dia -c /Users/alfredo/Workspace/PTP-Implementation/ptpd/src/signaling.c -o /Users/alfredo/Workspace/PTP-Implementation/ptpd/build-cmake/ios-simulator/build/ptpd2.build/Debug-iphonesimulator/Objects-normal/x86_64/signaling.o -index-unit-output-path /ptpd2.build/Debug-iphonesimulator/Objects-normal/x86_64/signaling.o
In file included from /Users/alfredo/Workspace/PTP-Implementation/ptpd/src/signaling.c:38:
In file included from /Users/alfredo/Workspace/PTP-Implementation/ptpd/src/ptpd.h:162:
/Users/alfredo/Workspace/PTP-Implementation/ptpd/src/dep/constants_dep.h:149:9: warning: 'UNICAST_MAX_DESTINATIONS' macro redefined [-Wmacro-redefined]
  149 | #define UNICAST_MAX_DESTINATIONS 16
      |         ^
In file included from /Users/alfredo/Workspace/PTP-Implementation/ptpd/src/signaling.c:38:
In file included from /Users/alfredo/Workspace/PTP-Implementation/ptpd/src/ptpd.h:22:
/Users/alfredo/Workspace/PTP-Implementation/ptpd/build-cmake/ios-simulator/config.h:243:9: note: previous definition is here
  243 | #define UNICAST_MAX_DESTINATIONS 128
      |         ^
/Users/alfredo/Workspace/PTP-Implementation/ptpd/src/signaling.c:59:81: warning: duplicate 'const' declaration specifier [-Wduplicate-decl-specifier]
   59 | static void issueSignaling(MsgSignaling *outgoing, Integer32 destination, const const RunTimeOpts *rtOpts, PtpClock *ptpclock);
      |                                                                                 ^
/Users/alfredo/Workspace/PTP-Implementation/ptpd/src/signaling.c:962:58: warning: duplicate 'const' declaration specifier [-Wduplicate-decl-specifier]
  962 | cancelUnicastTransmission(UnicastGrantData* grant, const const RunTimeOpts* rtOpts, PtpClock* ptpClock)
      |                                                          ^
/Users/alfredo/Workspace/PTP-Implementation/ptpd/src/signaling.c:982:69: warning: duplicate 'const' declaration specifier [-Wduplicate-decl-specifier]
  982 | issueSignaling(MsgSignaling *outgoing, Integer32 destination, const const RunTimeOpts *rtOpts,
      |                                                                     ^
4 warnings generated.

CompileC /Users/alfredo/Workspace/PTP-Implementation/ptpd/build-cmake/ios-simulator/build/ptpd2.build/Debug-iphonesimulator/Objects-normal/x86_64/ptpd.o /Users/alfredo/Workspace/PTP-Implementation/ptpd/src/ptpd.c normal x86_64 c com.apple.compilers.llvm.clang.1_0.compiler (in target 'ptpd2' from project 'ptpd')
    cd /Users/alfredo/Workspace/PTP-Implementation/ptpd
    
    Using response file: /Users/alfredo/Workspace/PTP-Implementation/ptpd/build-cmake/ios-simulator/build/ptpd2.build/Debug-iphonesimulator/Objects-normal/x86_64/7187679823f38a2a940e0043cdf9d637-common-args.resp
    
    /Applications/Xcode.app/Contents/Developer/Toolchains/XcodeDefault.xctoolchain/usr/bin/clang -x c -ivfsstatcache /Users/alfredo/Library/Developer/Xcode/DerivedData/SDKStatCaches.noindex/iphonesimulator26.2-23C53-7d00a8b37fbd7999ea79df8ebc024bf0.sdkstatcache -fmessage-length\=0 -fdiagnostics-show-note-include-stack -fmacro-backtrace-limit\=0 -fno-color-diagnostics -Wno-trigraphs -Wno-missing-field-initializers -Wno-missing-prototypes -Wno-return-type -Wno-missing-braces -Wparentheses -Wswitch -Wno-unused-function -Wno-unused-label -Wno-unused-parameter -Wno-unused-variable -Wunused-value -Wno-empty-body -Wno-uninitialized -Wno-unknown-pragmas -Wno-shadow -Wno-four-char-constants -Wno-conversion -Wno-constant-conversion -Wno-int-conversion -Wno-bool-conversion -Wno-enum-conversion -Wno-float-conversion -Wno-non-literal-null-conversion -Wno-objc-literal-conversion -Wshorten-64-to-32 -Wpointer-sign -Wno-newline-eof -Wno-implicit-fallthrough -fstrict-aliasing -Wdeprecated-declarations -Wno-sign-conversion -Wno-infinite-recursion -Wno-comma -Wno-block-capture-autoreleasing -Wno-strict-prototypes -Wno-semicolon-before-method-body -index-store-path /Users/alfredo/Library/Developer/Xcode/DerivedData/ptpd-ckkaoshwswuydmbetxbmgznxlvtr/Index.noindex/DataStore -Wall @/Users/alfredo/Workspace/PTP-Implementation/ptpd/build-cmake/ios-simulator/build/ptpd2.build/Debug-iphonesimulator/Objects-normal/x86_64/7187679823f38a2a940e0043cdf9d637-common-args.resp -MMD -MT dependencies -MF /Users/alfredo/Workspace/PTP-Implementation/ptpd/build-cmake/ios-simulator/build/ptpd2.build/Debug-iphonesimulator/Objects-normal/x86_64/ptpd.d --serialize-diagnostics /Users/alfredo/Workspace/PTP-Implementation/ptpd/build-cmake/ios-simulator/build/ptpd2.build/Debug-iphonesimulator/Objects-normal/x86_64/ptpd.dia -c /Users/alfredo/Workspace/PTP-Implementation/ptpd/src/ptpd.c -o /Users/alfredo/Workspace/PTP-Implementation/ptpd/build-cmake/ios-simulator/build/ptpd2.build/Debug-iphonesimulator/Objects-normal/x86_64/ptpd.o -index-unit-output-path /ptpd2.build/Debug-iphonesimulator/Objects-normal/x86_64/ptpd.o
In file included from /Users/alfredo/Workspace/PTP-Implementation/ptpd/src/ptpd.c:64:
In file included from /Users/alfredo/Workspace/PTP-Implementation/ptpd/src/ptpd.h:162:
/Users/alfredo/Workspace/PTP-Implementation/ptpd/src/dep/constants_dep.h:149:9: warning: 'UNICAST_MAX_DESTINATIONS' macro redefined [-Wmacro-redefined]
  149 | #define UNICAST_MAX_DESTINATIONS 16
      |         ^
In file included from /Users/alfredo/Workspace/PTP-Implementation/ptpd/src/ptpd.c:64:
In file included from /Users/alfredo/Workspace/PTP-Implementation/ptpd/src/ptpd.h:22:
/Users/alfredo/Workspace/PTP-Implementation/ptpd/build-cmake/ios-simulator/config.h:243:9: note: previous definition is here
  243 | #define UNICAST_MAX_DESTINATIONS 128
      |         ^
1 warning generated.

CompileC /Users/alfredo/Workspace/PTP-Implementation/ptpd/build-cmake/ios-simulator/build/ptpd2.build/Debug-iphonesimulator/Objects-normal/x86_64/ptp_timers.o /Users/alfredo/Workspace/PTP-Implementation/ptpd/src/ptp_timers.c normal x86_64 c com.apple.compilers.llvm.clang.1_0.compiler (in target 'ptpd2' from project 'ptpd')
    cd /Users/alfredo/Workspace/PTP-Implementation/ptpd
    
    Using response file: /Users/alfredo/Workspace/PTP-Implementation/ptpd/build-cmake/ios-simulator/build/ptpd2.build/Debug-iphonesimulator/Objects-normal/x86_64/7187679823f38a2a940e0043cdf9d637-common-args.resp
    
    /Applications/Xcode.app/Contents/Developer/Toolchains/XcodeDefault.xctoolchain/usr/bin/clang -x c -ivfsstatcache /Users/alfredo/Library/Developer/Xcode/DerivedData/SDKStatCaches.noindex/iphonesimulator26.2-23C53-7d00a8b37fbd7999ea79df8ebc024bf0.sdkstatcache -fmessage-length\=0 -fdiagnostics-show-note-include-stack -fmacro-backtrace-limit\=0 -fno-color-diagnostics -Wno-trigraphs -Wno-missing-field-initializers -Wno-missing-prototypes -Wno-return-type -Wno-missing-braces -Wparentheses -Wswitch -Wno-unused-function -Wno-unused-label -Wno-unused-parameter -Wno-unused-variable -Wunused-value -Wno-empty-body -Wno-uninitialized -Wno-unknown-pragmas -Wno-shadow -Wno-four-char-constants -Wno-conversion -Wno-constant-conversion -Wno-int-conversion -Wno-bool-conversion -Wno-enum-conversion -Wno-float-conversion -Wno-non-literal-null-conversion -Wno-objc-literal-conversion -Wshorten-64-to-32 -Wpointer-sign -Wno-newline-eof -Wno-implicit-fallthrough -fstrict-aliasing -Wdeprecated-declarations -Wno-sign-conversion -Wno-infinite-recursion -Wno-comma -Wno-block-capture-autoreleasing -Wno-strict-prototypes -Wno-semicolon-before-method-body -index-store-path /Users/alfredo/Library/Developer/Xcode/DerivedData/ptpd-ckkaoshwswuydmbetxbmgznxlvtr/Index.noindex/DataStore -Wall @/Users/alfredo/Workspace/PTP-Implementation/ptpd/build-cmake/ios-simulator/build/ptpd2.build/Debug-iphonesimulator/Objects-normal/x86_64/7187679823f38a2a940e0043cdf9d637-common-args.resp -MMD -MT dependencies -MF /Users/alfredo/Workspace/PTP-Implementation/ptpd/build-cmake/ios-simulator/build/ptpd2.build/Debug-iphonesimulator/Objects-normal/x86_64/ptp_timers.d --serialize-diagnostics /Users/alfredo/Workspace/PTP-Implementation/ptpd/build-cmake/ios-simulator/build/ptpd2.build/Debug-iphonesimulator/Objects-normal/x86_64/ptp_timers.dia -c /Users/alfredo/Workspace/PTP-Implementation/ptpd/src/ptp_timers.c -o /Users/alfredo/Workspace/PTP-Implementation/ptpd/build-cmake/ios-simulator/build/ptpd2.build/Debug-iphonesimulator/Objects-normal/x86_64/ptp_timers.o -index-unit-output-path /ptpd2.build/Debug-iphonesimulator/Objects-normal/x86_64/ptp_timers.o
In file included from /Users/alfredo/Workspace/PTP-Implementation/ptpd/src/ptp_timers.c:44:
In file included from /Users/alfredo/Workspace/PTP-Implementation/ptpd/src/ptpd.h:162:
/Users/alfredo/Workspace/PTP-Implementation/ptpd/src/dep/constants_dep.h:149:9: warning: 'UNICAST_MAX_DESTINATIONS' macro redefined [-Wmacro-redefined]
  149 | #define UNICAST_MAX_DESTINATIONS 16
      |         ^
In file included from /Users/alfredo/Workspace/PTP-Implementation/ptpd/src/ptp_timers.c:44:
In file included from /Users/alfredo/Workspace/PTP-Implementation/ptpd/src/ptpd.h:22:
/Users/alfredo/Workspace/PTP-Implementation/ptpd/build-cmake/ios-simulator/config.h:243:9: note: previous definition is here
  243 | #define UNICAST_MAX_DESTINATIONS 128
      |         ^
1 warning generated.

CompileC /Users/alfredo/Workspace/PTP-Implementation/ptpd/build-cmake/ios-simulator/build/ptpd2.build/Debug-iphonesimulator/Objects-normal/x86_64/protocol.o /Users/alfredo/Workspace/PTP-Implementation/ptpd/src/protocol.c normal x86_64 c com.apple.compilers.llvm.clang.1_0.compiler (in target 'ptpd2' from project 'ptpd')
    cd /Users/alfredo/Workspace/PTP-Implementation/ptpd
    
    Using response file: /Users/alfredo/Workspace/PTP-Implementation/ptpd/build-cmake/ios-simulator/build/ptpd2.build/Debug-iphonesimulator/Objects-normal/x86_64/7187679823f38a2a940e0043cdf9d637-common-args.resp
    
    /Applications/Xcode.app/Contents/Developer/Toolchains/XcodeDefault.xctoolchain/usr/bin/clang -x c -ivfsstatcache /Users/alfredo/Library/Developer/Xcode/DerivedData/SDKStatCaches.noindex/iphonesimulator26.2-23C53-7d00a8b37fbd7999ea79df8ebc024bf0.sdkstatcache -fmessage-length\=0 -fdiagnostics-show-note-include-stack -fmacro-backtrace-limit\=0 -fno-color-diagnostics -Wno-trigraphs -Wno-missing-field-initializers -Wno-missing-prototypes -Wno-return-type -Wno-missing-braces -Wparentheses -Wswitch -Wno-unused-function -Wno-unused-label -Wno-unused-parameter -Wno-unused-variable -Wunused-value -Wno-empty-body -Wno-uninitialized -Wno-unknown-pragmas -Wno-shadow -Wno-four-char-constants -Wno-conversion -Wno-constant-conversion -Wno-int-conversion -Wno-bool-conversion -Wno-enum-conversion -Wno-float-conversion -Wno-non-literal-null-conversion -Wno-objc-literal-conversion -Wshorten-64-to-32 -Wpointer-sign -Wno-newline-eof -Wno-implicit-fallthrough -fstrict-aliasing -Wdeprecated-declarations -Wno-sign-conversion -Wno-infinite-recursion -Wno-comma -Wno-block-capture-autoreleasing -Wno-strict-prototypes -Wno-semicolon-before-method-body -index-store-path /Users/alfredo/Library/Developer/Xcode/DerivedData/ptpd-ckkaoshwswuydmbetxbmgznxlvtr/Index.noindex/DataStore -Wall @/Users/alfredo/Workspace/PTP-Implementation/ptpd/build-cmake/ios-simulator/build/ptpd2.build/Debug-iphonesimulator/Objects-normal/x86_64/7187679823f38a2a940e0043cdf9d637-common-args.resp -MMD -MT dependencies -MF /Users/alfredo/Workspace/PTP-Implementation/ptpd/build-cmake/ios-simulator/build/ptpd2.build/Debug-iphonesimulator/Objects-normal/x86_64/protocol.d --serialize-diagnostics /Users/alfredo/Workspace/PTP-Implementation/ptpd/build-cmake/ios-simulator/build/ptpd2.build/Debug-iphonesimulator/Objects-normal/x86_64/protocol.dia -c /Users/alfredo/Workspace/PTP-Implementation/ptpd/src/protocol.c -o /Users/alfredo/Workspace/PTP-Implementation/ptpd/build-cmake/ios-simulator/build/ptpd2.build/Debug-iphonesimulator/Objects-normal/x86_64/protocol.o -index-unit-output-path /ptpd2.build/Debug-iphonesimulator/Objects-normal/x86_64/protocol.o
In file included from /Users/alfredo/Workspace/PTP-Implementation/ptpd/src/protocol.c:54:
In file included from /Users/alfredo/Workspace/PTP-Implementation/ptpd/src/ptpd.h:162:
/Users/alfredo/Workspace/PTP-Implementation/ptpd/src/dep/constants_dep.h:149:9: warning: 'UNICAST_MAX_DESTINATIONS' macro redefined [-Wmacro-redefined]
  149 | #define UNICAST_MAX_DESTINATIONS 16
      |         ^
In file included from /Users/alfredo/Workspace/PTP-Implementation/ptpd/src/protocol.c:54:
In file included from /Users/alfredo/Workspace/PTP-Implementation/ptpd/src/ptpd.h:22:
/Users/alfredo/Workspace/PTP-Implementation/ptpd/build-cmake/ios-simulator/config.h:243:9: note: previous definition is here
  243 | #define UNICAST_MAX_DESTINATIONS 128
      |         ^
1 warning generated.

CompileC /Users/alfredo/Workspace/PTP-Implementation/ptpd/build-cmake/ios-simulator/build/ptpd2.build/Debug-iphonesimulator/Objects-normal/x86_64/outlierfilter.o /Users/alfredo/Workspace/PTP-Implementation/ptpd/src/dep/outlierfilter.c normal x86_64 c com.apple.compilers.llvm.clang.1_0.compiler (in target 'ptpd2' from project 'ptpd')
    cd /Users/alfredo/Workspace/PTP-Implementation/ptpd
    
    Using response file: /Users/alfredo/Workspace/PTP-Implementation/ptpd/build-cmake/ios-simulator/build/ptpd2.build/Debug-iphonesimulator/Objects-normal/x86_64/7187679823f38a2a940e0043cdf9d637-common-args.resp
    
    /Applications/Xcode.app/Contents/Developer/Toolchains/XcodeDefault.xctoolchain/usr/bin/clang -x c -ivfsstatcache /Users/alfredo/Library/Developer/Xcode/DerivedData/SDKStatCaches.noindex/iphonesimulator26.2-23C53-7d00a8b37fbd7999ea79df8ebc024bf0.sdkstatcache -fmessage-length\=0 -fdiagnostics-show-note-include-stack -fmacro-backtrace-limit\=0 -fno-color-diagnostics -Wno-trigraphs -Wno-missing-field-initializers -Wno-missing-prototypes -Wno-return-type -Wno-missing-braces -Wparentheses -Wswitch -Wno-unused-function -Wno-unused-label -Wno-unused-parameter -Wno-unused-variable -Wunused-value -Wno-empty-body -Wno-uninitialized -Wno-unknown-pragmas -Wno-shadow -Wno-four-char-constants -Wno-conversion -Wno-constant-conversion -Wno-int-conversion -Wno-bool-conversion -Wno-enum-conversion -Wno-float-conversion -Wno-non-literal-null-conversion -Wno-objc-literal-conversion -Wshorten-64-to-32 -Wpointer-sign -Wno-newline-eof -Wno-implicit-fallthrough -fstrict-aliasing -Wdeprecated-declarations -Wno-sign-conversion -Wno-infinite-recursion -Wno-comma -Wno-block-capture-autoreleasing -Wno-strict-prototypes -Wno-semicolon-before-method-body -index-store-path /Users/alfredo/Library/Developer/Xcode/DerivedData/ptpd-ckkaoshwswuydmbetxbmgznxlvtr/Index.noindex/DataStore -Wall @/Users/alfredo/Workspace/PTP-Implementation/ptpd/build-cmake/ios-simulator/build/ptpd2.build/Debug-iphonesimulator/Objects-normal/x86_64/7187679823f38a2a940e0043cdf9d637-common-args.resp -MMD -MT dependencies -MF /Users/alfredo/Workspace/PTP-Implementation/ptpd/build-cmake/ios-simulator/build/ptpd2.build/Debug-iphonesimulator/Objects-normal/x86_64/outlierfilter.d --serialize-diagnostics /Users/alfredo/Workspace/PTP-Implementation/ptpd/build-cmake/ios-simulator/build/ptpd2.build/Debug-iphonesimulator/Objects-normal/x86_64/outlierfilter.dia -c /Users/alfredo/Workspace/PTP-Implementation/ptpd/src/dep/outlierfilter.c -o /Users/alfredo/Workspace/PTP-Implementation/ptpd/build-cmake/ios-simulator/build/ptpd2.build/Debug-iphonesimulator/Objects-normal/x86_64/outlierfilter.o -index-unit-output-path /ptpd2.build/Debug-iphonesimulator/Objects-normal/x86_64/outlierfilter.o
In file included from /Users/alfredo/Workspace/PTP-Implementation/ptpd/src/dep/outlierfilter.c:38:
In file included from /Users/alfredo/Workspace/PTP-Implementation/ptpd/src/dep/../ptpd.h:162:
/Users/alfredo/Workspace/PTP-Implementation/ptpd/src/dep/../dep/constants_dep.h:149:9: warning: 'UNICAST_MAX_DESTINATIONS' macro redefined [-Wmacro-redefined]
  149 | #define UNICAST_MAX_DESTINATIONS 16
      |         ^
In file included from /Users/alfredo/Workspace/PTP-Implementation/ptpd/src/dep/outlierfilter.c:38:
In file included from /Users/alfredo/Workspace/PTP-Implementation/ptpd/src/dep/../ptpd.h:22:
/Users/alfredo/Workspace/PTP-Implementation/ptpd/build-cmake/ios-simulator/config.h:243:9: note: previous definition is here
  243 | #define UNICAST_MAX_DESTINATIONS 128
      |         ^
1 warning generated.

CompileC /Users/alfredo/Workspace/PTP-Implementation/ptpd/build-cmake/ios-simulator/build/ptpd2.build/Debug-iphonesimulator/Objects-normal/x86_64/ntpdcontrol.o /Users/alfredo/Workspace/PTP-Implementation/ptpd/src/dep/ntpengine/ntpdcontrol.c normal x86_64 c com.apple.compilers.llvm.clang.1_0.compiler (in target 'ptpd2' from project 'ptpd')
    cd /Users/alfredo/Workspace/PTP-Implementation/ptpd
    
    Using response file: /Users/alfredo/Workspace/PTP-Implementation/ptpd/build-cmake/ios-simulator/build/ptpd2.build/Debug-iphonesimulator/Objects-normal/x86_64/7187679823f38a2a940e0043cdf9d637-common-args.resp
    
    /Applications/Xcode.app/Contents/Developer/Toolchains/XcodeDefault.xctoolchain/usr/bin/clang -x c -ivfsstatcache /Users/alfredo/Library/Developer/Xcode/DerivedData/SDKStatCaches.noindex/iphonesimulator26.2-23C53-7d00a8b37fbd7999ea79df8ebc024bf0.sdkstatcache -fmessage-length\=0 -fdiagnostics-show-note-include-stack -fmacro-backtrace-limit\=0 -fno-color-diagnostics -Wno-trigraphs -Wno-missing-field-initializers -Wno-missing-prototypes -Wno-return-type -Wno-missing-braces -Wparentheses -Wswitch -Wno-unused-function -Wno-unused-label -Wno-unused-parameter -Wno-unused-variable -Wunused-value -Wno-empty-body -Wno-uninitialized -Wno-unknown-pragmas -Wno-shadow -Wno-four-char-constants -Wno-conversion -Wno-constant-conversion -Wno-int-conversion -Wno-bool-conversion -Wno-enum-conversion -Wno-float-conversion -Wno-non-literal-null-conversion -Wno-objc-literal-conversion -Wshorten-64-to-32 -Wpointer-sign -Wno-newline-eof -Wno-implicit-fallthrough -fstrict-aliasing -Wdeprecated-declarations -Wno-sign-conversion -Wno-infinite-recursion -Wno-comma -Wno-block-capture-autoreleasing -Wno-strict-prototypes -Wno-semicolon-before-method-body -index-store-path /Users/alfredo/Library/Developer/Xcode/DerivedData/ptpd-ckkaoshwswuydmbetxbmgznxlvtr/Index.noindex/DataStore -Wall @/Users/alfredo/Workspace/PTP-Implementation/ptpd/build-cmake/ios-simulator/build/ptpd2.build/Debug-iphonesimulator/Objects-normal/x86_64/7187679823f38a2a940e0043cdf9d637-common-args.resp -MMD -MT dependencies -MF /Users/alfredo/Workspace/PTP-Implementation/ptpd/build-cmake/ios-simulator/build/ptpd2.build/Debug-iphonesimulator/Objects-normal/x86_64/ntpdcontrol.d --serialize-diagnostics /Users/alfredo/Workspace/PTP-Implementation/ptpd/build-cmake/ios-simulator/build/ptpd2.build/Debug-iphonesimulator/Objects-normal/x86_64/ntpdcontrol.dia -c /Users/alfredo/Workspace/PTP-Implementation/ptpd/src/dep/ntpengine/ntpdcontrol.c -o /Users/alfredo/Workspace/PTP-Implementation/ptpd/build-cmake/ios-simulator/build/ptpd2.build/Debug-iphonesimulator/Objects-normal/x86_64/ntpdcontrol.o -index-unit-output-path /ptpd2.build/Debug-iphonesimulator/Objects-normal/x86_64/ntpdcontrol.o
In file included from /Users/alfredo/Workspace/PTP-Implementation/ptpd/src/dep/ntpengine/ntpdcontrol.c:64:
In file included from /Users/alfredo/Workspace/PTP-Implementation/ptpd/src/dep/ntpengine/../../ptpd.h:162:
/Users/alfredo/Workspace/PTP-Implementation/ptpd/src/dep/ntpengine/../../dep/constants_dep.h:149:9: warning: 'UNICAST_MAX_DESTINATIONS' macro redefined [-Wmacro-redefined]
  149 | #define UNICAST_MAX_DESTINATIONS 16
      |         ^
In file included from /Users/alfredo/Workspace/PTP-Implementation/ptpd/src/dep/ntpengine/ntpdcontrol.c:64:
In file included from /Users/alfredo/Workspace/PTP-Implementation/ptpd/src/dep/ntpengine/../../ptpd.h:22:
/Users/alfredo/Workspace/PTP-Implementation/ptpd/build-cmake/ios-simulator/config.h:243:9: note: previous definition is here
  243 | #define UNICAST_MAX_DESTINATIONS 128
      |         ^
/Users/alfredo/Workspace/PTP-Implementation/ptpd/src/dep/ntpengine/ntpdcontrol.c:202:30: warning: implicit conversion loses integer precision: 'unsigned long' to 'int32_t' (aka 'int') [-Wshorten-64-to-32]
  202 |         now->l_i = ts.tv_sec + JAN_1970;
      |                  ~ ~~~~~~~~~~^~~~~~~~~~
/Users/alfredo/Workspace/PTP-Implementation/ptpd/src/dep/ntpengine/ntpdcontrol.c:274:10: warning: implicit conversion loses integer precision: 'ssize_t' (aka 'long') to 'int' [-Wshorten-64-to-32]
  274 |                 return ntpSend(control, (Octet *)&qpkt, req_pkt_size);
      |                 ~~~~~~ ^~~~~~~~~~~~~~~~~~~~~~~~~~~~~~~~~~~~~~~~~~~~~~
/Users/alfredo/Workspace/PTP-Implementation/ptpd/src/dep/ntpengine/ntpdcontrol.c:287:46: warning: implicit conversion loses integer precision: 'size_t' (aka 'unsigned long') to 'int' [-Wshorten-64-to-32]
  287 |         maclen = MD5authencrypt(key, (void *)&qpkt, reqsize,options->keyId);
      |                  ~~~~~~~~~~~~~~                     ^~~~~~~
/Users/alfredo/Workspace/PTP-Implementation/ptpd/src/dep/ntpengine/ntpdcontrol.c:295:9: warning: implicit conversion loses integer precision: 'ssize_t' (aka 'long') to 'int' [-Wshorten-64-to-32]
  295 |         return ntpSend(control, (Octet *)&qpkt, reqsize + maclen);
      |         ~~~~~~ ^~~~~~~~~~~~~~~~~~~~~~~~~~~~~~~~~~~~~~~~~~~~~~~~~~
/Users/alfredo/Workspace/PTP-Implementation/ptpd/src/dep/ntpengine/ntpdcontrol.c:442:6: warning: implicit conversion loses integer precision: 'ssize_t' (aka 'long') to 'int' [-Wshorten-64-to-32]
  442 |         n = recv(control->sockFD, (char *)&rpkt, sizeof(rpkt), 0);
      |           ~ ^~~~~~~~~~~~~~~~~~~~~~~~~~~~~~~~~~~~~~~~~~~~~~~~~~~~~
/Users/alfredo/Workspace/PTP-Implementation/ptpd/src/dep/ntpengine/ntpdcontrol.c:590:22: warning: implicit conversion loses integer precision: 'long' to 'int' [-Wshorten-64-to-32]
  590 |                 int offset = datap - ntpdc_pktdata;
      |                     ~~~~~~   ~~~~~~^~~~~~~~~~~~~~~
7 warnings generated.

CompileC /Users/alfredo/Workspace/PTP-Implementation/ptpd/build-cmake/ios-simulator/build/ptpd2.build/Debug-iphonesimulator/Objects-normal/x86_64/ntp_isc_md5.o /Users/alfredo/Workspace/PTP-Implementation/ptpd/src/dep/ntpengine/ntp_isc_md5.c normal x86_64 c com.apple.compilers.llvm.clang.1_0.compiler (in target 'ptpd2' from project 'ptpd')
    cd /Users/alfredo/Workspace/PTP-Implementation/ptpd
    
    Using response file: /Users/alfredo/Workspace/PTP-Implementation/ptpd/build-cmake/ios-simulator/build/ptpd2.build/Debug-iphonesimulator/Objects-normal/x86_64/7187679823f38a2a940e0043cdf9d637-common-args.resp
    
    /Applications/Xcode.app/Contents/Developer/Toolchains/XcodeDefault.xctoolchain/usr/bin/clang -x c -ivfsstatcache /Users/alfredo/Library/Developer/Xcode/DerivedData/SDKStatCaches.noindex/iphonesimulator26.2-23C53-7d00a8b37fbd7999ea79df8ebc024bf0.sdkstatcache -fmessage-length\=0 -fdiagnostics-show-note-include-stack -fmacro-backtrace-limit\=0 -fno-color-diagnostics -Wno-trigraphs -Wno-missing-field-initializers -Wno-missing-prototypes -Wno-return-type -Wno-missing-braces -Wparentheses -Wswitch -Wno-unused-function -Wno-unused-label -Wno-unused-parameter -Wno-unused-variable -Wunused-value -Wno-empty-body -Wno-uninitialized -Wno-unknown-pragmas -Wno-shadow -Wno-four-char-constants -Wno-conversion -Wno-constant-conversion -Wno-int-conversion -Wno-bool-conversion -Wno-enum-conversion -Wno-float-conversion -Wno-non-literal-null-conversion -Wno-objc-literal-conversion -Wshorten-64-to-32 -Wpointer-sign -Wno-newline-eof -Wno-implicit-fallthrough -fstrict-aliasing -Wdeprecated-declarations -Wno-sign-conversion -Wno-infinite-recursion -Wno-comma -Wno-block-capture-autoreleasing -Wno-strict-prototypes -Wno-semicolon-before-method-body -index-store-path /Users/alfredo/Library/Developer/Xcode/DerivedData/ptpd-ckkaoshwswuydmbetxbmgznxlvtr/Index.noindex/DataStore -Wall @/Users/alfredo/Workspace/PTP-Implementation/ptpd/build-cmake/ios-simulator/build/ptpd2.build/Debug-iphonesimulator/Objects-normal/x86_64/7187679823f38a2a940e0043cdf9d637-common-args.resp -MMD -MT dependencies -MF /Users/alfredo/Workspace/PTP-Implementation/ptpd/build-cmake/ios-simulator/build/ptpd2.build/Debug-iphonesimulator/Objects-normal/x86_64/ntp_isc_md5.d --serialize-diagnostics /Users/alfredo/Workspace/PTP-Implementation/ptpd/build-cmake/ios-simulator/build/ptpd2.build/Debug-iphonesimulator/Objects-normal/x86_64/ntp_isc_md5.dia -c /Users/alfredo/Workspace/PTP-Implementation/ptpd/src/dep/ntpengine/ntp_isc_md5.c -o /Users/alfredo/Workspace/PTP-Implementation/ptpd/build-cmake/ios-simulator/build/ptpd2.build/Debug-iphonesimulator/Objects-normal/x86_64/ntp_isc_md5.o -index-unit-output-path /ptpd2.build/Debug-iphonesimulator/Objects-normal/x86_64/ntp_isc_md5.o
In file included from /Users/alfredo/Workspace/PTP-Implementation/ptpd/src/dep/ntpengine/ntp_isc_md5.c:27:
In file included from /Users/alfredo/Workspace/PTP-Implementation/ptpd/src/dep/ntpengine/../../ptpd.h:162:
/Users/alfredo/Workspace/PTP-Implementation/ptpd/src/dep/ntpengine/../../dep/constants_dep.h:149:9: warning: 'UNICAST_MAX_DESTINATIONS' macro redefined [-Wmacro-redefined]
  149 | #define UNICAST_MAX_DESTINATIONS 16
      |         ^
In file included from /Users/alfredo/Workspace/PTP-Implementation/ptpd/src/dep/ntpengine/ntp_isc_md5.c:27:
In file included from /Users/alfredo/Workspace/PTP-Implementation/ptpd/src/dep/ntpengine/../../ptpd.h:22:
/Users/alfredo/Workspace/PTP-Implementation/ptpd/build-cmake/ios-simulator/config.h:243:9: note: previous definition is here
  243 | #define UNICAST_MAX_DESTINATIONS 128
      |         ^
/Users/alfredo/Workspace/PTP-Implementation/ptpd/src/dep/ntpengine/ntp_isc_md5.c:34:9: warning: 'memmove' macro redefined [-Wmacro-redefined]
   34 | #define memmove(t, f, c)        bcopy(f, t, (int)(c))
      |         ^
In file included from /Users/alfredo/Workspace/PTP-Implementation/ptpd/src/dep/ntpengine/ntp_isc_md5.c:27:
In file included from /Users/alfredo/Workspace/PTP-Implementation/ptpd/src/dep/ntpengine/../../ptpd.h:53:
In file included from /Applications/Xcode.app/Contents/Developer/Platforms/iPhoneSimulator.platform/Developer/SDKs/iPhoneSimulator26.2.sdk/usr/include/string.h:58:
In file included from /Applications/Xcode.app/Contents/Developer/Platforms/iPhoneSimulator.platform/Developer/SDKs/iPhoneSimulator26.2.sdk/usr/include/_string.h:228:
/Applications/Xcode.app/Contents/Developer/Platforms/iPhoneSimulator.platform/Developer/SDKs/iPhoneSimulator26.2.sdk/usr/include/secure/_string.h:239:9: note: previous definition is here
  239 | #define memmove(...) __memmove_chk_func (__VA_ARGS__)
      |         ^
/Users/alfredo/Workspace/PTP-Implementation/ptpd/src/dep/ntpengine/ntp_isc_md5.c:35:9: warning: 'memcpy' macro redefined [-Wmacro-redefined]
   35 | #define memcpy(t, f, c)         bcopy(f, t, (int)(c))
      |         ^
In file included from /Users/alfredo/Workspace/PTP-Implementation/ptpd/src/dep/ntpengine/ntp_isc_md5.c:27:
In file included from /Users/alfredo/Workspace/PTP-Implementation/ptpd/src/dep/ntpengine/../../ptpd.h:53:
In file included from /Applications/Xcode.app/Contents/Developer/Platforms/iPhoneSimulator.platform/Developer/SDKs/iPhoneSimulator26.2.sdk/usr/include/string.h:58:
In file included from /Applications/Xcode.app/Contents/Developer/Platforms/iPhoneSimulator.platform/Developer/SDKs/iPhoneSimulator26.2.sdk/usr/include/_string.h:228:
/Applications/Xcode.app/Contents/Developer/Platforms/iPhoneSimulator.platform/Developer/SDKs/iPhoneSimulator26.2.sdk/usr/include/secure/_string.h:234:9: note: previous definition is here
  234 | #define memcpy(...) __memcpy_chk_func (__VA_ARGS__)
      |         ^
/Users/alfredo/Workspace/PTP-Implementation/ptpd/src/dep/ntpengine/ntp_isc_md5.c:36:9: warning: 'memset' macro redefined [-Wmacro-redefined]
   36 | #define memset(a, x, c)         if (0 == (x)) \
      |         ^
In file included from /Users/alfredo/Workspace/PTP-Implementation/ptpd/src/dep/ntpengine/ntp_isc_md5.c:27:
In file included from /Users/alfredo/Workspace/PTP-Implementation/ptpd/src/dep/ntpengine/../../ptpd.h:53:
In file included from /Applications/Xcode.app/Contents/Developer/Platforms/iPhoneSimulator.platform/Developer/SDKs/iPhoneSimulator26.2.sdk/usr/include/string.h:58:
In file included from /Applications/Xcode.app/Contents/Developer/Platforms/iPhoneSimulator.platform/Developer/SDKs/iPhoneSimulator26.2.sdk/usr/include/_string.h:228:
/Applications/Xcode.app/Contents/Developer/Platforms/iPhoneSimulator.platform/Developer/SDKs/iPhoneSimulator26.2.sdk/usr/include/secure/_string.h:244:9: note: previous definition is here
  244 | #define memset(...) __memset_chk_func (__VA_ARGS__)
      |         ^
4 warnings generated.

CompileC /Users/alfredo/Workspace/PTP-Implementation/ptpd/build-cmake/ios-simulator/build/ptpd2.build/Debug-iphonesimulator/Objects-normal/x86_64/net.o /Users/alfredo/Workspace/PTP-Implementation/ptpd/src/dep/net.c normal x86_64 c com.apple.compilers.llvm.clang.1_0.compiler (in target 'ptpd2' from project 'ptpd')
    cd /Users/alfredo/Workspace/PTP-Implementation/ptpd
    
    Using response file: /Users/alfredo/Workspace/PTP-Implementation/ptpd/build-cmake/ios-simulator/build/ptpd2.build/Debug-iphonesimulator/Objects-normal/x86_64/7187679823f38a2a940e0043cdf9d637-common-args.resp
    
    /Applications/Xcode.app/Contents/Developer/Toolchains/XcodeDefault.xctoolchain/usr/bin/clang -x c -ivfsstatcache /Users/alfredo/Library/Developer/Xcode/DerivedData/SDKStatCaches.noindex/iphonesimulator26.2-23C53-7d00a8b37fbd7999ea79df8ebc024bf0.sdkstatcache -fmessage-length\=0 -fdiagnostics-show-note-include-stack -fmacro-backtrace-limit\=0 -fno-color-diagnostics -Wno-trigraphs -Wno-missing-field-initializers -Wno-missing-prototypes -Wno-return-type -Wno-missing-braces -Wparentheses -Wswitch -Wno-unused-function -Wno-unused-label -Wno-unused-parameter -Wno-unused-variable -Wunused-value -Wno-empty-body -Wno-uninitialized -Wno-unknown-pragmas -Wno-shadow -Wno-four-char-constants -Wno-conversion -Wno-constant-conversion -Wno-int-conversion -Wno-bool-conversion -Wno-enum-conversion -Wno-float-conversion -Wno-non-literal-null-conversion -Wno-objc-literal-conversion -Wshorten-64-to-32 -Wpointer-sign -Wno-newline-eof -Wno-implicit-fallthrough -fstrict-aliasing -Wdeprecated-declarations -Wno-sign-conversion -Wno-infinite-recursion -Wno-comma -Wno-block-capture-autoreleasing -Wno-strict-prototypes -Wno-semicolon-before-method-body -index-store-path /Users/alfredo/Library/Developer/Xcode/DerivedData/ptpd-ckkaoshwswuydmbetxbmgznxlvtr/Index.noindex/DataStore -Wall @/Users/alfredo/Workspace/PTP-Implementation/ptpd/build-cmake/ios-simulator/build/ptpd2.build/Debug-iphonesimulator/Objects-normal/x86_64/7187679823f38a2a940e0043cdf9d637-common-args.resp -MMD -MT dependencies -MF /Users/alfredo/Workspace/PTP-Implementation/ptpd/build-cmake/ios-simulator/build/ptpd2.build/Debug-iphonesimulator/Objects-normal/x86_64/net.d --serialize-diagnostics /Users/alfredo/Workspace/PTP-Implementation/ptpd/build-cmake/ios-simulator/build/ptpd2.build/Debug-iphonesimulator/Objects-normal/x86_64/net.dia -c /Users/alfredo/Workspace/PTP-Implementation/ptpd/src/dep/net.c -o /Users/alfredo/Workspace/PTP-Implementation/ptpd/build-cmake/ios-simulator/build/ptpd2.build/Debug-iphonesimulator/Objects-normal/x86_64/net.o -index-unit-output-path /ptpd2.build/Debug-iphonesimulator/Objects-normal/x86_64/net.o
In file included from /Users/alfredo/Workspace/PTP-Implementation/ptpd/src/dep/net.c:57:
In file included from /Users/alfredo/Workspace/PTP-Implementation/ptpd/src/dep/../ptpd.h:162:
/Users/alfredo/Workspace/PTP-Implementation/ptpd/src/dep/../dep/constants_dep.h:149:9: warning: 'UNICAST_MAX_DESTINATIONS' macro redefined [-Wmacro-redefined]
  149 | #define UNICAST_MAX_DESTINATIONS 16
      |         ^
In file included from /Users/alfredo/Workspace/PTP-Implementation/ptpd/src/dep/net.c:57:
In file included from /Users/alfredo/Workspace/PTP-Implementation/ptpd/src/dep/../ptpd.h:22:
/Users/alfredo/Workspace/PTP-Implementation/ptpd/build-cmake/ios-simulator/config.h:243:9: note: previous definition is here
  243 | #define UNICAST_MAX_DESTINATIONS 128
      |         ^
/Users/alfredo/Workspace/PTP-Implementation/ptpd/src/dep/net.c:1690:26: warning: implicit conversion loses integer precision: '__darwin_time_t' (aka 'long') to 'Integer32' (aka 'int') [-Wshorten-64-to-32]
 1690 |                                         time->seconds = tv->tv_sec;
      |                                                       ~ ~~~~^~~~~~
/Users/alfredo/Workspace/PTP-Implementation/ptpd/src/dep/net.c:2037:15: warning: duplicate 'const' declaration specifier [-Wduplicate-decl-specifier]
 2037 |                const const RunTimeOpts *rtOpts, Integer32 destinationAddress)
      |                      ^
3 warnings generated.

CompileC /Users/alfredo/Workspace/PTP-Implementation/ptpd/build-cmake/ios-simulator/build/ptpd2.build/Debug-iphonesimulator/Objects-normal/x86_64/msg.o /Users/alfredo/Workspace/PTP-Implementation/ptpd/src/dep/msg.c normal x86_64 c com.apple.compilers.llvm.clang.1_0.compiler (in target 'ptpd2' from project 'ptpd')
    cd /Users/alfredo/Workspace/PTP-Implementation/ptpd
    
    Using response file: /Users/alfredo/Workspace/PTP-Implementation/ptpd/build-cmake/ios-simulator/build/ptpd2.build/Debug-iphonesimulator/Objects-normal/x86_64/7187679823f38a2a940e0043cdf9d637-common-args.resp
    
    /Applications/Xcode.app/Contents/Developer/Toolchains/XcodeDefault.xctoolchain/usr/bin/clang -x c -ivfsstatcache /Users/alfredo/Library/Developer/Xcode/DerivedData/SDKStatCaches.noindex/iphonesimulator26.2-23C53-7d00a8b37fbd7999ea79df8ebc024bf0.sdkstatcache -fmessage-length\=0 -fdiagnostics-show-note-include-stack -fmacro-backtrace-limit\=0 -fno-color-diagnostics -Wno-trigraphs -Wno-missing-field-initializers -Wno-missing-prototypes -Wno-return-type -Wno-missing-braces -Wparentheses -Wswitch -Wno-unused-function -Wno-unused-label -Wno-unused-parameter -Wno-unused-variable -Wunused-value -Wno-empty-body -Wno-uninitialized -Wno-unknown-pragmas -Wno-shadow -Wno-four-char-constants -Wno-conversion -Wno-constant-conversion -Wno-int-conversion -Wno-bool-conversion -Wno-enum-conversion -Wno-float-conversion -Wno-non-literal-null-conversion -Wno-objc-literal-conversion -Wshorten-64-to-32 -Wpointer-sign -Wno-newline-eof -Wno-implicit-fallthrough -fstrict-aliasing -Wdeprecated-declarations -Wno-sign-conversion -Wno-infinite-recursion -Wno-comma -Wno-block-capture-autoreleasing -Wno-strict-prototypes -Wno-semicolon-before-method-body -index-store-path /Users/alfredo/Library/Developer/Xcode/DerivedData/ptpd-ckkaoshwswuydmbetxbmgznxlvtr/Index.noindex/DataStore -Wall @/Users/alfredo/Workspace/PTP-Implementation/ptpd/build-cmake/ios-simulator/build/ptpd2.build/Debug-iphonesimulator/Objects-normal/x86_64/7187679823f38a2a940e0043cdf9d637-common-args.resp -MMD -MT dependencies -MF /Users/alfredo/Workspace/PTP-Implementation/ptpd/build-cmake/ios-simulator/build/ptpd2.build/Debug-iphonesimulator/Objects-normal/x86_64/msg.d --serialize-diagnostics /Users/alfredo/Workspace/PTP-Implementation/ptpd/build-cmake/ios-simulator/build/ptpd2.build/Debug-iphonesimulator/Objects-normal/x86_64/msg.dia -c /Users/alfredo/Workspace/PTP-Implementation/ptpd/src/dep/msg.c -o /Users/alfredo/Workspace/PTP-Implementation/ptpd/build-cmake/ios-simulator/build/ptpd2.build/Debug-iphonesimulator/Objects-normal/x86_64/msg.o -index-unit-output-path /ptpd2.build/Debug-iphonesimulator/Objects-normal/x86_64/msg.o
In file included from /Users/alfredo/Workspace/PTP-Implementation/ptpd/src/dep/msg.c:55:
In file included from /Users/alfredo/Workspace/PTP-Implementation/ptpd/src/dep/../ptpd.h:162:
/Users/alfredo/Workspace/PTP-Implementation/ptpd/src/dep/../dep/constants_dep.h:149:9: warning: 'UNICAST_MAX_DESTINATIONS' macro redefined [-Wmacro-redefined]
  149 | #define UNICAST_MAX_DESTINATIONS 16
      |         ^
In file included from /Users/alfredo/Workspace/PTP-Implementation/ptpd/src/dep/msg.c:55:
In file included from /Users/alfredo/Workspace/PTP-Implementation/ptpd/src/dep/../ptpd.h:22:
/Users/alfredo/Workspace/PTP-Implementation/ptpd/build-cmake/ios-simulator/config.h:243:9: note: previous definition is here
  243 | #define UNICAST_MAX_DESTINATIONS 128
      |         ^
1 warning generated.

CompileC /Users/alfredo/Workspace/PTP-Implementation/ptpd/build-cmake/ios-simulator/build/ptpd2.build/Debug-iphonesimulator/Objects-normal/x86_64/management.o /Users/alfredo/Workspace/PTP-Implementation/ptpd/src/management.c normal x86_64 c com.apple.compilers.llvm.clang.1_0.compiler (in target 'ptpd2' from project 'ptpd')
    cd /Users/alfredo/Workspace/PTP-Implementation/ptpd
    
    Using response file: /Users/alfredo/Workspace/PTP-Implementation/ptpd/build-cmake/ios-simulator/build/ptpd2.build/Debug-iphonesimulator/Objects-normal/x86_64/7187679823f38a2a940e0043cdf9d637-common-args.resp
    
    /Applications/Xcode.app/Contents/Developer/Toolchains/XcodeDefault.xctoolchain/usr/bin/clang -x c -ivfsstatcache /Users/alfredo/Library/Developer/Xcode/DerivedData/SDKStatCaches.noindex/iphonesimulator26.2-23C53-7d00a8b37fbd7999ea79df8ebc024bf0.sdkstatcache -fmessage-length\=0 -fdiagnostics-show-note-include-stack -fmacro-backtrace-limit\=0 -fno-color-diagnostics -Wno-trigraphs -Wno-missing-field-initializers -Wno-missing-prototypes -Wno-return-type -Wno-missing-braces -Wparentheses -Wswitch -Wno-unused-function -Wno-unused-label -Wno-unused-parameter -Wno-unused-variable -Wunused-value -Wno-empty-body -Wno-uninitialized -Wno-unknown-pragmas -Wno-shadow -Wno-four-char-constants -Wno-conversion -Wno-constant-conversion -Wno-int-conversion -Wno-bool-conversion -Wno-enum-conversion -Wno-float-conversion -Wno-non-literal-null-conversion -Wno-objc-literal-conversion -Wshorten-64-to-32 -Wpointer-sign -Wno-newline-eof -Wno-implicit-fallthrough -fstrict-aliasing -Wdeprecated-declarations -Wno-sign-conversion -Wno-infinite-recursion -Wno-comma -Wno-block-capture-autoreleasing -Wno-strict-prototypes -Wno-semicolon-before-method-body -index-store-path /Users/alfredo/Library/Developer/Xcode/DerivedData/ptpd-ckkaoshwswuydmbetxbmgznxlvtr/Index.noindex/DataStore -Wall @/Users/alfredo/Workspace/PTP-Implementation/ptpd/build-cmake/ios-simulator/build/ptpd2.build/Debug-iphonesimulator/Objects-normal/x86_64/7187679823f38a2a940e0043cdf9d637-common-args.resp -MMD -MT dependencies -MF /Users/alfredo/Workspace/PTP-Implementation/ptpd/build-cmake/ios-simulator/build/ptpd2.build/Debug-iphonesimulator/Objects-normal/x86_64/management.d --serialize-diagnostics /Users/alfredo/Workspace/PTP-Implementation/ptpd/build-cmake/ios-simulator/build/ptpd2.build/Debug-iphonesimulator/Objects-normal/x86_64/management.dia -c /Users/alfredo/Workspace/PTP-Implementation/ptpd/src/management.c -o /Users/alfredo/Workspace/PTP-Implementation/ptpd/build-cmake/ios-simulator/build/ptpd2.build/Debug-iphonesimulator/Objects-normal/x86_64/management.o -index-unit-output-path /ptpd2.build/Debug-iphonesimulator/Objects-normal/x86_64/management.o
In file included from /Users/alfredo/Workspace/PTP-Implementation/ptpd/src/management.c:54:
In file included from /Users/alfredo/Workspace/PTP-Implementation/ptpd/src/ptpd.h:162:
/Users/alfredo/Workspace/PTP-Implementation/ptpd/src/dep/constants_dep.h:149:9: warning: 'UNICAST_MAX_DESTINATIONS' macro redefined [-Wmacro-redefined]
  149 | #define UNICAST_MAX_DESTINATIONS 16
      |         ^
In file included from /Users/alfredo/Workspace/PTP-Implementation/ptpd/src/management.c:54:
In file included from /Users/alfredo/Workspace/PTP-Implementation/ptpd/src/ptpd.h:22:
/Users/alfredo/Workspace/PTP-Implementation/ptpd/build-cmake/ios-simulator/config.h:243:9: note: previous definition is here
  243 | #define UNICAST_MAX_DESTINATIONS 128
      |         ^
1 warning generated.

CompileC /Users/alfredo/Workspace/PTP-Implementation/ptpd/build-cmake/ios-simulator/build/ptpd2.build/Debug-iphonesimulator/Objects-normal/x86_64/ipv4_acl.o /Users/alfredo/Workspace/PTP-Implementation/ptpd/src/dep/ipv4_acl.c normal x86_64 c com.apple.compilers.llvm.clang.1_0.compiler (in target 'ptpd2' from project 'ptpd')
    cd /Users/alfredo/Workspace/PTP-Implementation/ptpd
    
    Using response file: /Users/alfredo/Workspace/PTP-Implementation/ptpd/build-cmake/ios-simulator/build/ptpd2.build/Debug-iphonesimulator/Objects-normal/x86_64/7187679823f38a2a940e0043cdf9d637-common-args.resp
    
    /Applications/Xcode.app/Contents/Developer/Toolchains/XcodeDefault.xctoolchain/usr/bin/clang -x c -ivfsstatcache /Users/alfredo/Library/Developer/Xcode/DerivedData/SDKStatCaches.noindex/iphonesimulator26.2-23C53-7d00a8b37fbd7999ea79df8ebc024bf0.sdkstatcache -fmessage-length\=0 -fdiagnostics-show-note-include-stack -fmacro-backtrace-limit\=0 -fno-color-diagnostics -Wno-trigraphs -Wno-missing-field-initializers -Wno-missing-prototypes -Wno-return-type -Wno-missing-braces -Wparentheses -Wswitch -Wno-unused-function -Wno-unused-label -Wno-unused-parameter -Wno-unused-variable -Wunused-value -Wno-empty-body -Wno-uninitialized -Wno-unknown-pragmas -Wno-shadow -Wno-four-char-constants -Wno-conversion -Wno-constant-conversion -Wno-int-conversion -Wno-bool-conversion -Wno-enum-conversion -Wno-float-conversion -Wno-non-literal-null-conversion -Wno-objc-literal-conversion -Wshorten-64-to-32 -Wpointer-sign -Wno-newline-eof -Wno-implicit-fallthrough -fstrict-aliasing -Wdeprecated-declarations -Wno-sign-conversion -Wno-infinite-recursion -Wno-comma -Wno-block-capture-autoreleasing -Wno-strict-prototypes -Wno-semicolon-before-method-body -index-store-path /Users/alfredo/Library/Developer/Xcode/DerivedData/ptpd-ckkaoshwswuydmbetxbmgznxlvtr/Index.noindex/DataStore -Wall @/Users/alfredo/Workspace/PTP-Implementation/ptpd/build-cmake/ios-simulator/build/ptpd2.build/Debug-iphonesimulator/Objects-normal/x86_64/7187679823f38a2a940e0043cdf9d637-common-args.resp -MMD -MT dependencies -MF /Users/alfredo/Workspace/PTP-Implementation/ptpd/build-cmake/ios-simulator/build/ptpd2.build/Debug-iphonesimulator/Objects-normal/x86_64/ipv4_acl.d --serialize-diagnostics /Users/alfredo/Workspace/PTP-Implementation/ptpd/build-cmake/ios-simulator/build/ptpd2.build/Debug-iphonesimulator/Objects-normal/x86_64/ipv4_acl.dia -c /Users/alfredo/Workspace/PTP-Implementation/ptpd/src/dep/ipv4_acl.c -o /Users/alfredo/Workspace/PTP-Implementation/ptpd/build-cmake/ios-simulator/build/ptpd2.build/Debug-iphonesimulator/Objects-normal/x86_64/ipv4_acl.o -index-unit-output-path /ptpd2.build/Debug-iphonesimulator/Objects-normal/x86_64/ipv4_acl.o
In file included from /Users/alfredo/Workspace/PTP-Implementation/ptpd/src/dep/ipv4_acl.c:38:
In file included from /Users/alfredo/Workspace/PTP-Implementation/ptpd/src/dep/../ptpd.h:162:
/Users/alfredo/Workspace/PTP-Implementation/ptpd/src/dep/../dep/constants_dep.h:149:9: warning: 'UNICAST_MAX_DESTINATIONS' macro redefined [-Wmacro-redefined]
  149 | #define UNICAST_MAX_DESTINATIONS 16
      |         ^
In file included from /Users/alfredo/Workspace/PTP-Implementation/ptpd/src/dep/ipv4_acl.c:38:
In file included from /Users/alfredo/Workspace/PTP-Implementation/ptpd/src/dep/../ptpd.h:22:
/Users/alfredo/Workspace/PTP-Implementation/ptpd/build-cmake/ios-simulator/config.h:243:9: note: previous definition is here
  243 | #define UNICAST_MAX_DESTINATIONS 128
      |         ^
1 warning generated.

CompileC /Users/alfredo/Workspace/PTP-Implementation/ptpd/build-cmake/ios-simulator/build/ptpd2.build/Debug-iphonesimulator/Objects-normal/x86_64/iniparser.o /Users/alfredo/Workspace/PTP-Implementation/ptpd/src/dep/iniparser/iniparser.c normal x86_64 c com.apple.compilers.llvm.clang.1_0.compiler (in target 'ptpd2' from project 'ptpd')
    cd /Users/alfredo/Workspace/PTP-Implementation/ptpd
    
    Using response file: /Users/alfredo/Workspace/PTP-Implementation/ptpd/build-cmake/ios-simulator/build/ptpd2.build/Debug-iphonesimulator/Objects-normal/x86_64/7187679823f38a2a940e0043cdf9d637-common-args.resp
    
    /Applications/Xcode.app/Contents/Developer/Toolchains/XcodeDefault.xctoolchain/usr/bin/clang -x c -ivfsstatcache /Users/alfredo/Library/Developer/Xcode/DerivedData/SDKStatCaches.noindex/iphonesimulator26.2-23C53-7d00a8b37fbd7999ea79df8ebc024bf0.sdkstatcache -fmessage-length\=0 -fdiagnostics-show-note-include-stack -fmacro-backtrace-limit\=0 -fno-color-diagnostics -Wno-trigraphs -Wno-missing-field-initializers -Wno-missing-prototypes -Wno-return-type -Wno-missing-braces -Wparentheses -Wswitch -Wno-unused-function -Wno-unused-label -Wno-unused-parameter -Wno-unused-variable -Wunused-value -Wno-empty-body -Wno-uninitialized -Wno-unknown-pragmas -Wno-shadow -Wno-four-char-constants -Wno-conversion -Wno-constant-conversion -Wno-int-conversion -Wno-bool-conversion -Wno-enum-conversion -Wno-float-conversion -Wno-non-literal-null-conversion -Wno-objc-literal-conversion -Wshorten-64-to-32 -Wpointer-sign -Wno-newline-eof -Wno-implicit-fallthrough -fstrict-aliasing -Wdeprecated-declarations -Wno-sign-conversion -Wno-infinite-recursion -Wno-comma -Wno-block-capture-autoreleasing -Wno-strict-prototypes -Wno-semicolon-before-method-body -index-store-path /Users/alfredo/Library/Developer/Xcode/DerivedData/ptpd-ckkaoshwswuydmbetxbmgznxlvtr/Index.noindex/DataStore -Wall @/Users/alfredo/Workspace/PTP-Implementation/ptpd/build-cmake/ios-simulator/build/ptpd2.build/Debug-iphonesimulator/Objects-normal/x86_64/7187679823f38a2a940e0043cdf9d637-common-args.resp -MMD -MT dependencies -MF /Users/alfredo/Workspace/PTP-Implementation/ptpd/build-cmake/ios-simulator/build/ptpd2.build/Debug-iphonesimulator/Objects-normal/x86_64/iniparser.d --serialize-diagnostics /Users/alfredo/Workspace/PTP-Implementation/ptpd/build-cmake/ios-simulator/build/ptpd2.build/Debug-iphonesimulator/Objects-normal/x86_64/iniparser.dia -c /Users/alfredo/Workspace/PTP-Implementation/ptpd/src/dep/iniparser/iniparser.c -o /Users/alfredo/Workspace/PTP-Implementation/ptpd/build-cmake/ios-simulator/build/ptpd2.build/Debug-iphonesimulator/Objects-normal/x86_64/iniparser.o -index-unit-output-path /ptpd2.build/Debug-iphonesimulator/Objects-normal/x86_64/iniparser.o

CompileC /Users/alfredo/Workspace/PTP-Implementation/ptpd/build-cmake/ios-simulator/build/ptpd2.build/Debug-iphonesimulator/Objects-normal/x86_64/eventtimer_itimer.o /Users/alfredo/Workspace/PTP-Implementation/ptpd/src/dep/eventtimer_itimer.c normal x86_64 c com.apple.compilers.llvm.clang.1_0.compiler (in target 'ptpd2' from project 'ptpd')
    cd /Users/alfredo/Workspace/PTP-Implementation/ptpd
    
    Using response file: /Users/alfredo/Workspace/PTP-Implementation/ptpd/build-cmake/ios-simulator/build/ptpd2.build/Debug-iphonesimulator/Objects-normal/x86_64/7187679823f38a2a940e0043cdf9d637-common-args.resp
    
    /Applications/Xcode.app/Contents/Developer/Toolchains/XcodeDefault.xctoolchain/usr/bin/clang -x c -ivfsstatcache /Users/alfredo/Library/Developer/Xcode/DerivedData/SDKStatCaches.noindex/iphonesimulator26.2-23C53-7d00a8b37fbd7999ea79df8ebc024bf0.sdkstatcache -fmessage-length\=0 -fdiagnostics-show-note-include-stack -fmacro-backtrace-limit\=0 -fno-color-diagnostics -Wno-trigraphs -Wno-missing-field-initializers -Wno-missing-prototypes -Wno-return-type -Wno-missing-braces -Wparentheses -Wswitch -Wno-unused-function -Wno-unused-label -Wno-unused-parameter -Wno-unused-variable -Wunused-value -Wno-empty-body -Wno-uninitialized -Wno-unknown-pragmas -Wno-shadow -Wno-four-char-constants -Wno-conversion -Wno-constant-conversion -Wno-int-conversion -Wno-bool-conversion -Wno-enum-conversion -Wno-float-conversion -Wno-non-literal-null-conversion -Wno-objc-literal-conversion -Wshorten-64-to-32 -Wpointer-sign -Wno-newline-eof -Wno-implicit-fallthrough -fstrict-aliasing -Wdeprecated-declarations -Wno-sign-conversion -Wno-infinite-recursion -Wno-comma -Wno-block-capture-autoreleasing -Wno-strict-prototypes -Wno-semicolon-before-method-body -index-store-path /Users/alfredo/Library/Developer/Xcode/DerivedData/ptpd-ckkaoshwswuydmbetxbmgznxlvtr/Index.noindex/DataStore -Wall @/Users/alfredo/Workspace/PTP-Implementation/ptpd/build-cmake/ios-simulator/build/ptpd2.build/Debug-iphonesimulator/Objects-normal/x86_64/7187679823f38a2a940e0043cdf9d637-common-args.resp -MMD -MT dependencies -MF /Users/alfredo/Workspace/PTP-Implementation/ptpd/build-cmake/ios-simulator/build/ptpd2.build/Debug-iphonesimulator/Objects-normal/x86_64/eventtimer_itimer.d --serialize-diagnostics /Users/alfredo/Workspace/PTP-Implementation/ptpd/build-cmake/ios-simulator/build/ptpd2.build/Debug-iphonesimulator/Objects-normal/x86_64/eventtimer_itimer.dia -c /Users/alfredo/Workspace/PTP-Implementation/ptpd/src/dep/eventtimer_itimer.c -o /Users/alfredo/Workspace/PTP-Implementation/ptpd/build-cmake/ios-simulator/build/ptpd2.build/Debug-iphonesimulator/Objects-normal/x86_64/eventtimer_itimer.o -index-unit-output-path /ptpd2.build/Debug-iphonesimulator/Objects-normal/x86_64/eventtimer_itimer.o
In file included from /Users/alfredo/Workspace/PTP-Implementation/ptpd/src/dep/eventtimer_itimer.c:54:
In file included from /Users/alfredo/Workspace/PTP-Implementation/ptpd/src/dep/../ptpd.h:162:
/Users/alfredo/Workspace/PTP-Implementation/ptpd/src/dep/../dep/constants_dep.h:149:9: warning: 'UNICAST_MAX_DESTINATIONS' macro redefined [-Wmacro-redefined]
  149 | #define UNICAST_MAX_DESTINATIONS 16
      |         ^
In file included from /Users/alfredo/Workspace/PTP-Implementation/ptpd/src/dep/eventtimer_itimer.c:54:
In file included from /Users/alfredo/Workspace/PTP-Implementation/ptpd/src/dep/../ptpd.h:22:
/Users/alfredo/Workspace/PTP-Implementation/ptpd/build-cmake/ios-simulator/config.h:243:9: note: previous definition is here
  243 | #define UNICAST_MAX_DESTINATIONS 128
      |         ^
1 warning generated.

CompileC /Users/alfredo/Workspace/PTP-Implementation/ptpd/build-cmake/ios-simulator/build/ptpd2.build/Debug-iphonesimulator/Objects-normal/x86_64/eventtimer.o /Users/alfredo/Workspace/PTP-Implementation/ptpd/src/dep/eventtimer.c normal x86_64 c com.apple.compilers.llvm.clang.1_0.compiler (in target 'ptpd2' from project 'ptpd')
    cd /Users/alfredo/Workspace/PTP-Implementation/ptpd
    
    Using response file: /Users/alfredo/Workspace/PTP-Implementation/ptpd/build-cmake/ios-simulator/build/ptpd2.build/Debug-iphonesimulator/Objects-normal/x86_64/7187679823f38a2a940e0043cdf9d637-common-args.resp
    
    /Applications/Xcode.app/Contents/Developer/Toolchains/XcodeDefault.xctoolchain/usr/bin/clang -x c -ivfsstatcache /Users/alfredo/Library/Developer/Xcode/DerivedData/SDKStatCaches.noindex/iphonesimulator26.2-23C53-7d00a8b37fbd7999ea79df8ebc024bf0.sdkstatcache -fmessage-length\=0 -fdiagnostics-show-note-include-stack -fmacro-backtrace-limit\=0 -fno-color-diagnostics -Wno-trigraphs -Wno-missing-field-initializers -Wno-missing-prototypes -Wno-return-type -Wno-missing-braces -Wparentheses -Wswitch -Wno-unused-function -Wno-unused-label -Wno-unused-parameter -Wno-unused-variable -Wunused-value -Wno-empty-body -Wno-uninitialized -Wno-unknown-pragmas -Wno-shadow -Wno-four-char-constants -Wno-conversion -Wno-constant-conversion -Wno-int-conversion -Wno-bool-conversion -Wno-enum-conversion -Wno-float-conversion -Wno-non-literal-null-conversion -Wno-objc-literal-conversion -Wshorten-64-to-32 -Wpointer-sign -Wno-newline-eof -Wno-implicit-fallthrough -fstrict-aliasing -Wdeprecated-declarations -Wno-sign-conversion -Wno-infinite-recursion -Wno-comma -Wno-block-capture-autoreleasing -Wno-strict-prototypes -Wno-semicolon-before-method-body -index-store-path /Users/alfredo/Library/Developer/Xcode/DerivedData/ptpd-ckkaoshwswuydmbetxbmgznxlvtr/Index.noindex/DataStore -Wall @/Users/alfredo/Workspace/PTP-Implementation/ptpd/build-cmake/ios-simulator/build/ptpd2.build/Debug-iphonesimulator/Objects-normal/x86_64/7187679823f38a2a940e0043cdf9d637-common-args.resp -MMD -MT dependencies -MF /Users/alfredo/Workspace/PTP-Implementation/ptpd/build-cmake/ios-simulator/build/ptpd2.build/Debug-iphonesimulator/Objects-normal/x86_64/eventtimer.d --serialize-diagnostics /Users/alfredo/Workspace/PTP-Implementation/ptpd/build-cmake/ios-simulator/build/ptpd2.build/Debug-iphonesimulator/Objects-normal/x86_64/eventtimer.dia -c /Users/alfredo/Workspace/PTP-Implementation/ptpd/src/dep/eventtimer.c -o /Users/alfredo/Workspace/PTP-Implementation/ptpd/build-cmake/ios-simulator/build/ptpd2.build/Debug-iphonesimulator/Objects-normal/x86_64/eventtimer.o -index-unit-output-path /ptpd2.build/Debug-iphonesimulator/Objects-normal/x86_64/eventtimer.o
In file included from /Users/alfredo/Workspace/PTP-Implementation/ptpd/src/dep/eventtimer.c:38:
In file included from /Users/alfredo/Workspace/PTP-Implementation/ptpd/src/dep/../ptpd.h:162:
/Users/alfredo/Workspace/PTP-Implementation/ptpd/src/dep/../dep/constants_dep.h:149:9: warning: 'UNICAST_MAX_DESTINATIONS' macro redefined [-Wmacro-redefined]
  149 | #define UNICAST_MAX_DESTINATIONS 16
      |         ^
In file included from /Users/alfredo/Workspace/PTP-Implementation/ptpd/src/dep/eventtimer.c:38:
In file included from /Users/alfredo/Workspace/PTP-Implementation/ptpd/src/dep/../ptpd.h:22:
/Users/alfredo/Workspace/PTP-Implementation/ptpd/build-cmake/ios-simulator/config.h:243:9: note: previous definition is here
  243 | #define UNICAST_MAX_DESTINATIONS 128
      |         ^
1 warning generated.

CompileC /Users/alfredo/Workspace/PTP-Implementation/ptpd/build-cmake/ios-simulator/build/ptpd2.build/Debug-iphonesimulator/Objects-normal/x86_64/display.o /Users/alfredo/Workspace/PTP-Implementation/ptpd/src/display.c normal x86_64 c com.apple.compilers.llvm.clang.1_0.compiler (in target 'ptpd2' from project 'ptpd')
    cd /Users/alfredo/Workspace/PTP-Implementation/ptpd
    
    Using response file: /Users/alfredo/Workspace/PTP-Implementation/ptpd/build-cmake/ios-simulator/build/ptpd2.build/Debug-iphonesimulator/Objects-normal/x86_64/7187679823f38a2a940e0043cdf9d637-common-args.resp
    
    /Applications/Xcode.app/Contents/Developer/Toolchains/XcodeDefault.xctoolchain/usr/bin/clang -x c -ivfsstatcache /Users/alfredo/Library/Developer/Xcode/DerivedData/SDKStatCaches.noindex/iphonesimulator26.2-23C53-7d00a8b37fbd7999ea79df8ebc024bf0.sdkstatcache -fmessage-length\=0 -fdiagnostics-show-note-include-stack -fmacro-backtrace-limit\=0 -fno-color-diagnostics -Wno-trigraphs -Wno-missing-field-initializers -Wno-missing-prototypes -Wno-return-type -Wno-missing-braces -Wparentheses -Wswitch -Wno-unused-function -Wno-unused-label -Wno-unused-parameter -Wno-unused-variable -Wunused-value -Wno-empty-body -Wno-uninitialized -Wno-unknown-pragmas -Wno-shadow -Wno-four-char-constants -Wno-conversion -Wno-constant-conversion -Wno-int-conversion -Wno-bool-conversion -Wno-enum-conversion -Wno-float-conversion -Wno-non-literal-null-conversion -Wno-objc-literal-conversion -Wshorten-64-to-32 -Wpointer-sign -Wno-newline-eof -Wno-implicit-fallthrough -fstrict-aliasing -Wdeprecated-declarations -Wno-sign-conversion -Wno-infinite-recursion -Wno-comma -Wno-block-capture-autoreleasing -Wno-strict-prototypes -Wno-semicolon-before-method-body -index-store-path /Users/alfredo/Library/Developer/Xcode/DerivedData/ptpd-ckkaoshwswuydmbetxbmgznxlvtr/Index.noindex/DataStore -Wall @/Users/alfredo/Workspace/PTP-Implementation/ptpd/build-cmake/ios-simulator/build/ptpd2.build/Debug-iphonesimulator/Objects-normal/x86_64/7187679823f38a2a940e0043cdf9d637-common-args.resp -MMD -MT dependencies -MF /Users/alfredo/Workspace/PTP-Implementation/ptpd/build-cmake/ios-simulator/build/ptpd2.build/Debug-iphonesimulator/Objects-normal/x86_64/display.d --serialize-diagnostics /Users/alfredo/Workspace/PTP-Implementation/ptpd/build-cmake/ios-simulator/build/ptpd2.build/Debug-iphonesimulator/Objects-normal/x86_64/display.dia -c /Users/alfredo/Workspace/PTP-Implementation/ptpd/src/display.c -o /Users/alfredo/Workspace/PTP-Implementation/ptpd/build-cmake/ios-simulator/build/ptpd2.build/Debug-iphonesimulator/Objects-normal/x86_64/display.o -index-unit-output-path /ptpd2.build/Debug-iphonesimulator/Objects-normal/x86_64/display.o
In file included from /Users/alfredo/Workspace/PTP-Implementation/ptpd/src/display.c:55:
In file included from /Users/alfredo/Workspace/PTP-Implementation/ptpd/src/ptpd.h:162:
/Users/alfredo/Workspace/PTP-Implementation/ptpd/src/dep/constants_dep.h:149:9: warning: 'UNICAST_MAX_DESTINATIONS' macro redefined [-Wmacro-redefined]
  149 | #define UNICAST_MAX_DESTINATIONS 16
      |         ^
In file included from /Users/alfredo/Workspace/PTP-Implementation/ptpd/src/display.c:55:
In file included from /Users/alfredo/Workspace/PTP-Implementation/ptpd/src/ptpd.h:22:
/Users/alfredo/Workspace/PTP-Implementation/ptpd/build-cmake/ios-simulator/config.h:243:9: note: previous definition is here
  243 | #define UNICAST_MAX_DESTINATIONS 128
      |         ^
1 warning generated.

CompileC /Users/alfredo/Workspace/PTP-Implementation/ptpd/build-cmake/ios-simulator/build/ptpd2.build/Debug-iphonesimulator/Objects-normal/x86_64/dictionary.o /Users/alfredo/Workspace/PTP-Implementation/ptpd/src/dep/iniparser/dictionary.c normal x86_64 c com.apple.compilers.llvm.clang.1_0.compiler (in target 'ptpd2' from project 'ptpd')
    cd /Users/alfredo/Workspace/PTP-Implementation/ptpd
    
    Using response file: /Users/alfredo/Workspace/PTP-Implementation/ptpd/build-cmake/ios-simulator/build/ptpd2.build/Debug-iphonesimulator/Objects-normal/x86_64/7187679823f38a2a940e0043cdf9d637-common-args.resp
    
    /Applications/Xcode.app/Contents/Developer/Toolchains/XcodeDefault.xctoolchain/usr/bin/clang -x c -ivfsstatcache /Users/alfredo/Library/Developer/Xcode/DerivedData/SDKStatCaches.noindex/iphonesimulator26.2-23C53-7d00a8b37fbd7999ea79df8ebc024bf0.sdkstatcache -fmessage-length\=0 -fdiagnostics-show-note-include-stack -fmacro-backtrace-limit\=0 -fno-color-diagnostics -Wno-trigraphs -Wno-missing-field-initializers -Wno-missing-prototypes -Wno-return-type -Wno-missing-braces -Wparentheses -Wswitch -Wno-unused-function -Wno-unused-label -Wno-unused-parameter -Wno-unused-variable -Wunused-value -Wno-empty-body -Wno-uninitialized -Wno-unknown-pragmas -Wno-shadow -Wno-four-char-constants -Wno-conversion -Wno-constant-conversion -Wno-int-conversion -Wno-bool-conversion -Wno-enum-conversion -Wno-float-conversion -Wno-non-literal-null-conversion -Wno-objc-literal-conversion -Wshorten-64-to-32 -Wpointer-sign -Wno-newline-eof -Wno-implicit-fallthrough -fstrict-aliasing -Wdeprecated-declarations -Wno-sign-conversion -Wno-infinite-recursion -Wno-comma -Wno-block-capture-autoreleasing -Wno-strict-prototypes -Wno-semicolon-before-method-body -index-store-path /Users/alfredo/Library/Developer/Xcode/DerivedData/ptpd-ckkaoshwswuydmbetxbmgznxlvtr/Index.noindex/DataStore -Wall @/Users/alfredo/Workspace/PTP-Implementation/ptpd/build-cmake/ios-simulator/build/ptpd2.build/Debug-iphonesimulator/Objects-normal/x86_64/7187679823f38a2a940e0043cdf9d637-common-args.resp -MMD -MT dependencies -MF /Users/alfredo/Workspace/PTP-Implementation/ptpd/build-cmake/ios-simulator/build/ptpd2.build/Debug-iphonesimulator/Objects-normal/x86_64/dictionary.d --serialize-diagnostics /Users/alfredo/Workspace/PTP-Implementation/ptpd/build-cmake/ios-simulator/build/ptpd2.build/Debug-iphonesimulator/Objects-normal/x86_64/dictionary.dia -c /Users/alfredo/Workspace/PTP-Implementation/ptpd/src/dep/iniparser/dictionary.c -o /Users/alfredo/Workspace/PTP-Implementation/ptpd/build-cmake/ios-simulator/build/ptpd2.build/Debug-iphonesimulator/Objects-normal/x86_64/dictionary.o -index-unit-output-path /ptpd2.build/Debug-iphonesimulator/Objects-normal/x86_64/dictionary.o
/Users/alfredo/Workspace/PTP-Implementation/ptpd/src/dep/iniparser/dictionary.c:94:11: warning: implicit conversion loses integer precision: 'unsigned long' to 'int' [-Wshorten-64-to-32]
   94 |     len = strlen(key);
      |         ~ ^~~~~~~~~~~
/Users/alfredo/Workspace/PTP-Implementation/ptpd/src/dep/iniparser/dictionary.c:376:22: warning: implicit conversion loses integer precision: 'unsigned long' to 'int' [-Wshorten-64-to-32]
  376 |                 maxcount = bufsize - strlen(out);
      |                          ~ ~~~~~~~~^~~~~~~~~~~~~
/Users/alfredo/Workspace/PTP-Implementation/ptpd/src/dep/iniparser/dictionary.c:380:22: warning: implicit conversion loses integer precision: 'unsigned long' to 'int' [-Wshorten-64-to-32]
  380 |                 maxcount = bufsize - strlen(out);
      |                          ~ ~~~~~~~~^~~~~~~~~~~~~
/Users/alfredo/Workspace/PTP-Implementation/ptpd/src/dep/iniparser/dictionary.c:391:22: warning: implicit conversion loses integer precision: 'unsigned long' to 'int' [-Wshorten-64-to-32]
  391 |                 maxcount = bufsize - strlen(out);
      |                          ~ ~~~~~~~~^~~~~~~~~~~~~
4 warnings generated.

CompileC /Users/alfredo/Workspace/PTP-Implementation/ptpd/build-cmake/ios-simulator/build/ptpd2.build/Debug-iphonesimulator/Objects-normal/x86_64/daemonconfig.o /Users/alfredo/Workspace/PTP-Implementation/ptpd/src/dep/daemonconfig.c normal x86_64 c com.apple.compilers.llvm.clang.1_0.compiler (in target 'ptpd2' from project 'ptpd')
    cd /Users/alfredo/Workspace/PTP-Implementation/ptpd
    
    Using response file: /Users/alfredo/Workspace/PTP-Implementation/ptpd/build-cmake/ios-simulator/build/ptpd2.build/Debug-iphonesimulator/Objects-normal/x86_64/7187679823f38a2a940e0043cdf9d637-common-args.resp
    
    /Applications/Xcode.app/Contents/Developer/Toolchains/XcodeDefault.xctoolchain/usr/bin/clang -x c -ivfsstatcache /Users/alfredo/Library/Developer/Xcode/DerivedData/SDKStatCaches.noindex/iphonesimulator26.2-23C53-7d00a8b37fbd7999ea79df8ebc024bf0.sdkstatcache -fmessage-length\=0 -fdiagnostics-show-note-include-stack -fmacro-backtrace-limit\=0 -fno-color-diagnostics -Wno-trigraphs -Wno-missing-field-initializers -Wno-missing-prototypes -Wno-return-type -Wno-missing-braces -Wparentheses -Wswitch -Wno-unused-function -Wno-unused-label -Wno-unused-parameter -Wno-unused-variable -Wunused-value -Wno-empty-body -Wno-uninitialized -Wno-unknown-pragmas -Wno-shadow -Wno-four-char-constants -Wno-conversion -Wno-constant-conversion -Wno-int-conversion -Wno-bool-conversion -Wno-enum-conversion -Wno-float-conversion -Wno-non-literal-null-conversion -Wno-objc-literal-conversion -Wshorten-64-to-32 -Wpointer-sign -Wno-newline-eof -Wno-implicit-fallthrough -fstrict-aliasing -Wdeprecated-declarations -Wno-sign-conversion -Wno-infinite-recursion -Wno-comma -Wno-block-capture-autoreleasing -Wno-strict-prototypes -Wno-semicolon-before-method-body -index-store-path /Users/alfredo/Library/Developer/Xcode/DerivedData/ptpd-ckkaoshwswuydmbetxbmgznxlvtr/Index.noindex/DataStore -Wall @/Users/alfredo/Workspace/PTP-Implementation/ptpd/build-cmake/ios-simulator/build/ptpd2.build/Debug-iphonesimulator/Objects-normal/x86_64/7187679823f38a2a940e0043cdf9d637-common-args.resp -MMD -MT dependencies -MF /Users/alfredo/Workspace/PTP-Implementation/ptpd/build-cmake/ios-simulator/build/ptpd2.build/Debug-iphonesimulator/Objects-normal/x86_64/daemonconfig.d --serialize-diagnostics /Users/alfredo/Workspace/PTP-Implementation/ptpd/build-cmake/ios-simulator/build/ptpd2.build/Debug-iphonesimulator/Objects-normal/x86_64/daemonconfig.dia -c /Users/alfredo/Workspace/PTP-Implementation/ptpd/src/dep/daemonconfig.c -o /Users/alfredo/Workspace/PTP-Implementation/ptpd/build-cmake/ios-simulator/build/ptpd2.build/Debug-iphonesimulator/Objects-normal/x86_64/daemonconfig.o -index-unit-output-path /ptpd2.build/Debug-iphonesimulator/Objects-normal/x86_64/daemonconfig.o
In file included from /Users/alfredo/Workspace/PTP-Implementation/ptpd/src/dep/daemonconfig.c:40:
In file included from /Users/alfredo/Workspace/PTP-Implementation/ptpd/src/dep/../ptpd.h:162:
/Users/alfredo/Workspace/PTP-Implementation/ptpd/src/dep/../dep/constants_dep.h:149:9: warning: 'UNICAST_MAX_DESTINATIONS' macro redefined [-Wmacro-redefined]
  149 | #define UNICAST_MAX_DESTINATIONS 16
      |         ^
In file included from /Users/alfredo/Workspace/PTP-Implementation/ptpd/src/dep/daemonconfig.c:40:
In file included from /Users/alfredo/Workspace/PTP-Implementation/ptpd/src/dep/../ptpd.h:22:
/Users/alfredo/Workspace/PTP-Implementation/ptpd/build-cmake/ios-simulator/config.h:243:9: note: previous definition is here
  243 | #define UNICAST_MAX_DESTINATIONS 128
      |         ^
/Users/alfredo/Workspace/PTP-Implementation/ptpd/src/dep/daemonconfig.c:226:11: warning: implicit conversion loses integer precision: 'unsigned long' to 'int' [-Wshorten-64-to-32]
  226 |     len = strlen(helptext);
      |         ~ ^~~~~~~~~~~~~~~~
2 warnings generated.

CompileC /Users/alfredo/Workspace/PTP-Implementation/ptpd/build-cmake/ios-simulator/build/ptpd2.build/Debug-iphonesimulator/Objects-normal/x86_64/configdefaults.o /Users/alfredo/Workspace/PTP-Implementation/ptpd/src/dep/configdefaults.c normal x86_64 c com.apple.compilers.llvm.clang.1_0.compiler (in target 'ptpd2' from project 'ptpd')
    cd /Users/alfredo/Workspace/PTP-Implementation/ptpd
    
    Using response file: /Users/alfredo/Workspace/PTP-Implementation/ptpd/build-cmake/ios-simulator/build/ptpd2.build/Debug-iphonesimulator/Objects-normal/x86_64/7187679823f38a2a940e0043cdf9d637-common-args.resp
    
    /Applications/Xcode.app/Contents/Developer/Toolchains/XcodeDefault.xctoolchain/usr/bin/clang -x c -ivfsstatcache /Users/alfredo/Library/Developer/Xcode/DerivedData/SDKStatCaches.noindex/iphonesimulator26.2-23C53-7d00a8b37fbd7999ea79df8ebc024bf0.sdkstatcache -fmessage-length\=0 -fdiagnostics-show-note-include-stack -fmacro-backtrace-limit\=0 -fno-color-diagnostics -Wno-trigraphs -Wno-missing-field-initializers -Wno-missing-prototypes -Wno-return-type -Wno-missing-braces -Wparentheses -Wswitch -Wno-unused-function -Wno-unused-label -Wno-unused-parameter -Wno-unused-variable -Wunused-value -Wno-empty-body -Wno-uninitialized -Wno-unknown-pragmas -Wno-shadow -Wno-four-char-constants -Wno-conversion -Wno-constant-conversion -Wno-int-conversion -Wno-bool-conversion -Wno-enum-conversion -Wno-float-conversion -Wno-non-literal-null-conversion -Wno-objc-literal-conversion -Wshorten-64-to-32 -Wpointer-sign -Wno-newline-eof -Wno-implicit-fallthrough -fstrict-aliasing -Wdeprecated-declarations -Wno-sign-conversion -Wno-infinite-recursion -Wno-comma -Wno-block-capture-autoreleasing -Wno-strict-prototypes -Wno-semicolon-before-method-body -index-store-path /Users/alfredo/Library/Developer/Xcode/DerivedData/ptpd-ckkaoshwswuydmbetxbmgznxlvtr/Index.noindex/DataStore -Wall @/Users/alfredo/Workspace/PTP-Implementation/ptpd/build-cmake/ios-simulator/build/ptpd2.build/Debug-iphonesimulator/Objects-normal/x86_64/7187679823f38a2a940e0043cdf9d637-common-args.resp -MMD -MT dependencies -MF /Users/alfredo/Workspace/PTP-Implementation/ptpd/build-cmake/ios-simulator/build/ptpd2.build/Debug-iphonesimulator/Objects-normal/x86_64/configdefaults.d --serialize-diagnostics /Users/alfredo/Workspace/PTP-Implementation/ptpd/build-cmake/ios-simulator/build/ptpd2.build/Debug-iphonesimulator/Objects-normal/x86_64/configdefaults.dia -c /Users/alfredo/Workspace/PTP-Implementation/ptpd/src/dep/configdefaults.c -o /Users/alfredo/Workspace/PTP-Implementation/ptpd/build-cmake/ios-simulator/build/ptpd2.build/Debug-iphonesimulator/Objects-normal/x86_64/configdefaults.o -index-unit-output-path /ptpd2.build/Debug-iphonesimulator/Objects-normal/x86_64/configdefaults.o
In file included from /Users/alfredo/Workspace/PTP-Implementation/ptpd/src/dep/configdefaults.c:35:
In file included from /Users/alfredo/Workspace/PTP-Implementation/ptpd/src/dep/../ptpd.h:162:
/Users/alfredo/Workspace/PTP-Implementation/ptpd/src/dep/../dep/constants_dep.h:149:9: warning: 'UNICAST_MAX_DESTINATIONS' macro redefined [-Wmacro-redefined]
  149 | #define UNICAST_MAX_DESTINATIONS 16
      |         ^
In file included from /Users/alfredo/Workspace/PTP-Implementation/ptpd/src/dep/configdefaults.c:35:
In file included from /Users/alfredo/Workspace/PTP-Implementation/ptpd/src/dep/../ptpd.h:22:
/Users/alfredo/Workspace/PTP-Implementation/ptpd/build-cmake/ios-simulator/config.h:243:9: note: previous definition is here
  243 | #define UNICAST_MAX_DESTINATIONS 128
      |         ^
1 warning generated.

CompileC /Users/alfredo/Workspace/PTP-Implementation/ptpd/build-cmake/ios-simulator/build/ptpd2.build/Debug-iphonesimulator/Objects-normal/x86_64/bmc.o /Users/alfredo/Workspace/PTP-Implementation/ptpd/src/bmc.c normal x86_64 c com.apple.compilers.llvm.clang.1_0.compiler (in target 'ptpd2' from project 'ptpd')
    cd /Users/alfredo/Workspace/PTP-Implementation/ptpd
    
    Using response file: /Users/alfredo/Workspace/PTP-Implementation/ptpd/build-cmake/ios-simulator/build/ptpd2.build/Debug-iphonesimulator/Objects-normal/x86_64/7187679823f38a2a940e0043cdf9d637-common-args.resp
    
    /Applications/Xcode.app/Contents/Developer/Toolchains/XcodeDefault.xctoolchain/usr/bin/clang -x c -ivfsstatcache /Users/alfredo/Library/Developer/Xcode/DerivedData/SDKStatCaches.noindex/iphonesimulator26.2-23C53-7d00a8b37fbd7999ea79df8ebc024bf0.sdkstatcache -fmessage-length\=0 -fdiagnostics-show-note-include-stack -fmacro-backtrace-limit\=0 -fno-color-diagnostics -Wno-trigraphs -Wno-missing-field-initializers -Wno-missing-prototypes -Wno-return-type -Wno-missing-braces -Wparentheses -Wswitch -Wno-unused-function -Wno-unused-label -Wno-unused-parameter -Wno-unused-variable -Wunused-value -Wno-empty-body -Wno-uninitialized -Wno-unknown-pragmas -Wno-shadow -Wno-four-char-constants -Wno-conversion -Wno-constant-conversion -Wno-int-conversion -Wno-bool-conversion -Wno-enum-conversion -Wno-float-conversion -Wno-non-literal-null-conversion -Wno-objc-literal-conversion -Wshorten-64-to-32 -Wpointer-sign -Wno-newline-eof -Wno-implicit-fallthrough -fstrict-aliasing -Wdeprecated-declarations -Wno-sign-conversion -Wno-infinite-recursion -Wno-comma -Wno-block-capture-autoreleasing -Wno-strict-prototypes -Wno-semicolon-before-method-body -index-store-path /Users/alfredo/Library/Developer/Xcode/DerivedData/ptpd-ckkaoshwswuydmbetxbmgznxlvtr/Index.noindex/DataStore -Wall @/Users/alfredo/Workspace/PTP-Implementation/ptpd/build-cmake/ios-simulator/build/ptpd2.build/Debug-iphonesimulator/Objects-normal/x86_64/7187679823f38a2a940e0043cdf9d637-common-args.resp -MMD -MT dependencies -MF /Users/alfredo/Workspace/PTP-Implementation/ptpd/build-cmake/ios-simulator/build/ptpd2.build/Debug-iphonesimulator/Objects-normal/x86_64/bmc.d --serialize-diagnostics /Users/alfredo/Workspace/PTP-Implementation/ptpd/build-cmake/ios-simulator/build/ptpd2.build/Debug-iphonesimulator/Objects-normal/x86_64/bmc.dia -c /Users/alfredo/Workspace/PTP-Implementation/ptpd/src/bmc.c -o /Users/alfredo/Workspace/PTP-Implementation/ptpd/build-cmake/ios-simulator/build/ptpd2.build/Debug-iphonesimulator/Objects-normal/x86_64/bmc.o -index-unit-output-path /ptpd2.build/Debug-iphonesimulator/Objects-normal/x86_64/bmc.o
In file included from /Users/alfredo/Workspace/PTP-Implementation/ptpd/src/bmc.c:55:
In file included from /Users/alfredo/Workspace/PTP-Implementation/ptpd/src/ptpd.h:162:
/Users/alfredo/Workspace/PTP-Implementation/ptpd/src/dep/constants_dep.h:149:9: warning: 'UNICAST_MAX_DESTINATIONS' macro redefined [-Wmacro-redefined]
  149 | #define UNICAST_MAX_DESTINATIONS 16
      |         ^
In file included from /Users/alfredo/Workspace/PTP-Implementation/ptpd/src/bmc.c:55:
In file included from /Users/alfredo/Workspace/PTP-Implementation/ptpd/src/ptpd.h:22:
/Users/alfredo/Workspace/PTP-Implementation/ptpd/build-cmake/ios-simulator/config.h:243:9: note: previous definition is here
  243 | #define UNICAST_MAX_DESTINATIONS 128
      |         ^
1 warning generated.

CompileC /Users/alfredo/Workspace/PTP-Implementation/ptpd/build-cmake/ios-simulator/build/ptpd2.build/Debug-iphonesimulator/Objects-normal/x86_64/arith.o /Users/alfredo/Workspace/PTP-Implementation/ptpd/src/arith.c normal x86_64 c com.apple.compilers.llvm.clang.1_0.compiler (in target 'ptpd2' from project 'ptpd')
    cd /Users/alfredo/Workspace/PTP-Implementation/ptpd
    
    Using response file: /Users/alfredo/Workspace/PTP-Implementation/ptpd/build-cmake/ios-simulator/build/ptpd2.build/Debug-iphonesimulator/Objects-normal/x86_64/7187679823f38a2a940e0043cdf9d637-common-args.resp
    
    /Applications/Xcode.app/Contents/Developer/Toolchains/XcodeDefault.xctoolchain/usr/bin/clang -x c -ivfsstatcache /Users/alfredo/Library/Developer/Xcode/DerivedData/SDKStatCaches.noindex/iphonesimulator26.2-23C53-7d00a8b37fbd7999ea79df8ebc024bf0.sdkstatcache -fmessage-length\=0 -fdiagnostics-show-note-include-stack -fmacro-backtrace-limit\=0 -fno-color-diagnostics -Wno-trigraphs -Wno-missing-field-initializers -Wno-missing-prototypes -Wno-return-type -Wno-missing-braces -Wparentheses -Wswitch -Wno-unused-function -Wno-unused-label -Wno-unused-parameter -Wno-unused-variable -Wunused-value -Wno-empty-body -Wno-uninitialized -Wno-unknown-pragmas -Wno-shadow -Wno-four-char-constants -Wno-conversion -Wno-constant-conversion -Wno-int-conversion -Wno-bool-conversion -Wno-enum-conversion -Wno-float-conversion -Wno-non-literal-null-conversion -Wno-objc-literal-conversion -Wshorten-64-to-32 -Wpointer-sign -Wno-newline-eof -Wno-implicit-fallthrough -fstrict-aliasing -Wdeprecated-declarations -Wno-sign-conversion -Wno-infinite-recursion -Wno-comma -Wno-block-capture-autoreleasing -Wno-strict-prototypes -Wno-semicolon-before-method-body -index-store-path /Users/alfredo/Library/Developer/Xcode/DerivedData/ptpd-ckkaoshwswuydmbetxbmgznxlvtr/Index.noindex/DataStore -Wall @/Users/alfredo/Workspace/PTP-Implementation/ptpd/build-cmake/ios-simulator/build/ptpd2.build/Debug-iphonesimulator/Objects-normal/x86_64/7187679823f38a2a940e0043cdf9d637-common-args.resp -MMD -MT dependencies -MF /Users/alfredo/Workspace/PTP-Implementation/ptpd/build-cmake/ios-simulator/build/ptpd2.build/Debug-iphonesimulator/Objects-normal/x86_64/arith.d --serialize-diagnostics /Users/alfredo/Workspace/PTP-Implementation/ptpd/build-cmake/ios-simulator/build/ptpd2.build/Debug-iphonesimulator/Objects-normal/x86_64/arith.dia -c /Users/alfredo/Workspace/PTP-Implementation/ptpd/src/arith.c -o /Users/alfredo/Workspace/PTP-Implementation/ptpd/build-cmake/ios-simulator/build/ptpd2.build/Debug-iphonesimulator/Objects-normal/x86_64/arith.o -index-unit-output-path /ptpd2.build/Debug-iphonesimulator/Objects-normal/x86_64/arith.o
In file included from /Users/alfredo/Workspace/PTP-Implementation/ptpd/src/arith.c:54:
In file included from /Users/alfredo/Workspace/PTP-Implementation/ptpd/src/ptpd.h:162:
/Users/alfredo/Workspace/PTP-Implementation/ptpd/src/dep/constants_dep.h:149:9: warning: 'UNICAST_MAX_DESTINATIONS' macro redefined [-Wmacro-redefined]
  149 | #define UNICAST_MAX_DESTINATIONS 16
      |         ^
In file included from /Users/alfredo/Workspace/PTP-Implementation/ptpd/src/arith.c:54:
In file included from /Users/alfredo/Workspace/PTP-Implementation/ptpd/src/ptpd.h:22:
/Users/alfredo/Workspace/PTP-Implementation/ptpd/build-cmake/ios-simulator/config.h:243:9: note: previous definition is here
  243 | #define UNICAST_MAX_DESTINATIONS 128
      |         ^
/Users/alfredo/Workspace/PTP-Implementation/ptpd/src/arith.c:91:27: warning: implicit conversion loses integer precision: 'int64_t' (aka 'long long') to 'Integer32' (aka 'int') [-Wshorten-64-to-32]
   91 |         internal->seconds = sign * (scaledNanoseconds / 1000000000);
      |                           ~ ~~~~~^~~~~~~~~~~~~~~~~~~~~~~~~~~~~~~~~~
/Users/alfredo/Workspace/PTP-Implementation/ptpd/src/arith.c:140:18: warning: implicit conversion loses integer precision: 'const __darwin_time_t' (aka 'const long') to 'Integer32' (aka 'int') [-Wshorten-64-to-32]
  140 |         b->seconds = a->tv_sec;
      |                    ~ ~~~^~~~~~
/Users/alfredo/Workspace/PTP-Implementation/ptpd/src/arith.c:141:22: warning: implicit conversion loses integer precision: 'const long' to 'Integer32' (aka 'int') [-Wshorten-64-to-32]
  141 |         b->nanoseconds = a->tv_nsec;
      |                        ~ ~~~^~~~~~~
/Users/alfredo/Workspace/PTP-Implementation/ptpd/src/arith.c:148:18: warning: implicit conversion loses integer precision: 'const __darwin_time_t' (aka 'const long') to 'Integer32' (aka 'int') [-Wshorten-64-to-32]
  148 |         b->seconds = a->tv_sec;
      |                    ~ ~~~^~~~~~
5 warnings generated.

CompileC /Users/alfredo/Workspace/PTP-Implementation/ptpd/build-cmake/ios-simulator/build/ptpd2.build/Debug-iphonesimulator/Objects-normal/x86_64/alarms.o /Users/alfredo/Workspace/PTP-Implementation/ptpd/src/dep/alarms.c normal x86_64 c com.apple.compilers.llvm.clang.1_0.compiler (in target 'ptpd2' from project 'ptpd')
    cd /Users/alfredo/Workspace/PTP-Implementation/ptpd
    
    Using response file: /Users/alfredo/Workspace/PTP-Implementation/ptpd/build-cmake/ios-simulator/build/ptpd2.build/Debug-iphonesimulator/Objects-normal/x86_64/7187679823f38a2a940e0043cdf9d637-common-args.resp
    
    /Applications/Xcode.app/Contents/Developer/Toolchains/XcodeDefault.xctoolchain/usr/bin/clang -x c -ivfsstatcache /Users/alfredo/Library/Developer/Xcode/DerivedData/SDKStatCaches.noindex/iphonesimulator26.2-23C53-7d00a8b37fbd7999ea79df8ebc024bf0.sdkstatcache -fmessage-length\=0 -fdiagnostics-show-note-include-stack -fmacro-backtrace-limit\=0 -fno-color-diagnostics -Wno-trigraphs -Wno-missing-field-initializers -Wno-missing-prototypes -Wno-return-type -Wno-missing-braces -Wparentheses -Wswitch -Wno-unused-function -Wno-unused-label -Wno-unused-parameter -Wno-unused-variable -Wunused-value -Wno-empty-body -Wno-uninitialized -Wno-unknown-pragmas -Wno-shadow -Wno-four-char-constants -Wno-conversion -Wno-constant-conversion -Wno-int-conversion -Wno-bool-conversion -Wno-enum-conversion -Wno-float-conversion -Wno-non-literal-null-conversion -Wno-objc-literal-conversion -Wshorten-64-to-32 -Wpointer-sign -Wno-newline-eof -Wno-implicit-fallthrough -fstrict-aliasing -Wdeprecated-declarations -Wno-sign-conversion -Wno-infinite-recursion -Wno-comma -Wno-block-capture-autoreleasing -Wno-strict-prototypes -Wno-semicolon-before-method-body -index-store-path /Users/alfredo/Library/Developer/Xcode/DerivedData/ptpd-ckkaoshwswuydmbetxbmgznxlvtr/Index.noindex/DataStore -Wall @/Users/alfredo/Workspace/PTP-Implementation/ptpd/build-cmake/ios-simulator/build/ptpd2.build/Debug-iphonesimulator/Objects-normal/x86_64/7187679823f38a2a940e0043cdf9d637-common-args.resp -MMD -MT dependencies -MF /Users/alfredo/Workspace/PTP-Implementation/ptpd/build-cmake/ios-simulator/build/ptpd2.build/Debug-iphonesimulator/Objects-normal/x86_64/alarms.d --serialize-diagnostics /Users/alfredo/Workspace/PTP-Implementation/ptpd/build-cmake/ios-simulator/build/ptpd2.build/Debug-iphonesimulator/Objects-normal/x86_64/alarms.dia -c /Users/alfredo/Workspace/PTP-Implementation/ptpd/src/dep/alarms.c -o /Users/alfredo/Workspace/PTP-Implementation/ptpd/build-cmake/ios-simulator/build/ptpd2.build/Debug-iphonesimulator/Objects-normal/x86_64/alarms.o -index-unit-output-path /ptpd2.build/Debug-iphonesimulator/Objects-normal/x86_64/alarms.o
In file included from /Users/alfredo/Workspace/PTP-Implementation/ptpd/src/dep/alarms.c:36:
In file included from /Users/alfredo/Workspace/PTP-Implementation/ptpd/src/dep/../ptpd.h:162:
/Users/alfredo/Workspace/PTP-Implementation/ptpd/src/dep/../dep/constants_dep.h:149:9: warning: 'UNICAST_MAX_DESTINATIONS' macro redefined [-Wmacro-redefined]
  149 | #define UNICAST_MAX_DESTINATIONS 16
      |         ^
In file included from /Users/alfredo/Workspace/PTP-Implementation/ptpd/src/dep/alarms.c:36:
In file included from /Users/alfredo/Workspace/PTP-Implementation/ptpd/src/dep/../ptpd.h:22:
/Users/alfredo/Workspace/PTP-Implementation/ptpd/build-cmake/ios-simulator/config.h:243:9: note: previous definition is here
  243 | #define UNICAST_MAX_DESTINATIONS 128
      |         ^
1 warning generated.

CompileC /Users/alfredo/Workspace/PTP-Implementation/ptpd/build-cmake/ios-simulator/build/ptpd2.build/Debug-iphonesimulator/Objects-normal/arm64/timingdomain.o /Users/alfredo/Workspace/PTP-Implementation/ptpd/src/timingdomain.c normal arm64 c com.apple.compilers.llvm.clang.1_0.compiler (in target 'ptpd2' from project 'ptpd')
    cd /Users/alfredo/Workspace/PTP-Implementation/ptpd
    
    Using response file: /Users/alfredo/Workspace/PTP-Implementation/ptpd/build-cmake/ios-simulator/build/ptpd2.build/Debug-iphonesimulator/Objects-normal/arm64/7187679823f38a2a940e0043cdf9d637-common-args.resp
    
    /Applications/Xcode.app/Contents/Developer/Toolchains/XcodeDefault.xctoolchain/usr/bin/clang -x c -ivfsstatcache /Users/alfredo/Library/Developer/Xcode/DerivedData/SDKStatCaches.noindex/iphonesimulator26.2-23C53-7d00a8b37fbd7999ea79df8ebc024bf0.sdkstatcache -fmessage-length\=0 -fdiagnostics-show-note-include-stack -fmacro-backtrace-limit\=0 -fno-color-diagnostics -Wno-trigraphs -Wno-missing-field-initializers -Wno-missing-prototypes -Wno-return-type -Wno-missing-braces -Wparentheses -Wswitch -Wno-unused-function -Wno-unused-label -Wno-unused-parameter -Wno-unused-variable -Wunused-value -Wno-empty-body -Wno-uninitialized -Wno-unknown-pragmas -Wno-shadow -Wno-four-char-constants -Wno-conversion -Wno-constant-conversion -Wno-int-conversion -Wno-bool-conversion -Wno-enum-conversion -Wno-float-conversion -Wno-non-literal-null-conversion -Wno-objc-literal-conversion -Wshorten-64-to-32 -Wpointer-sign -Wno-newline-eof -Wno-implicit-fallthrough -fstrict-aliasing -Wdeprecated-declarations -Wno-sign-conversion -Wno-infinite-recursion -Wno-comma -Wno-block-capture-autoreleasing -Wno-strict-prototypes -Wno-semicolon-before-method-body -index-store-path /Users/alfredo/Library/Developer/Xcode/DerivedData/ptpd-ckkaoshwswuydmbetxbmgznxlvtr/Index.noindex/DataStore -Wall @/Users/alfredo/Workspace/PTP-Implementation/ptpd/build-cmake/ios-simulator/build/ptpd2.build/Debug-iphonesimulator/Objects-normal/arm64/7187679823f38a2a940e0043cdf9d637-common-args.resp -MMD -MT dependencies -MF /Users/alfredo/Workspace/PTP-Implementation/ptpd/build-cmake/ios-simulator/build/ptpd2.build/Debug-iphonesimulator/Objects-normal/arm64/timingdomain.d --serialize-diagnostics /Users/alfredo/Workspace/PTP-Implementation/ptpd/build-cmake/ios-simulator/build/ptpd2.build/Debug-iphonesimulator/Objects-normal/arm64/timingdomain.dia -c /Users/alfredo/Workspace/PTP-Implementation/ptpd/src/timingdomain.c -o /Users/alfredo/Workspace/PTP-Implementation/ptpd/build-cmake/ios-simulator/build/ptpd2.build/Debug-iphonesimulator/Objects-normal/arm64/timingdomain.o -index-unit-output-path /ptpd2.build/Debug-iphonesimulator/Objects-normal/arm64/timingdomain.o
In file included from /Users/alfredo/Workspace/PTP-Implementation/ptpd/src/timingdomain.c:6:
In file included from /Users/alfredo/Workspace/PTP-Implementation/ptpd/src/ptpd.h:162:
/Users/alfredo/Workspace/PTP-Implementation/ptpd/src/dep/constants_dep.h:149:9: warning: 'UNICAST_MAX_DESTINATIONS' macro redefined [-Wmacro-redefined]
  149 | #define UNICAST_MAX_DESTINATIONS 16
      |         ^
In file included from /Users/alfredo/Workspace/PTP-Implementation/ptpd/src/timingdomain.c:6:
In file included from /Users/alfredo/Workspace/PTP-Implementation/ptpd/src/ptpd.h:22:
/Users/alfredo/Workspace/PTP-Implementation/ptpd/build-cmake/ios-simulator/config.h:243:9: note: previous definition is here
  243 | #define UNICAST_MAX_DESTINATIONS 128
      |         ^
/Users/alfredo/Workspace/PTP-Implementation/ptpd/src/timingdomain.c:303:69: warning: implicit conversion loses integer precision: 'uint64_t' (aka 'unsigned long long') to 'uint32_t' (aka 'unsigned int') [-Wshorten-64-to-32]
  303 |         ptpClock->counters.messageSendRate = ptpClock->netPath.sentPackets / service->updateInterval;
      |                                            ~ ~~~~~~~~~~~~~~~~~~~~~~~~~~~~~~^~~~~~~~~~~~~~~~~~~~~~~~~
/Users/alfredo/Workspace/PTP-Implementation/ptpd/src/timingdomain.c:304:76: warning: implicit conversion loses integer precision: 'uint64_t' (aka 'unsigned long long') to 'uint32_t' (aka 'unsigned int') [-Wshorten-64-to-32]
  304 |         ptpClock->counters.messageReceiveRate = ptpClock->netPath.receivedPackets / service->updateInterval;
      |                                               ~ ~~~~~~~~~~~~~~~~~~~~~~~~~~~~~~~~~~^~~~~~~~~~~~~~~~~~~~~~~~~
3 warnings generated.

CompileC /Users/alfredo/Workspace/PTP-Implementation/ptpd/build-cmake/ios-simulator/build/ptpd2.build/Debug-iphonesimulator/Objects-normal/arm64/sys.o /Users/alfredo/Workspace/PTP-Implementation/ptpd/src/dep/sys.c normal arm64 c com.apple.compilers.llvm.clang.1_0.compiler (in target 'ptpd2' from project 'ptpd')
    cd /Users/alfredo/Workspace/PTP-Implementation/ptpd
    
    Using response file: /Users/alfredo/Workspace/PTP-Implementation/ptpd/build-cmake/ios-simulator/build/ptpd2.build/Debug-iphonesimulator/Objects-normal/arm64/7187679823f38a2a940e0043cdf9d637-common-args.resp
    
    /Applications/Xcode.app/Contents/Developer/Toolchains/XcodeDefault.xctoolchain/usr/bin/clang -x c -ivfsstatcache /Users/alfredo/Library/Developer/Xcode/DerivedData/SDKStatCaches.noindex/iphonesimulator26.2-23C53-7d00a8b37fbd7999ea79df8ebc024bf0.sdkstatcache -fmessage-length\=0 -fdiagnostics-show-note-include-stack -fmacro-backtrace-limit\=0 -fno-color-diagnostics -Wno-trigraphs -Wno-missing-field-initializers -Wno-missing-prototypes -Wno-return-type -Wno-missing-braces -Wparentheses -Wswitch -Wno-unused-function -Wno-unused-label -Wno-unused-parameter -Wno-unused-variable -Wunused-value -Wno-empty-body -Wno-uninitialized -Wno-unknown-pragmas -Wno-shadow -Wno-four-char-constants -Wno-conversion -Wno-constant-conversion -Wno-int-conversion -Wno-bool-conversion -Wno-enum-conversion -Wno-float-conversion -Wno-non-literal-null-conversion -Wno-objc-literal-conversion -Wshorten-64-to-32 -Wpointer-sign -Wno-newline-eof -Wno-implicit-fallthrough -fstrict-aliasing -Wdeprecated-declarations -Wno-sign-conversion -Wno-infinite-recursion -Wno-comma -Wno-block-capture-autoreleasing -Wno-strict-prototypes -Wno-semicolon-before-method-body -index-store-path /Users/alfredo/Library/Developer/Xcode/DerivedData/ptpd-ckkaoshwswuydmbetxbmgznxlvtr/Index.noindex/DataStore -Wall @/Users/alfredo/Workspace/PTP-Implementation/ptpd/build-cmake/ios-simulator/build/ptpd2.build/Debug-iphonesimulator/Objects-normal/arm64/7187679823f38a2a940e0043cdf9d637-common-args.resp -MMD -MT dependencies -MF /Users/alfredo/Workspace/PTP-Implementation/ptpd/build-cmake/ios-simulator/build/ptpd2.build/Debug-iphonesimulator/Objects-normal/arm64/sys.d --serialize-diagnostics /Users/alfredo/Workspace/PTP-Implementation/ptpd/build-cmake/ios-simulator/build/ptpd2.build/Debug-iphonesimulator/Objects-normal/arm64/sys.dia -c /Users/alfredo/Workspace/PTP-Implementation/ptpd/src/dep/sys.c -o /Users/alfredo/Workspace/PTP-Implementation/ptpd/build-cmake/ios-simulator/build/ptpd2.build/Debug-iphonesimulator/Objects-normal/arm64/sys.o -index-unit-output-path /ptpd2.build/Debug-iphonesimulator/Objects-normal/arm64/sys.o
In file included from /Users/alfredo/Workspace/PTP-Implementation/ptpd/src/dep/sys.c:54:
In file included from /Users/alfredo/Workspace/PTP-Implementation/ptpd/src/dep/../ptpd.h:162:
/Users/alfredo/Workspace/PTP-Implementation/ptpd/src/dep/../dep/constants_dep.h:149:9: warning: 'UNICAST_MAX_DESTINATIONS' macro redefined [-Wmacro-redefined]
  149 | #define UNICAST_MAX_DESTINATIONS 16
      |         ^
In file included from /Users/alfredo/Workspace/PTP-Implementation/ptpd/src/dep/sys.c:54:
In file included from /Users/alfredo/Workspace/PTP-Implementation/ptpd/src/dep/../ptpd.h:22:
/Users/alfredo/Workspace/PTP-Implementation/ptpd/build-cmake/ios-simulator/config.h:243:9: note: previous definition is here
  243 | #define UNICAST_MAX_DESTINATIONS 128
      |         ^
/Users/alfredo/Workspace/PTP-Implementation/ptpd/src/dep/sys.c:425:26: warning: implicit conversion loses integer precision: 'off_t' (aka 'long long') to 'UInteger32' (aka 'unsigned int') [-Wshorten-64-to-32]
  425 |                 handler->fileSize = st.st_size;
      |                                   ~ ~~~^~~~~~~
/Users/alfredo/Workspace/PTP-Implementation/ptpd/src/dep/sys.c:1425:19: warning: implicit conversion loses integer precision: '__darwin_time_t' (aka 'long') to 'Integer32' (aka 'int') [-Wshorten-64-to-32]
 1425 |                 t->seconds = tr.tv_sec;
      |                            ~ ~~~^~~~~~
/Users/alfredo/Workspace/PTP-Implementation/ptpd/src/dep/sys.c:1426:23: warning: implicit conversion loses integer precision: 'long' to 'Integer32' (aka 'int') [-Wshorten-64-to-32]
 1426 |                 t->nanoseconds = tr.tv_nsec;
      |                                ~ ~~~^~~~~~~
/Users/alfredo/Workspace/PTP-Implementation/ptpd/src/dep/sys.c:1546:21: warning: implicit conversion loses integer precision: '__darwin_time_t' (aka 'long') to 'Integer32' (aka 'int') [-Wshorten-64-to-32]
 1546 |         time->seconds = tv.tv_sec;
      |                       ~ ~~~^~~~~~
/Users/alfredo/Workspace/PTP-Implementation/ptpd/src/dep/sys.c:1586:25: warning: implicit conversion loses integer precision: '__darwin_time_t' (aka 'long') to 'Integer32' (aka 'int') [-Wshorten-64-to-32]
 1586 |         time->seconds     = tv.tv_sec;
      |                           ~ ~~~^~~~~~
/Users/alfredo/Workspace/PTP-Implementation/ptpd/src/dep/sys.c:1827:25: warning: implicit conversion loses integer precision: 'size_t' (aka 'unsigned long') to 'int' [-Wshorten-64-to-32]
 1827 |         counter = matchedFiles.gl_pathc;
      |                 ~ ~~~~~~~~~~~~~^~~~~~~~
/Users/alfredo/Workspace/PTP-Implementation/ptpd/src/dep/sys.c:1872:29: warning: implicit conversion loses integer precision: 'size_t' (aka 'unsigned long') to 'int' [-Wshorten-64-to-32]
 1872 |             counter = matchedFiles.gl_pathc;
      |                     ~ ~~~~~~~~~~~~~^~~~~~~~
/Users/alfredo/Workspace/PTP-Implementation/ptpd/src/dep/sys.c:2464:29: warning: implicit conversion loses integer precision: 'unsigned long long' to 'Integer32' (aka 'int') [-Wshorten-64-to-32]
 2464 |             utcExpiry = ntpSeconds - NTP_EPOCH;
      |                       ~ ~~~~~~~~~~~^~~~~~~~~~~
/Users/alfredo/Workspace/PTP-Implementation/ptpd/src/dep/sys.c:2470:30: warning: implicit conversion loses integer precision: 'unsigned long long' to 'Integer32' (aka 'int') [-Wshorten-64-to-32]
 2470 |             utcSeconds = ntpSeconds - NTP_EPOCH;
      |                        ~ ~~~~~~~~~~~^~~~~~~~~~~
10 warnings generated.

CompileC /Users/alfredo/Workspace/PTP-Implementation/ptpd/build-cmake/ios-simulator/build/ptpd2.build/Debug-iphonesimulator/Objects-normal/arm64/statistics.o /Users/alfredo/Workspace/PTP-Implementation/ptpd/src/dep/statistics.c normal arm64 c com.apple.compilers.llvm.clang.1_0.compiler (in target 'ptpd2' from project 'ptpd')
    cd /Users/alfredo/Workspace/PTP-Implementation/ptpd
    
    Using response file: /Users/alfredo/Workspace/PTP-Implementation/ptpd/build-cmake/ios-simulator/build/ptpd2.build/Debug-iphonesimulator/Objects-normal/arm64/7187679823f38a2a940e0043cdf9d637-common-args.resp
    
    /Applications/Xcode.app/Contents/Developer/Toolchains/XcodeDefault.xctoolchain/usr/bin/clang -x c -ivfsstatcache /Users/alfredo/Library/Developer/Xcode/DerivedData/SDKStatCaches.noindex/iphonesimulator26.2-23C53-7d00a8b37fbd7999ea79df8ebc024bf0.sdkstatcache -fmessage-length\=0 -fdiagnostics-show-note-include-stack -fmacro-backtrace-limit\=0 -fno-color-diagnostics -Wno-trigraphs -Wno-missing-field-initializers -Wno-missing-prototypes -Wno-return-type -Wno-missing-braces -Wparentheses -Wswitch -Wno-unused-function -Wno-unused-label -Wno-unused-parameter -Wno-unused-variable -Wunused-value -Wno-empty-body -Wno-uninitialized -Wno-unknown-pragmas -Wno-shadow -Wno-four-char-constants -Wno-conversion -Wno-constant-conversion -Wno-int-conversion -Wno-bool-conversion -Wno-enum-conversion -Wno-float-conversion -Wno-non-literal-null-conversion -Wno-objc-literal-conversion -Wshorten-64-to-32 -Wpointer-sign -Wno-newline-eof -Wno-implicit-fallthrough -fstrict-aliasing -Wdeprecated-declarations -Wno-sign-conversion -Wno-infinite-recursion -Wno-comma -Wno-block-capture-autoreleasing -Wno-strict-prototypes -Wno-semicolon-before-method-body -index-store-path /Users/alfredo/Library/Developer/Xcode/DerivedData/ptpd-ckkaoshwswuydmbetxbmgznxlvtr/Index.noindex/DataStore -Wall @/Users/alfredo/Workspace/PTP-Implementation/ptpd/build-cmake/ios-simulator/build/ptpd2.build/Debug-iphonesimulator/Objects-normal/arm64/7187679823f38a2a940e0043cdf9d637-common-args.resp -MMD -MT dependencies -MF /Users/alfredo/Workspace/PTP-Implementation/ptpd/build-cmake/ios-simulator/build/ptpd2.build/Debug-iphonesimulator/Objects-normal/arm64/statistics.d --serialize-diagnostics /Users/alfredo/Workspace/PTP-Implementation/ptpd/build-cmake/ios-simulator/build/ptpd2.build/Debug-iphonesimulator/Objects-normal/arm64/statistics.dia -c /Users/alfredo/Workspace/PTP-Implementation/ptpd/src/dep/statistics.c -o /Users/alfredo/Workspace/PTP-Implementation/ptpd/build-cmake/ios-simulator/build/ptpd2.build/Debug-iphonesimulator/Objects-normal/arm64/statistics.o -index-unit-output-path /ptpd2.build/Debug-iphonesimulator/Objects-normal/arm64/statistics.o
In file included from /Users/alfredo/Workspace/PTP-Implementation/ptpd/src/dep/statistics.c:36:
In file included from /Users/alfredo/Workspace/PTP-Implementation/ptpd/src/dep/../ptpd.h:162:
/Users/alfredo/Workspace/PTP-Implementation/ptpd/src/dep/../dep/constants_dep.h:149:9: warning: 'UNICAST_MAX_DESTINATIONS' macro redefined [-Wmacro-redefined]
  149 | #define UNICAST_MAX_DESTINATIONS 16
      |         ^
In file included from /Users/alfredo/Workspace/PTP-Implementation/ptpd/src/dep/statistics.c:36:
In file included from /Users/alfredo/Workspace/PTP-Implementation/ptpd/src/dep/../ptpd.h:22:
/Users/alfredo/Workspace/PTP-Implementation/ptpd/build-cmake/ios-simulator/config.h:243:9: note: previous definition is here
  243 | #define UNICAST_MAX_DESTINATIONS 128
      |         ^
/Users/alfredo/Workspace/PTP-Implementation/ptpd/src/dep/statistics.c:992:35: warning: using floating point absolute value function 'fabs' when argument is of integer type [-Wabsolute-value]
  992 |                 container->meanContainer->mean, fabs(sample - container->meanContainer->mean));
      |                                                 ^
/Users/alfredo/Workspace/PTP-Implementation/ptpd/src/dep/statistics.c:992:35: note: use function 'abs' instead
  992 |                 container->meanContainer->mean, fabs(sample - container->meanContainer->mean));
      |                                                 ^~~~
      |                                                 abs
In file included from /Users/alfredo/Workspace/PTP-Implementation/ptpd/src/dep/statistics.c:36:
In file included from /Users/alfredo/Workspace/PTP-Implementation/ptpd/src/dep/../ptpd.h:183:
/Users/alfredo/Workspace/PTP-Implementation/ptpd/src/dep/../dep/ptpd_dep.h:105:50: note: expanded from macro 'DBGV'
  105 | #define DBGV(x, ...) logMessage(LOG_DEBUGV, x, ##__VA_ARGS__)
      |                                                  ^
2 warnings generated.

CompileC /Users/alfredo/Workspace/PTP-Implementation/ptpd/build-cmake/ios-simulator/build/ptpd2.build/Debug-iphonesimulator/Objects-normal/arm64/startup.o /Users/alfredo/Workspace/PTP-Implementation/ptpd/src/dep/startup.c normal arm64 c com.apple.compilers.llvm.clang.1_0.compiler (in target 'ptpd2' from project 'ptpd')
    cd /Users/alfredo/Workspace/PTP-Implementation/ptpd
    
    Using response file: /Users/alfredo/Workspace/PTP-Implementation/ptpd/build-cmake/ios-simulator/build/ptpd2.build/Debug-iphonesimulator/Objects-normal/arm64/7187679823f38a2a940e0043cdf9d637-common-args.resp
    
    /Applications/Xcode.app/Contents/Developer/Toolchains/XcodeDefault.xctoolchain/usr/bin/clang -x c -ivfsstatcache /Users/alfredo/Library/Developer/Xcode/DerivedData/SDKStatCaches.noindex/iphonesimulator26.2-23C53-7d00a8b37fbd7999ea79df8ebc024bf0.sdkstatcache -fmessage-length\=0 -fdiagnostics-show-note-include-stack -fmacro-backtrace-limit\=0 -fno-color-diagnostics -Wno-trigraphs -Wno-missing-field-initializers -Wno-missing-prototypes -Wno-return-type -Wno-missing-braces -Wparentheses -Wswitch -Wno-unused-function -Wno-unused-label -Wno-unused-parameter -Wno-unused-variable -Wunused-value -Wno-empty-body -Wno-uninitialized -Wno-unknown-pragmas -Wno-shadow -Wno-four-char-constants -Wno-conversion -Wno-constant-conversion -Wno-int-conversion -Wno-bool-conversion -Wno-enum-conversion -Wno-float-conversion -Wno-non-literal-null-conversion -Wno-objc-literal-conversion -Wshorten-64-to-32 -Wpointer-sign -Wno-newline-eof -Wno-implicit-fallthrough -fstrict-aliasing -Wdeprecated-declarations -Wno-sign-conversion -Wno-infinite-recursion -Wno-comma -Wno-block-capture-autoreleasing -Wno-strict-prototypes -Wno-semicolon-before-method-body -index-store-path /Users/alfredo/Library/Developer/Xcode/DerivedData/ptpd-ckkaoshwswuydmbetxbmgznxlvtr/Index.noindex/DataStore -Wall @/Users/alfredo/Workspace/PTP-Implementation/ptpd/build-cmake/ios-simulator/build/ptpd2.build/Debug-iphonesimulator/Objects-normal/arm64/7187679823f38a2a940e0043cdf9d637-common-args.resp -MMD -MT dependencies -MF /Users/alfredo/Workspace/PTP-Implementation/ptpd/build-cmake/ios-simulator/build/ptpd2.build/Debug-iphonesimulator/Objects-normal/arm64/startup.d --serialize-diagnostics /Users/alfredo/Workspace/PTP-Implementation/ptpd/build-cmake/ios-simulator/build/ptpd2.build/Debug-iphonesimulator/Objects-normal/arm64/startup.dia -c /Users/alfredo/Workspace/PTP-Implementation/ptpd/src/dep/startup.c -o /Users/alfredo/Workspace/PTP-Implementation/ptpd/build-cmake/ios-simulator/build/ptpd2.build/Debug-iphonesimulator/Objects-normal/arm64/startup.o -index-unit-output-path /ptpd2.build/Debug-iphonesimulator/Objects-normal/arm64/startup.o
In file included from /Users/alfredo/Workspace/PTP-Implementation/ptpd/src/dep/startup.c:57:
In file included from /Users/alfredo/Workspace/PTP-Implementation/ptpd/src/dep/../ptpd.h:162:
/Users/alfredo/Workspace/PTP-Implementation/ptpd/src/dep/../dep/constants_dep.h:149:9: warning: 'UNICAST_MAX_DESTINATIONS' macro redefined [-Wmacro-redefined]
  149 | #define UNICAST_MAX_DESTINATIONS 16
      |         ^
In file included from /Users/alfredo/Workspace/PTP-Implementation/ptpd/src/dep/startup.c:57:
In file included from /Users/alfredo/Workspace/PTP-Implementation/ptpd/src/dep/../ptpd.h:22:
/Users/alfredo/Workspace/PTP-Implementation/ptpd/build-cmake/ios-simulator/config.h:243:9: note: previous definition is here
  243 | #define UNICAST_MAX_DESTINATIONS 128
      |         ^
/Users/alfredo/Workspace/PTP-Implementation/ptpd/src/dep/startup.c:698:6: warning: unused variable 'i' [-Wunused-variable]
  698 |         int i = 0;
      |             ^
2 warnings generated.

CompileC /Users/alfredo/Workspace/PTP-Implementation/ptpd/build-cmake/ios-simulator/build/ptpd2.build/Debug-iphonesimulator/Objects-normal/arm64/signaling.o /Users/alfredo/Workspace/PTP-Implementation/ptpd/src/signaling.c normal arm64 c com.apple.compilers.llvm.clang.1_0.compiler (in target 'ptpd2' from project 'ptpd')
    cd /Users/alfredo/Workspace/PTP-Implementation/ptpd
    
    Using response file: /Users/alfredo/Workspace/PTP-Implementation/ptpd/build-cmake/ios-simulator/build/ptpd2.build/Debug-iphonesimulator/Objects-normal/arm64/7187679823f38a2a940e0043cdf9d637-common-args.resp
    
    /Applications/Xcode.app/Contents/Developer/Toolchains/XcodeDefault.xctoolchain/usr/bin/clang -x c -ivfsstatcache /Users/alfredo/Library/Developer/Xcode/DerivedData/SDKStatCaches.noindex/iphonesimulator26.2-23C53-7d00a8b37fbd7999ea79df8ebc024bf0.sdkstatcache -fmessage-length\=0 -fdiagnostics-show-note-include-stack -fmacro-backtrace-limit\=0 -fno-color-diagnostics -Wno-trigraphs -Wno-missing-field-initializers -Wno-missing-prototypes -Wno-return-type -Wno-missing-braces -Wparentheses -Wswitch -Wno-unused-function -Wno-unused-label -Wno-unused-parameter -Wno-unused-variable -Wunused-value -Wno-empty-body -Wno-uninitialized -Wno-unknown-pragmas -Wno-shadow -Wno-four-char-constants -Wno-conversion -Wno-constant-conversion -Wno-int-conversion -Wno-bool-conversion -Wno-enum-conversion -Wno-float-conversion -Wno-non-literal-null-conversion -Wno-objc-literal-conversion -Wshorten-64-to-32 -Wpointer-sign -Wno-newline-eof -Wno-implicit-fallthrough -fstrict-aliasing -Wdeprecated-declarations -Wno-sign-conversion -Wno-infinite-recursion -Wno-comma -Wno-block-capture-autoreleasing -Wno-strict-prototypes -Wno-semicolon-before-method-body -index-store-path /Users/alfredo/Library/Developer/Xcode/DerivedData/ptpd-ckkaoshwswuydmbetxbmgznxlvtr/Index.noindex/DataStore -Wall @/Users/alfredo/Workspace/PTP-Implementation/ptpd/build-cmake/ios-simulator/build/ptpd2.build/Debug-iphonesimulator/Objects-normal/arm64/7187679823f38a2a940e0043cdf9d637-common-args.resp -MMD -MT dependencies -MF /Users/alfredo/Workspace/PTP-Implementation/ptpd/build-cmake/ios-simulator/build/ptpd2.build/Debug-iphonesimulator/Objects-normal/arm64/signaling.d --serialize-diagnostics /Users/alfredo/Workspace/PTP-Implementation/ptpd/build-cmake/ios-simulator/build/ptpd2.build/Debug-iphonesimulator/Objects-normal/arm64/signaling.dia -c /Users/alfredo/Workspace/PTP-Implementation/ptpd/src/signaling.c -o /Users/alfredo/Workspace/PTP-Implementation/ptpd/build-cmake/ios-simulator/build/ptpd2.build/Debug-iphonesimulator/Objects-normal/arm64/signaling.o -index-unit-output-path /ptpd2.build/Debug-iphonesimulator/Objects-normal/arm64/signaling.o
In file included from /Users/alfredo/Workspace/PTP-Implementation/ptpd/src/signaling.c:38:
In file included from /Users/alfredo/Workspace/PTP-Implementation/ptpd/src/ptpd.h:162:
/Users/alfredo/Workspace/PTP-Implementation/ptpd/src/dep/constants_dep.h:149:9: warning: 'UNICAST_MAX_DESTINATIONS' macro redefined [-Wmacro-redefined]
  149 | #define UNICAST_MAX_DESTINATIONS 16
      |         ^
In file included from /Users/alfredo/Workspace/PTP-Implementation/ptpd/src/signaling.c:38:
In file included from /Users/alfredo/Workspace/PTP-Implementation/ptpd/src/ptpd.h:22:
/Users/alfredo/Workspace/PTP-Implementation/ptpd/build-cmake/ios-simulator/config.h:243:9: note: previous definition is here
  243 | #define UNICAST_MAX_DESTINATIONS 128
      |         ^
/Users/alfredo/Workspace/PTP-Implementation/ptpd/src/signaling.c:59:81: warning: duplicate 'const' declaration specifier [-Wduplicate-decl-specifier]
   59 | static void issueSignaling(MsgSignaling *outgoing, Integer32 destination, const const RunTimeOpts *rtOpts, PtpClock *ptpclock);
      |                                                                                 ^
/Users/alfredo/Workspace/PTP-Implementation/ptpd/src/signaling.c:962:58: warning: duplicate 'const' declaration specifier [-Wduplicate-decl-specifier]
  962 | cancelUnicastTransmission(UnicastGrantData* grant, const const RunTimeOpts* rtOpts, PtpClock* ptpClock)
      |                                                          ^
/Users/alfredo/Workspace/PTP-Implementation/ptpd/src/signaling.c:982:69: warning: duplicate 'const' declaration specifier [-Wduplicate-decl-specifier]
  982 | issueSignaling(MsgSignaling *outgoing, Integer32 destination, const const RunTimeOpts *rtOpts,
      |                                                                     ^
4 warnings generated.

CompileC /Users/alfredo/Workspace/PTP-Implementation/ptpd/build-cmake/ios-simulator/build/ptpd2.build/Debug-iphonesimulator/Objects-normal/arm64/servo.o /Users/alfredo/Workspace/PTP-Implementation/ptpd/src/dep/servo.c normal arm64 c com.apple.compilers.llvm.clang.1_0.compiler (in target 'ptpd2' from project 'ptpd')
    cd /Users/alfredo/Workspace/PTP-Implementation/ptpd
    
    Using response file: /Users/alfredo/Workspace/PTP-Implementation/ptpd/build-cmake/ios-simulator/build/ptpd2.build/Debug-iphonesimulator/Objects-normal/arm64/7187679823f38a2a940e0043cdf9d637-common-args.resp
    
    /Applications/Xcode.app/Contents/Developer/Toolchains/XcodeDefault.xctoolchain/usr/bin/clang -x c -ivfsstatcache /Users/alfredo/Library/Developer/Xcode/DerivedData/SDKStatCaches.noindex/iphonesimulator26.2-23C53-7d00a8b37fbd7999ea79df8ebc024bf0.sdkstatcache -fmessage-length\=0 -fdiagnostics-show-note-include-stack -fmacro-backtrace-limit\=0 -fno-color-diagnostics -Wno-trigraphs -Wno-missing-field-initializers -Wno-missing-prototypes -Wno-return-type -Wno-missing-braces -Wparentheses -Wswitch -Wno-unused-function -Wno-unused-label -Wno-unused-parameter -Wno-unused-variable -Wunused-value -Wno-empty-body -Wno-uninitialized -Wno-unknown-pragmas -Wno-shadow -Wno-four-char-constants -Wno-conversion -Wno-constant-conversion -Wno-int-conversion -Wno-bool-conversion -Wno-enum-conversion -Wno-float-conversion -Wno-non-literal-null-conversion -Wno-objc-literal-conversion -Wshorten-64-to-32 -Wpointer-sign -Wno-newline-eof -Wno-implicit-fallthrough -fstrict-aliasing -Wdeprecated-declarations -Wno-sign-conversion -Wno-infinite-recursion -Wno-comma -Wno-block-capture-autoreleasing -Wno-strict-prototypes -Wno-semicolon-before-method-body -index-store-path /Users/alfredo/Library/Developer/Xcode/DerivedData/ptpd-ckkaoshwswuydmbetxbmgznxlvtr/Index.noindex/DataStore -Wall @/Users/alfredo/Workspace/PTP-Implementation/ptpd/build-cmake/ios-simulator/build/ptpd2.build/Debug-iphonesimulator/Objects-normal/arm64/7187679823f38a2a940e0043cdf9d637-common-args.resp -MMD -MT dependencies -MF /Users/alfredo/Workspace/PTP-Implementation/ptpd/build-cmake/ios-simulator/build/ptpd2.build/Debug-iphonesimulator/Objects-normal/arm64/servo.d --serialize-diagnostics /Users/alfredo/Workspace/PTP-Implementation/ptpd/build-cmake/ios-simulator/build/ptpd2.build/Debug-iphonesimulator/Objects-normal/arm64/servo.dia -c /Users/alfredo/Workspace/PTP-Implementation/ptpd/src/dep/servo.c -o /Users/alfredo/Workspace/PTP-Implementation/ptpd/build-cmake/ios-simulator/build/ptpd2.build/Debug-iphonesimulator/Objects-normal/arm64/servo.o -index-unit-output-path /ptpd2.build/Debug-iphonesimulator/Objects-normal/arm64/servo.o
In file included from /Users/alfredo/Workspace/PTP-Implementation/ptpd/src/dep/servo.c:59:
In file included from /Users/alfredo/Workspace/PTP-Implementation/ptpd/src/dep/../ptpd.h:162:
/Users/alfredo/Workspace/PTP-Implementation/ptpd/src/dep/../dep/constants_dep.h:149:9: warning: 'UNICAST_MAX_DESTINATIONS' macro redefined [-Wmacro-redefined]
  149 | #define UNICAST_MAX_DESTINATIONS 16
      |         ^
In file included from /Users/alfredo/Workspace/PTP-Implementation/ptpd/src/dep/servo.c:59:
In file included from /Users/alfredo/Workspace/PTP-Implementation/ptpd/src/dep/../ptpd.h:22:
/Users/alfredo/Workspace/PTP-Implementation/ptpd/build-cmake/ios-simulator/config.h:243:9: note: previous definition is here
  243 | #define UNICAST_MAX_DESTINATIONS 128
      |         ^
/Users/alfredo/Workspace/PTP-Implementation/ptpd/src/dep/servo.c:1065:36: warning: duplicate 'const' declaration specifier [-Wduplicate-decl-specifier]
 1065 | setupPIservo(PIservo* servo, const const RunTimeOpts* rtOpts)
      |                                    ^
2 warnings generated.

CompileC /Users/alfredo/Workspace/PTP-Implementation/ptpd/build-cmake/ios-simulator/build/ptpd2.build/Debug-iphonesimulator/Objects-normal/arm64/ptpd.o /Users/alfredo/Workspace/PTP-Implementation/ptpd/src/ptpd.c normal arm64 c com.apple.compilers.llvm.clang.1_0.compiler (in target 'ptpd2' from project 'ptpd')
    cd /Users/alfredo/Workspace/PTP-Implementation/ptpd
    
    Using response file: /Users/alfredo/Workspace/PTP-Implementation/ptpd/build-cmake/ios-simulator/build/ptpd2.build/Debug-iphonesimulator/Objects-normal/arm64/7187679823f38a2a940e0043cdf9d637-common-args.resp
    
    /Applications/Xcode.app/Contents/Developer/Toolchains/XcodeDefault.xctoolchain/usr/bin/clang -x c -ivfsstatcache /Users/alfredo/Library/Developer/Xcode/DerivedData/SDKStatCaches.noindex/iphonesimulator26.2-23C53-7d00a8b37fbd7999ea79df8ebc024bf0.sdkstatcache -fmessage-length\=0 -fdiagnostics-show-note-include-stack -fmacro-backtrace-limit\=0 -fno-color-diagnostics -Wno-trigraphs -Wno-missing-field-initializers -Wno-missing-prototypes -Wno-return-type -Wno-missing-braces -Wparentheses -Wswitch -Wno-unused-function -Wno-unused-label -Wno-unused-parameter -Wno-unused-variable -Wunused-value -Wno-empty-body -Wno-uninitialized -Wno-unknown-pragmas -Wno-shadow -Wno-four-char-constants -Wno-conversion -Wno-constant-conversion -Wno-int-conversion -Wno-bool-conversion -Wno-enum-conversion -Wno-float-conversion -Wno-non-literal-null-conversion -Wno-objc-literal-conversion -Wshorten-64-to-32 -Wpointer-sign -Wno-newline-eof -Wno-implicit-fallthrough -fstrict-aliasing -Wdeprecated-declarations -Wno-sign-conversion -Wno-infinite-recursion -Wno-comma -Wno-block-capture-autoreleasing -Wno-strict-prototypes -Wno-semicolon-before-method-body -index-store-path /Users/alfredo/Library/Developer/Xcode/DerivedData/ptpd-ckkaoshwswuydmbetxbmgznxlvtr/Index.noindex/DataStore -Wall @/Users/alfredo/Workspace/PTP-Implementation/ptpd/build-cmake/ios-simulator/build/ptpd2.build/Debug-iphonesimulator/Objects-normal/arm64/7187679823f38a2a940e0043cdf9d637-common-args.resp -MMD -MT dependencies -MF /Users/alfredo/Workspace/PTP-Implementation/ptpd/build-cmake/ios-simulator/build/ptpd2.build/Debug-iphonesimulator/Objects-normal/arm64/ptpd.d --serialize-diagnostics /Users/alfredo/Workspace/PTP-Implementation/ptpd/build-cmake/ios-simulator/build/ptpd2.build/Debug-iphonesimulator/Objects-normal/arm64/ptpd.dia -c /Users/alfredo/Workspace/PTP-Implementation/ptpd/src/ptpd.c -o /Users/alfredo/Workspace/PTP-Implementation/ptpd/build-cmake/ios-simulator/build/ptpd2.build/Debug-iphonesimulator/Objects-normal/arm64/ptpd.o -index-unit-output-path /ptpd2.build/Debug-iphonesimulator/Objects-normal/arm64/ptpd.o
In file included from /Users/alfredo/Workspace/PTP-Implementation/ptpd/src/ptpd.c:64:
In file included from /Users/alfredo/Workspace/PTP-Implementation/ptpd/src/ptpd.h:162:
/Users/alfredo/Workspace/PTP-Implementation/ptpd/src/dep/constants_dep.h:149:9: warning: 'UNICAST_MAX_DESTINATIONS' macro redefined [-Wmacro-redefined]
  149 | #define UNICAST_MAX_DESTINATIONS 16
      |         ^
In file included from /Users/alfredo/Workspace/PTP-Implementation/ptpd/src/ptpd.c:64:
In file included from /Users/alfredo/Workspace/PTP-Implementation/ptpd/src/ptpd.h:22:
/Users/alfredo/Workspace/PTP-Implementation/ptpd/build-cmake/ios-simulator/config.h:243:9: note: previous definition is here
  243 | #define UNICAST_MAX_DESTINATIONS 128
      |         ^
1 warning generated.

CompileC /Users/alfredo/Workspace/PTP-Implementation/ptpd/build-cmake/ios-simulator/build/ptpd2.build/Debug-iphonesimulator/Objects-normal/arm64/ptp_timers.o /Users/alfredo/Workspace/PTP-Implementation/ptpd/src/ptp_timers.c normal arm64 c com.apple.compilers.llvm.clang.1_0.compiler (in target 'ptpd2' from project 'ptpd')
    cd /Users/alfredo/Workspace/PTP-Implementation/ptpd
    
    Using response file: /Users/alfredo/Workspace/PTP-Implementation/ptpd/build-cmake/ios-simulator/build/ptpd2.build/Debug-iphonesimulator/Objects-normal/arm64/7187679823f38a2a940e0043cdf9d637-common-args.resp
    
    /Applications/Xcode.app/Contents/Developer/Toolchains/XcodeDefault.xctoolchain/usr/bin/clang -x c -ivfsstatcache /Users/alfredo/Library/Developer/Xcode/DerivedData/SDKStatCaches.noindex/iphonesimulator26.2-23C53-7d00a8b37fbd7999ea79df8ebc024bf0.sdkstatcache -fmessage-length\=0 -fdiagnostics-show-note-include-stack -fmacro-backtrace-limit\=0 -fno-color-diagnostics -Wno-trigraphs -Wno-missing-field-initializers -Wno-missing-prototypes -Wno-return-type -Wno-missing-braces -Wparentheses -Wswitch -Wno-unused-function -Wno-unused-label -Wno-unused-parameter -Wno-unused-variable -Wunused-value -Wno-empty-body -Wno-uninitialized -Wno-unknown-pragmas -Wno-shadow -Wno-four-char-constants -Wno-conversion -Wno-constant-conversion -Wno-int-conversion -Wno-bool-conversion -Wno-enum-conversion -Wno-float-conversion -Wno-non-literal-null-conversion -Wno-objc-literal-conversion -Wshorten-64-to-32 -Wpointer-sign -Wno-newline-eof -Wno-implicit-fallthrough -fstrict-aliasing -Wdeprecated-declarations -Wno-sign-conversion -Wno-infinite-recursion -Wno-comma -Wno-block-capture-autoreleasing -Wno-strict-prototypes -Wno-semicolon-before-method-body -index-store-path /Users/alfredo/Library/Developer/Xcode/DerivedData/ptpd-ckkaoshwswuydmbetxbmgznxlvtr/Index.noindex/DataStore -Wall @/Users/alfredo/Workspace/PTP-Implementation/ptpd/build-cmake/ios-simulator/build/ptpd2.build/Debug-iphonesimulator/Objects-normal/arm64/7187679823f38a2a940e0043cdf9d637-common-args.resp -MMD -MT dependencies -MF /Users/alfredo/Workspace/PTP-Implementation/ptpd/build-cmake/ios-simulator/build/ptpd2.build/Debug-iphonesimulator/Objects-normal/arm64/ptp_timers.d --serialize-diagnostics /Users/alfredo/Workspace/PTP-Implementation/ptpd/build-cmake/ios-simulator/build/ptpd2.build/Debug-iphonesimulator/Objects-normal/arm64/ptp_timers.dia -c /Users/alfredo/Workspace/PTP-Implementation/ptpd/src/ptp_timers.c -o /Users/alfredo/Workspace/PTP-Implementation/ptpd/build-cmake/ios-simulator/build/ptpd2.build/Debug-iphonesimulator/Objects-normal/arm64/ptp_timers.o -index-unit-output-path /ptpd2.build/Debug-iphonesimulator/Objects-normal/arm64/ptp_timers.o
In file included from /Users/alfredo/Workspace/PTP-Implementation/ptpd/src/ptp_timers.c:44:
In file included from /Users/alfredo/Workspace/PTP-Implementation/ptpd/src/ptpd.h:162:
/Users/alfredo/Workspace/PTP-Implementation/ptpd/src/dep/constants_dep.h:149:9: warning: 'UNICAST_MAX_DESTINATIONS' macro redefined [-Wmacro-redefined]
  149 | #define UNICAST_MAX_DESTINATIONS 16
      |         ^
In file included from /Users/alfredo/Workspace/PTP-Implementation/ptpd/src/ptp_timers.c:44:
In file included from /Users/alfredo/Workspace/PTP-Implementation/ptpd/src/ptpd.h:22:
/Users/alfredo/Workspace/PTP-Implementation/ptpd/build-cmake/ios-simulator/config.h:243:9: note: previous definition is here
  243 | #define UNICAST_MAX_DESTINATIONS 128
      |         ^
1 warning generated.

CompileC /Users/alfredo/Workspace/PTP-Implementation/ptpd/build-cmake/ios-simulator/build/ptpd2.build/Debug-iphonesimulator/Objects-normal/arm64/protocol.o /Users/alfredo/Workspace/PTP-Implementation/ptpd/src/protocol.c normal arm64 c com.apple.compilers.llvm.clang.1_0.compiler (in target 'ptpd2' from project 'ptpd')
    cd /Users/alfredo/Workspace/PTP-Implementation/ptpd
    
    Using response file: /Users/alfredo/Workspace/PTP-Implementation/ptpd/build-cmake/ios-simulator/build/ptpd2.build/Debug-iphonesimulator/Objects-normal/arm64/7187679823f38a2a940e0043cdf9d637-common-args.resp
    
    /Applications/Xcode.app/Contents/Developer/Toolchains/XcodeDefault.xctoolchain/usr/bin/clang -x c -ivfsstatcache /Users/alfredo/Library/Developer/Xcode/DerivedData/SDKStatCaches.noindex/iphonesimulator26.2-23C53-7d00a8b37fbd7999ea79df8ebc024bf0.sdkstatcache -fmessage-length\=0 -fdiagnostics-show-note-include-stack -fmacro-backtrace-limit\=0 -fno-color-diagnostics -Wno-trigraphs -Wno-missing-field-initializers -Wno-missing-prototypes -Wno-return-type -Wno-missing-braces -Wparentheses -Wswitch -Wno-unused-function -Wno-unused-label -Wno-unused-parameter -Wno-unused-variable -Wunused-value -Wno-empty-body -Wno-uninitialized -Wno-unknown-pragmas -Wno-shadow -Wno-four-char-constants -Wno-conversion -Wno-constant-conversion -Wno-int-conversion -Wno-bool-conversion -Wno-enum-conversion -Wno-float-conversion -Wno-non-literal-null-conversion -Wno-objc-literal-conversion -Wshorten-64-to-32 -Wpointer-sign -Wno-newline-eof -Wno-implicit-fallthrough -fstrict-aliasing -Wdeprecated-declarations -Wno-sign-conversion -Wno-infinite-recursion -Wno-comma -Wno-block-capture-autoreleasing -Wno-strict-prototypes -Wno-semicolon-before-method-body -index-store-path /Users/alfredo/Library/Developer/Xcode/DerivedData/ptpd-ckkaoshwswuydmbetxbmgznxlvtr/Index.noindex/DataStore -Wall @/Users/alfredo/Workspace/PTP-Implementation/ptpd/build-cmake/ios-simulator/build/ptpd2.build/Debug-iphonesimulator/Objects-normal/arm64/7187679823f38a2a940e0043cdf9d637-common-args.resp -MMD -MT dependencies -MF /Users/alfredo/Workspace/PTP-Implementation/ptpd/build-cmake/ios-simulator/build/ptpd2.build/Debug-iphonesimulator/Objects-normal/arm64/protocol.d --serialize-diagnostics /Users/alfredo/Workspace/PTP-Implementation/ptpd/build-cmake/ios-simulator/build/ptpd2.build/Debug-iphonesimulator/Objects-normal/arm64/protocol.dia -c /Users/alfredo/Workspace/PTP-Implementation/ptpd/src/protocol.c -o /Users/alfredo/Workspace/PTP-Implementation/ptpd/build-cmake/ios-simulator/build/ptpd2.build/Debug-iphonesimulator/Objects-normal/arm64/protocol.o -index-unit-output-path /ptpd2.build/Debug-iphonesimulator/Objects-normal/arm64/protocol.o
In file included from /Users/alfredo/Workspace/PTP-Implementation/ptpd/src/protocol.c:54:
In file included from /Users/alfredo/Workspace/PTP-Implementation/ptpd/src/ptpd.h:162:
/Users/alfredo/Workspace/PTP-Implementation/ptpd/src/dep/constants_dep.h:149:9: warning: 'UNICAST_MAX_DESTINATIONS' macro redefined [-Wmacro-redefined]
  149 | #define UNICAST_MAX_DESTINATIONS 16
      |         ^
In file included from /Users/alfredo/Workspace/PTP-Implementation/ptpd/src/protocol.c:54:
In file included from /Users/alfredo/Workspace/PTP-Implementation/ptpd/src/ptpd.h:22:
/Users/alfredo/Workspace/PTP-Implementation/ptpd/build-cmake/ios-simulator/config.h:243:9: note: previous definition is here
  243 | #define UNICAST_MAX_DESTINATIONS 128
      |         ^
1 warning generated.

CompileC /Users/alfredo/Workspace/PTP-Implementation/ptpd/build-cmake/ios-simulator/build/ptpd2.build/Debug-iphonesimulator/Objects-normal/arm64/outlierfilter.o /Users/alfredo/Workspace/PTP-Implementation/ptpd/src/dep/outlierfilter.c normal arm64 c com.apple.compilers.llvm.clang.1_0.compiler (in target 'ptpd2' from project 'ptpd')
    cd /Users/alfredo/Workspace/PTP-Implementation/ptpd
    
    Using response file: /Users/alfredo/Workspace/PTP-Implementation/ptpd/build-cmake/ios-simulator/build/ptpd2.build/Debug-iphonesimulator/Objects-normal/arm64/7187679823f38a2a940e0043cdf9d637-common-args.resp
    
    /Applications/Xcode.app/Contents/Developer/Toolchains/XcodeDefault.xctoolchain/usr/bin/clang -x c -ivfsstatcache /Users/alfredo/Library/Developer/Xcode/DerivedData/SDKStatCaches.noindex/iphonesimulator26.2-23C53-7d00a8b37fbd7999ea79df8ebc024bf0.sdkstatcache -fmessage-length\=0 -fdiagnostics-show-note-include-stack -fmacro-backtrace-limit\=0 -fno-color-diagnostics -Wno-trigraphs -Wno-missing-field-initializers -Wno-missing-prototypes -Wno-return-type -Wno-missing-braces -Wparentheses -Wswitch -Wno-unused-function -Wno-unused-label -Wno-unused-parameter -Wno-unused-variable -Wunused-value -Wno-empty-body -Wno-uninitialized -Wno-unknown-pragmas -Wno-shadow -Wno-four-char-constants -Wno-conversion -Wno-constant-conversion -Wno-int-conversion -Wno-bool-conversion -Wno-enum-conversion -Wno-float-conversion -Wno-non-literal-null-conversion -Wno-objc-literal-conversion -Wshorten-64-to-32 -Wpointer-sign -Wno-newline-eof -Wno-implicit-fallthrough -fstrict-aliasing -Wdeprecated-declarations -Wno-sign-conversion -Wno-infinite-recursion -Wno-comma -Wno-block-capture-autoreleasing -Wno-strict-prototypes -Wno-semicolon-before-method-body -index-store-path /Users/alfredo/Library/Developer/Xcode/DerivedData/ptpd-ckkaoshwswuydmbetxbmgznxlvtr/Index.noindex/DataStore -Wall @/Users/alfredo/Workspace/PTP-Implementation/ptpd/build-cmake/ios-simulator/build/ptpd2.build/Debug-iphonesimulator/Objects-normal/arm64/7187679823f38a2a940e0043cdf9d637-common-args.resp -MMD -MT dependencies -MF /Users/alfredo/Workspace/PTP-Implementation/ptpd/build-cmake/ios-simulator/build/ptpd2.build/Debug-iphonesimulator/Objects-normal/arm64/outlierfilter.d --serialize-diagnostics /Users/alfredo/Workspace/PTP-Implementation/ptpd/build-cmake/ios-simulator/build/ptpd2.build/Debug-iphonesimulator/Objects-normal/arm64/outlierfilter.dia -c /Users/alfredo/Workspace/PTP-Implementation/ptpd/src/dep/outlierfilter.c -o /Users/alfredo/Workspace/PTP-Implementation/ptpd/build-cmake/ios-simulator/build/ptpd2.build/Debug-iphonesimulator/Objects-normal/arm64/outlierfilter.o -index-unit-output-path /ptpd2.build/Debug-iphonesimulator/Objects-normal/arm64/outlierfilter.o
In file included from /Users/alfredo/Workspace/PTP-Implementation/ptpd/src/dep/outlierfilter.c:38:
In file included from /Users/alfredo/Workspace/PTP-Implementation/ptpd/src/dep/../ptpd.h:162:
/Users/alfredo/Workspace/PTP-Implementation/ptpd/src/dep/../dep/constants_dep.h:149:9: warning: 'UNICAST_MAX_DESTINATIONS' macro redefined [-Wmacro-redefined]
  149 | #define UNICAST_MAX_DESTINATIONS 16
      |         ^
In file included from /Users/alfredo/Workspace/PTP-Implementation/ptpd/src/dep/outlierfilter.c:38:
In file included from /Users/alfredo/Workspace/PTP-Implementation/ptpd/src/dep/../ptpd.h:22:
/Users/alfredo/Workspace/PTP-Implementation/ptpd/build-cmake/ios-simulator/config.h:243:9: note: previous definition is here
  243 | #define UNICAST_MAX_DESTINATIONS 128
      |         ^
1 warning generated.

CompileC /Users/alfredo/Workspace/PTP-Implementation/ptpd/build-cmake/ios-simulator/build/ptpd2.build/Debug-iphonesimulator/Objects-normal/arm64/ntpdcontrol.o /Users/alfredo/Workspace/PTP-Implementation/ptpd/src/dep/ntpengine/ntpdcontrol.c normal arm64 c com.apple.compilers.llvm.clang.1_0.compiler (in target 'ptpd2' from project 'ptpd')
    cd /Users/alfredo/Workspace/PTP-Implementation/ptpd
    
    Using response file: /Users/alfredo/Workspace/PTP-Implementation/ptpd/build-cmake/ios-simulator/build/ptpd2.build/Debug-iphonesimulator/Objects-normal/arm64/7187679823f38a2a940e0043cdf9d637-common-args.resp
    
    /Applications/Xcode.app/Contents/Developer/Toolchains/XcodeDefault.xctoolchain/usr/bin/clang -x c -ivfsstatcache /Users/alfredo/Library/Developer/Xcode/DerivedData/SDKStatCaches.noindex/iphonesimulator26.2-23C53-7d00a8b37fbd7999ea79df8ebc024bf0.sdkstatcache -fmessage-length\=0 -fdiagnostics-show-note-include-stack -fmacro-backtrace-limit\=0 -fno-color-diagnostics -Wno-trigraphs -Wno-missing-field-initializers -Wno-missing-prototypes -Wno-return-type -Wno-missing-braces -Wparentheses -Wswitch -Wno-unused-function -Wno-unused-label -Wno-unused-parameter -Wno-unused-variable -Wunused-value -Wno-empty-body -Wno-uninitialized -Wno-unknown-pragmas -Wno-shadow -Wno-four-char-constants -Wno-conversion -Wno-constant-conversion -Wno-int-conversion -Wno-bool-conversion -Wno-enum-conversion -Wno-float-conversion -Wno-non-literal-null-conversion -Wno-objc-literal-conversion -Wshorten-64-to-32 -Wpointer-sign -Wno-newline-eof -Wno-implicit-fallthrough -fstrict-aliasing -Wdeprecated-declarations -Wno-sign-conversion -Wno-infinite-recursion -Wno-comma -Wno-block-capture-autoreleasing -Wno-strict-prototypes -Wno-semicolon-before-method-body -index-store-path /Users/alfredo/Library/Developer/Xcode/DerivedData/ptpd-ckkaoshwswuydmbetxbmgznxlvtr/Index.noindex/DataStore -Wall @/Users/alfredo/Workspace/PTP-Implementation/ptpd/build-cmake/ios-simulator/build/ptpd2.build/Debug-iphonesimulator/Objects-normal/arm64/7187679823f38a2a940e0043cdf9d637-common-args.resp -MMD -MT dependencies -MF /Users/alfredo/Workspace/PTP-Implementation/ptpd/build-cmake/ios-simulator/build/ptpd2.build/Debug-iphonesimulator/Objects-normal/arm64/ntpdcontrol.d --serialize-diagnostics /Users/alfredo/Workspace/PTP-Implementation/ptpd/build-cmake/ios-simulator/build/ptpd2.build/Debug-iphonesimulator/Objects-normal/arm64/ntpdcontrol.dia -c /Users/alfredo/Workspace/PTP-Implementation/ptpd/src/dep/ntpengine/ntpdcontrol.c -o /Users/alfredo/Workspace/PTP-Implementation/ptpd/build-cmake/ios-simulator/build/ptpd2.build/Debug-iphonesimulator/Objects-normal/arm64/ntpdcontrol.o -index-unit-output-path /ptpd2.build/Debug-iphonesimulator/Objects-normal/arm64/ntpdcontrol.o
In file included from /Users/alfredo/Workspace/PTP-Implementation/ptpd/src/dep/ntpengine/ntpdcontrol.c:64:
In file included from /Users/alfredo/Workspace/PTP-Implementation/ptpd/src/dep/ntpengine/../../ptpd.h:162:
/Users/alfredo/Workspace/PTP-Implementation/ptpd/src/dep/ntpengine/../../dep/constants_dep.h:149:9: warning: 'UNICAST_MAX_DESTINATIONS' macro redefined [-Wmacro-redefined]
  149 | #define UNICAST_MAX_DESTINATIONS 16
      |         ^
In file included from /Users/alfredo/Workspace/PTP-Implementation/ptpd/src/dep/ntpengine/ntpdcontrol.c:64:
In file included from /Users/alfredo/Workspace/PTP-Implementation/ptpd/src/dep/ntpengine/../../ptpd.h:22:
/Users/alfredo/Workspace/PTP-Implementation/ptpd/build-cmake/ios-simulator/config.h:243:9: note: previous definition is here
  243 | #define UNICAST_MAX_DESTINATIONS 128
      |         ^
/Users/alfredo/Workspace/PTP-Implementation/ptpd/src/dep/ntpengine/ntpdcontrol.c:202:30: warning: implicit conversion loses integer precision: 'unsigned long' to 'int32_t' (aka 'int') [-Wshorten-64-to-32]
  202 |         now->l_i = ts.tv_sec + JAN_1970;
      |                  ~ ~~~~~~~~~~^~~~~~~~~~
/Users/alfredo/Workspace/PTP-Implementation/ptpd/src/dep/ntpengine/ntpdcontrol.c:274:10: warning: implicit conversion loses integer precision: 'ssize_t' (aka 'long') to 'int' [-Wshorten-64-to-32]
  274 |                 return ntpSend(control, (Octet *)&qpkt, req_pkt_size);
      |                 ~~~~~~ ^~~~~~~~~~~~~~~~~~~~~~~~~~~~~~~~~~~~~~~~~~~~~~
/Users/alfredo/Workspace/PTP-Implementation/ptpd/src/dep/ntpengine/ntpdcontrol.c:287:46: warning: implicit conversion loses integer precision: 'size_t' (aka 'unsigned long') to 'int' [-Wshorten-64-to-32]
  287 |         maclen = MD5authencrypt(key, (void *)&qpkt, reqsize,options->keyId);
      |                  ~~~~~~~~~~~~~~                     ^~~~~~~
/Users/alfredo/Workspace/PTP-Implementation/ptpd/src/dep/ntpengine/ntpdcontrol.c:295:9: warning: implicit conversion loses integer precision: 'ssize_t' (aka 'long') to 'int' [-Wshorten-64-to-32]
  295 |         return ntpSend(control, (Octet *)&qpkt, reqsize + maclen);
      |         ~~~~~~ ^~~~~~~~~~~~~~~~~~~~~~~~~~~~~~~~~~~~~~~~~~~~~~~~~~
/Users/alfredo/Workspace/PTP-Implementation/ptpd/src/dep/ntpengine/ntpdcontrol.c:442:6: warning: implicit conversion loses integer precision: 'ssize_t' (aka 'long') to 'int' [-Wshorten-64-to-32]
  442 |         n = recv(control->sockFD, (char *)&rpkt, sizeof(rpkt), 0);
      |           ~ ^~~~~~~~~~~~~~~~~~~~~~~~~~~~~~~~~~~~~~~~~~~~~~~~~~~~~
/Users/alfredo/Workspace/PTP-Implementation/ptpd/src/dep/ntpengine/ntpdcontrol.c:590:22: warning: implicit conversion loses integer precision: 'long' to 'int' [-Wshorten-64-to-32]
  590 |                 int offset = datap - ntpdc_pktdata;
      |                     ~~~~~~   ~~~~~~^~~~~~~~~~~~~~~
7 warnings generated.

CompileC /Users/alfredo/Workspace/PTP-Implementation/ptpd/build-cmake/ios-simulator/build/ptpd2.build/Debug-iphonesimulator/Objects-normal/arm64/ntp_isc_md5.o /Users/alfredo/Workspace/PTP-Implementation/ptpd/src/dep/ntpengine/ntp_isc_md5.c normal arm64 c com.apple.compilers.llvm.clang.1_0.compiler (in target 'ptpd2' from project 'ptpd')
    cd /Users/alfredo/Workspace/PTP-Implementation/ptpd
    
    Using response file: /Users/alfredo/Workspace/PTP-Implementation/ptpd/build-cmake/ios-simulator/build/ptpd2.build/Debug-iphonesimulator/Objects-normal/arm64/7187679823f38a2a940e0043cdf9d637-common-args.resp
    
    /Applications/Xcode.app/Contents/Developer/Toolchains/XcodeDefault.xctoolchain/usr/bin/clang -x c -ivfsstatcache /Users/alfredo/Library/Developer/Xcode/DerivedData/SDKStatCaches.noindex/iphonesimulator26.2-23C53-7d00a8b37fbd7999ea79df8ebc024bf0.sdkstatcache -fmessage-length\=0 -fdiagnostics-show-note-include-stack -fmacro-backtrace-limit\=0 -fno-color-diagnostics -Wno-trigraphs -Wno-missing-field-initializers -Wno-missing-prototypes -Wno-return-type -Wno-missing-braces -Wparentheses -Wswitch -Wno-unused-function -Wno-unused-label -Wno-unused-parameter -Wno-unused-variable -Wunused-value -Wno-empty-body -Wno-uninitialized -Wno-unknown-pragmas -Wno-shadow -Wno-four-char-constants -Wno-conversion -Wno-constant-conversion -Wno-int-conversion -Wno-bool-conversion -Wno-enum-conversion -Wno-float-conversion -Wno-non-literal-null-conversion -Wno-objc-literal-conversion -Wshorten-64-to-32 -Wpointer-sign -Wno-newline-eof -Wno-implicit-fallthrough -fstrict-aliasing -Wdeprecated-declarations -Wno-sign-conversion -Wno-infinite-recursion -Wno-comma -Wno-block-capture-autoreleasing -Wno-strict-prototypes -Wno-semicolon-before-method-body -index-store-path /Users/alfredo/Library/Developer/Xcode/DerivedData/ptpd-ckkaoshwswuydmbetxbmgznxlvtr/Index.noindex/DataStore -Wall @/Users/alfredo/Workspace/PTP-Implementation/ptpd/build-cmake/ios-simulator/build/ptpd2.build/Debug-iphonesimulator/Objects-normal/arm64/7187679823f38a2a940e0043cdf9d637-common-args.resp -MMD -MT dependencies -MF /Users/alfredo/Workspace/PTP-Implementation/ptpd/build-cmake/ios-simulator/build/ptpd2.build/Debug-iphonesimulator/Objects-normal/arm64/ntp_isc_md5.d --serialize-diagnostics /Users/alfredo/Workspace/PTP-Implementation/ptpd/build-cmake/ios-simulator/build/ptpd2.build/Debug-iphonesimulator/Objects-normal/arm64/ntp_isc_md5.dia -c /Users/alfredo/Workspace/PTP-Implementation/ptpd/src/dep/ntpengine/ntp_isc_md5.c -o /Users/alfredo/Workspace/PTP-Implementation/ptpd/build-cmake/ios-simulator/build/ptpd2.build/Debug-iphonesimulator/Objects-normal/arm64/ntp_isc_md5.o -index-unit-output-path /ptpd2.build/Debug-iphonesimulator/Objects-normal/arm64/ntp_isc_md5.o
In file included from /Users/alfredo/Workspace/PTP-Implementation/ptpd/src/dep/ntpengine/ntp_isc_md5.c:27:
In file included from /Users/alfredo/Workspace/PTP-Implementation/ptpd/src/dep/ntpengine/../../ptpd.h:162:
/Users/alfredo/Workspace/PTP-Implementation/ptpd/src/dep/ntpengine/../../dep/constants_dep.h:149:9: warning: 'UNICAST_MAX_DESTINATIONS' macro redefined [-Wmacro-redefined]
  149 | #define UNICAST_MAX_DESTINATIONS 16
      |         ^
In file included from /Users/alfredo/Workspace/PTP-Implementation/ptpd/src/dep/ntpengine/ntp_isc_md5.c:27:
In file included from /Users/alfredo/Workspace/PTP-Implementation/ptpd/src/dep/ntpengine/../../ptpd.h:22:
/Users/alfredo/Workspace/PTP-Implementation/ptpd/build-cmake/ios-simulator/config.h:243:9: note: previous definition is here
  243 | #define UNICAST_MAX_DESTINATIONS 128
      |         ^
/Users/alfredo/Workspace/PTP-Implementation/ptpd/src/dep/ntpengine/ntp_isc_md5.c:34:9: warning: 'memmove' macro redefined [-Wmacro-redefined]
   34 | #define memmove(t, f, c)        bcopy(f, t, (int)(c))
      |         ^
In file included from /Users/alfredo/Workspace/PTP-Implementation/ptpd/src/dep/ntpengine/ntp_isc_md5.c:27:
In file included from /Users/alfredo/Workspace/PTP-Implementation/ptpd/src/dep/ntpengine/../../ptpd.h:53:
In file included from /Applications/Xcode.app/Contents/Developer/Platforms/iPhoneSimulator.platform/Developer/SDKs/iPhoneSimulator26.2.sdk/usr/include/string.h:58:
In file included from /Applications/Xcode.app/Contents/Developer/Platforms/iPhoneSimulator.platform/Developer/SDKs/iPhoneSimulator26.2.sdk/usr/include/_string.h:228:
/Applications/Xcode.app/Contents/Developer/Platforms/iPhoneSimulator.platform/Developer/SDKs/iPhoneSimulator26.2.sdk/usr/include/secure/_string.h:239:9: note: previous definition is here
  239 | #define memmove(...) __memmove_chk_func (__VA_ARGS__)
      |         ^
/Users/alfredo/Workspace/PTP-Implementation/ptpd/src/dep/ntpengine/ntp_isc_md5.c:35:9: warning: 'memcpy' macro redefined [-Wmacro-redefined]
   35 | #define memcpy(t, f, c)         bcopy(f, t, (int)(c))
      |         ^
In file included from /Users/alfredo/Workspace/PTP-Implementation/ptpd/src/dep/ntpengine/ntp_isc_md5.c:27:
In file included from /Users/alfredo/Workspace/PTP-Implementation/ptpd/src/dep/ntpengine/../../ptpd.h:53:
In file included from /Applications/Xcode.app/Contents/Developer/Platforms/iPhoneSimulator.platform/Developer/SDKs/iPhoneSimulator26.2.sdk/usr/include/string.h:58:
In file included from /Applications/Xcode.app/Contents/Developer/Platforms/iPhoneSimulator.platform/Developer/SDKs/iPhoneSimulator26.2.sdk/usr/include/_string.h:228:
/Applications/Xcode.app/Contents/Developer/Platforms/iPhoneSimulator.platform/Developer/SDKs/iPhoneSimulator26.2.sdk/usr/include/secure/_string.h:234:9: note: previous definition is here
  234 | #define memcpy(...) __memcpy_chk_func (__VA_ARGS__)
      |         ^
/Users/alfredo/Workspace/PTP-Implementation/ptpd/src/dep/ntpengine/ntp_isc_md5.c:36:9: warning: 'memset' macro redefined [-Wmacro-redefined]
   36 | #define memset(a, x, c)         if (0 == (x)) \
      |         ^
In file included from /Users/alfredo/Workspace/PTP-Implementation/ptpd/src/dep/ntpengine/ntp_isc_md5.c:27:
In file included from /Users/alfredo/Workspace/PTP-Implementation/ptpd/src/dep/ntpengine/../../ptpd.h:53:
In file included from /Applications/Xcode.app/Contents/Developer/Platforms/iPhoneSimulator.platform/Developer/SDKs/iPhoneSimulator26.2.sdk/usr/include/string.h:58:
In file included from /Applications/Xcode.app/Contents/Developer/Platforms/iPhoneSimulator.platform/Developer/SDKs/iPhoneSimulator26.2.sdk/usr/include/_string.h:228:
/Applications/Xcode.app/Contents/Developer/Platforms/iPhoneSimulator.platform/Developer/SDKs/iPhoneSimulator26.2.sdk/usr/include/secure/_string.h:244:9: note: previous definition is here
  244 | #define memset(...) __memset_chk_func (__VA_ARGS__)
      |         ^
4 warnings generated.

CompileC /Users/alfredo/Workspace/PTP-Implementation/ptpd/build-cmake/ios-simulator/build/ptpd2.build/Debug-iphonesimulator/Objects-normal/arm64/net.o /Users/alfredo/Workspace/PTP-Implementation/ptpd/src/dep/net.c normal arm64 c com.apple.compilers.llvm.clang.1_0.compiler (in target 'ptpd2' from project 'ptpd')
    cd /Users/alfredo/Workspace/PTP-Implementation/ptpd
    
    Using response file: /Users/alfredo/Workspace/PTP-Implementation/ptpd/build-cmake/ios-simulator/build/ptpd2.build/Debug-iphonesimulator/Objects-normal/arm64/7187679823f38a2a940e0043cdf9d637-common-args.resp
    
    /Applications/Xcode.app/Contents/Developer/Toolchains/XcodeDefault.xctoolchain/usr/bin/clang -x c -ivfsstatcache /Users/alfredo/Library/Developer/Xcode/DerivedData/SDKStatCaches.noindex/iphonesimulator26.2-23C53-7d00a8b37fbd7999ea79df8ebc024bf0.sdkstatcache -fmessage-length\=0 -fdiagnostics-show-note-include-stack -fmacro-backtrace-limit\=0 -fno-color-diagnostics -Wno-trigraphs -Wno-missing-field-initializers -Wno-missing-prototypes -Wno-return-type -Wno-missing-braces -Wparentheses -Wswitch -Wno-unused-function -Wno-unused-label -Wno-unused-parameter -Wno-unused-variable -Wunused-value -Wno-empty-body -Wno-uninitialized -Wno-unknown-pragmas -Wno-shadow -Wno-four-char-constants -Wno-conversion -Wno-constant-conversion -Wno-int-conversion -Wno-bool-conversion -Wno-enum-conversion -Wno-float-conversion -Wno-non-literal-null-conversion -Wno-objc-literal-conversion -Wshorten-64-to-32 -Wpointer-sign -Wno-newline-eof -Wno-implicit-fallthrough -fstrict-aliasing -Wdeprecated-declarations -Wno-sign-conversion -Wno-infinite-recursion -Wno-comma -Wno-block-capture-autoreleasing -Wno-strict-prototypes -Wno-semicolon-before-method-body -index-store-path /Users/alfredo/Library/Developer/Xcode/DerivedData/ptpd-ckkaoshwswuydmbetxbmgznxlvtr/Index.noindex/DataStore -Wall @/Users/alfredo/Workspace/PTP-Implementation/ptpd/build-cmake/ios-simulator/build/ptpd2.build/Debug-iphonesimulator/Objects-normal/arm64/7187679823f38a2a940e0043cdf9d637-common-args.resp -MMD -MT dependencies -MF /Users/alfredo/Workspace/PTP-Implementation/ptpd/build-cmake/ios-simulator/build/ptpd2.build/Debug-iphonesimulator/Objects-normal/arm64/net.d --serialize-diagnostics /Users/alfredo/Workspace/PTP-Implementation/ptpd/build-cmake/ios-simulator/build/ptpd2.build/Debug-iphonesimulator/Objects-normal/arm64/net.dia -c /Users/alfredo/Workspace/PTP-Implementation/ptpd/src/dep/net.c -o /Users/alfredo/Workspace/PTP-Implementation/ptpd/build-cmake/ios-simulator/build/ptpd2.build/Debug-iphonesimulator/Objects-normal/arm64/net.o -index-unit-output-path /ptpd2.build/Debug-iphonesimulator/Objects-normal/arm64/net.o
In file included from /Users/alfredo/Workspace/PTP-Implementation/ptpd/src/dep/net.c:57:
In file included from /Users/alfredo/Workspace/PTP-Implementation/ptpd/src/dep/../ptpd.h:162:
/Users/alfredo/Workspace/PTP-Implementation/ptpd/src/dep/../dep/constants_dep.h:149:9: warning: 'UNICAST_MAX_DESTINATIONS' macro redefined [-Wmacro-redefined]
  149 | #define UNICAST_MAX_DESTINATIONS 16
      |         ^
In file included from /Users/alfredo/Workspace/PTP-Implementation/ptpd/src/dep/net.c:57:
In file included from /Users/alfredo/Workspace/PTP-Implementation/ptpd/src/dep/../ptpd.h:22:
/Users/alfredo/Workspace/PTP-Implementation/ptpd/build-cmake/ios-simulator/config.h:243:9: note: previous definition is here
  243 | #define UNICAST_MAX_DESTINATIONS 128
      |         ^
/Users/alfredo/Workspace/PTP-Implementation/ptpd/src/dep/net.c:1690:26: warning: implicit conversion loses integer precision: '__darwin_time_t' (aka 'long') to 'Integer32' (aka 'int') [-Wshorten-64-to-32]
 1690 |                                         time->seconds = tv->tv_sec;
      |                                                       ~ ~~~~^~~~~~
/Users/alfredo/Workspace/PTP-Implementation/ptpd/src/dep/net.c:2037:15: warning: duplicate 'const' declaration specifier [-Wduplicate-decl-specifier]
 2037 |                const const RunTimeOpts *rtOpts, Integer32 destinationAddress)
      |                      ^
3 warnings generated.

CompileC /Users/alfredo/Workspace/PTP-Implementation/ptpd/build-cmake/ios-simulator/build/ptpd2.build/Debug-iphonesimulator/Objects-normal/arm64/msg.o /Users/alfredo/Workspace/PTP-Implementation/ptpd/src/dep/msg.c normal arm64 c com.apple.compilers.llvm.clang.1_0.compiler (in target 'ptpd2' from project 'ptpd')
    cd /Users/alfredo/Workspace/PTP-Implementation/ptpd
    
    Using response file: /Users/alfredo/Workspace/PTP-Implementation/ptpd/build-cmake/ios-simulator/build/ptpd2.build/Debug-iphonesimulator/Objects-normal/arm64/7187679823f38a2a940e0043cdf9d637-common-args.resp
    
    /Applications/Xcode.app/Contents/Developer/Toolchains/XcodeDefault.xctoolchain/usr/bin/clang -x c -ivfsstatcache /Users/alfredo/Library/Developer/Xcode/DerivedData/SDKStatCaches.noindex/iphonesimulator26.2-23C53-7d00a8b37fbd7999ea79df8ebc024bf0.sdkstatcache -fmessage-length\=0 -fdiagnostics-show-note-include-stack -fmacro-backtrace-limit\=0 -fno-color-diagnostics -Wno-trigraphs -Wno-missing-field-initializers -Wno-missing-prototypes -Wno-return-type -Wno-missing-braces -Wparentheses -Wswitch -Wno-unused-function -Wno-unused-label -Wno-unused-parameter -Wno-unused-variable -Wunused-value -Wno-empty-body -Wno-uninitialized -Wno-unknown-pragmas -Wno-shadow -Wno-four-char-constants -Wno-conversion -Wno-constant-conversion -Wno-int-conversion -Wno-bool-conversion -Wno-enum-conversion -Wno-float-conversion -Wno-non-literal-null-conversion -Wno-objc-literal-conversion -Wshorten-64-to-32 -Wpointer-sign -Wno-newline-eof -Wno-implicit-fallthrough -fstrict-aliasing -Wdeprecated-declarations -Wno-sign-conversion -Wno-infinite-recursion -Wno-comma -Wno-block-capture-autoreleasing -Wno-strict-prototypes -Wno-semicolon-before-method-body -index-store-path /Users/alfredo/Library/Developer/Xcode/DerivedData/ptpd-ckkaoshwswuydmbetxbmgznxlvtr/Index.noindex/DataStore -Wall @/Users/alfredo/Workspace/PTP-Implementation/ptpd/build-cmake/ios-simulator/build/ptpd2.build/Debug-iphonesimulator/Objects-normal/arm64/7187679823f38a2a940e0043cdf9d637-common-args.resp -MMD -MT dependencies -MF /Users/alfredo/Workspace/PTP-Implementation/ptpd/build-cmake/ios-simulator/build/ptpd2.build/Debug-iphonesimulator/Objects-normal/arm64/msg.d --serialize-diagnostics /Users/alfredo/Workspace/PTP-Implementation/ptpd/build-cmake/ios-simulator/build/ptpd2.build/Debug-iphonesimulator/Objects-normal/arm64/msg.dia -c /Users/alfredo/Workspace/PTP-Implementation/ptpd/src/dep/msg.c -o /Users/alfredo/Workspace/PTP-Implementation/ptpd/build-cmake/ios-simulator/build/ptpd2.build/Debug-iphonesimulator/Objects-normal/arm64/msg.o -index-unit-output-path /ptpd2.build/Debug-iphonesimulator/Objects-normal/arm64/msg.o
In file included from /Users/alfredo/Workspace/PTP-Implementation/ptpd/src/dep/msg.c:55:
In file included from /Users/alfredo/Workspace/PTP-Implementation/ptpd/src/dep/../ptpd.h:162:
/Users/alfredo/Workspace/PTP-Implementation/ptpd/src/dep/../dep/constants_dep.h:149:9: warning: 'UNICAST_MAX_DESTINATIONS' macro redefined [-Wmacro-redefined]
  149 | #define UNICAST_MAX_DESTINATIONS 16
      |         ^
In file included from /Users/alfredo/Workspace/PTP-Implementation/ptpd/src/dep/msg.c:55:
In file included from /Users/alfredo/Workspace/PTP-Implementation/ptpd/src/dep/../ptpd.h:22:
/Users/alfredo/Workspace/PTP-Implementation/ptpd/build-cmake/ios-simulator/config.h:243:9: note: previous definition is here
  243 | #define UNICAST_MAX_DESTINATIONS 128
      |         ^
1 warning generated.

CompileC /Users/alfredo/Workspace/PTP-Implementation/ptpd/build-cmake/ios-simulator/build/ptpd2.build/Debug-iphonesimulator/Objects-normal/arm64/management.o /Users/alfredo/Workspace/PTP-Implementation/ptpd/src/management.c normal arm64 c com.apple.compilers.llvm.clang.1_0.compiler (in target 'ptpd2' from project 'ptpd')
    cd /Users/alfredo/Workspace/PTP-Implementation/ptpd
    
    Using response file: /Users/alfredo/Workspace/PTP-Implementation/ptpd/build-cmake/ios-simulator/build/ptpd2.build/Debug-iphonesimulator/Objects-normal/arm64/7187679823f38a2a940e0043cdf9d637-common-args.resp
    
    /Applications/Xcode.app/Contents/Developer/Toolchains/XcodeDefault.xctoolchain/usr/bin/clang -x c -ivfsstatcache /Users/alfredo/Library/Developer/Xcode/DerivedData/SDKStatCaches.noindex/iphonesimulator26.2-23C53-7d00a8b37fbd7999ea79df8ebc024bf0.sdkstatcache -fmessage-length\=0 -fdiagnostics-show-note-include-stack -fmacro-backtrace-limit\=0 -fno-color-diagnostics -Wno-trigraphs -Wno-missing-field-initializers -Wno-missing-prototypes -Wno-return-type -Wno-missing-braces -Wparentheses -Wswitch -Wno-unused-function -Wno-unused-label -Wno-unused-parameter -Wno-unused-variable -Wunused-value -Wno-empty-body -Wno-uninitialized -Wno-unknown-pragmas -Wno-shadow -Wno-four-char-constants -Wno-conversion -Wno-constant-conversion -Wno-int-conversion -Wno-bool-conversion -Wno-enum-conversion -Wno-float-conversion -Wno-non-literal-null-conversion -Wno-objc-literal-conversion -Wshorten-64-to-32 -Wpointer-sign -Wno-newline-eof -Wno-implicit-fallthrough -fstrict-aliasing -Wdeprecated-declarations -Wno-sign-conversion -Wno-infinite-recursion -Wno-comma -Wno-block-capture-autoreleasing -Wno-strict-prototypes -Wno-semicolon-before-method-body -index-store-path /Users/alfredo/Library/Developer/Xcode/DerivedData/ptpd-ckkaoshwswuydmbetxbmgznxlvtr/Index.noindex/DataStore -Wall @/Users/alfredo/Workspace/PTP-Implementation/ptpd/build-cmake/ios-simulator/build/ptpd2.build/Debug-iphonesimulator/Objects-normal/arm64/7187679823f38a2a940e0043cdf9d637-common-args.resp -MMD -MT dependencies -MF /Users/alfredo/Workspace/PTP-Implementation/ptpd/build-cmake/ios-simulator/build/ptpd2.build/Debug-iphonesimulator/Objects-normal/arm64/management.d --serialize-diagnostics /Users/alfredo/Workspace/PTP-Implementation/ptpd/build-cmake/ios-simulator/build/ptpd2.build/Debug-iphonesimulator/Objects-normal/arm64/management.dia -c /Users/alfredo/Workspace/PTP-Implementation/ptpd/src/management.c -o /Users/alfredo/Workspace/PTP-Implementation/ptpd/build-cmake/ios-simulator/build/ptpd2.build/Debug-iphonesimulator/Objects-normal/arm64/management.o -index-unit-output-path /ptpd2.build/Debug-iphonesimulator/Objects-normal/arm64/management.o
In file included from /Users/alfredo/Workspace/PTP-Implementation/ptpd/src/management.c:54:
In file included from /Users/alfredo/Workspace/PTP-Implementation/ptpd/src/ptpd.h:162:
/Users/alfredo/Workspace/PTP-Implementation/ptpd/src/dep/constants_dep.h:149:9: warning: 'UNICAST_MAX_DESTINATIONS' macro redefined [-Wmacro-redefined]
  149 | #define UNICAST_MAX_DESTINATIONS 16
      |         ^
In file included from /Users/alfredo/Workspace/PTP-Implementation/ptpd/src/management.c:54:
In file included from /Users/alfredo/Workspace/PTP-Implementation/ptpd/src/ptpd.h:22:
/Users/alfredo/Workspace/PTP-Implementation/ptpd/build-cmake/ios-simulator/config.h:243:9: note: previous definition is here
  243 | #define UNICAST_MAX_DESTINATIONS 128
      |         ^
1 warning generated.

CompileC /Users/alfredo/Workspace/PTP-Implementation/ptpd/build-cmake/ios-simulator/build/ptpd2.build/Debug-iphonesimulator/Objects-normal/arm64/ipv4_acl.o /Users/alfredo/Workspace/PTP-Implementation/ptpd/src/dep/ipv4_acl.c normal arm64 c com.apple.compilers.llvm.clang.1_0.compiler (in target 'ptpd2' from project 'ptpd')
    cd /Users/alfredo/Workspace/PTP-Implementation/ptpd
    
    Using response file: /Users/alfredo/Workspace/PTP-Implementation/ptpd/build-cmake/ios-simulator/build/ptpd2.build/Debug-iphonesimulator/Objects-normal/arm64/7187679823f38a2a940e0043cdf9d637-common-args.resp
    
    /Applications/Xcode.app/Contents/Developer/Toolchains/XcodeDefault.xctoolchain/usr/bin/clang -x c -ivfsstatcache /Users/alfredo/Library/Developer/Xcode/DerivedData/SDKStatCaches.noindex/iphonesimulator26.2-23C53-7d00a8b37fbd7999ea79df8ebc024bf0.sdkstatcache -fmessage-length\=0 -fdiagnostics-show-note-include-stack -fmacro-backtrace-limit\=0 -fno-color-diagnostics -Wno-trigraphs -Wno-missing-field-initializers -Wno-missing-prototypes -Wno-return-type -Wno-missing-braces -Wparentheses -Wswitch -Wno-unused-function -Wno-unused-label -Wno-unused-parameter -Wno-unused-variable -Wunused-value -Wno-empty-body -Wno-uninitialized -Wno-unknown-pragmas -Wno-shadow -Wno-four-char-constants -Wno-conversion -Wno-constant-conversion -Wno-int-conversion -Wno-bool-conversion -Wno-enum-conversion -Wno-float-conversion -Wno-non-literal-null-conversion -Wno-objc-literal-conversion -Wshorten-64-to-32 -Wpointer-sign -Wno-newline-eof -Wno-implicit-fallthrough -fstrict-aliasing -Wdeprecated-declarations -Wno-sign-conversion -Wno-infinite-recursion -Wno-comma -Wno-block-capture-autoreleasing -Wno-strict-prototypes -Wno-semicolon-before-method-body -index-store-path /Users/alfredo/Library/Developer/Xcode/DerivedData/ptpd-ckkaoshwswuydmbetxbmgznxlvtr/Index.noindex/DataStore -Wall @/Users/alfredo/Workspace/PTP-Implementation/ptpd/build-cmake/ios-simulator/build/ptpd2.build/Debug-iphonesimulator/Objects-normal/arm64/7187679823f38a2a940e0043cdf9d637-common-args.resp -MMD -MT dependencies -MF /Users/alfredo/Workspace/PTP-Implementation/ptpd/build-cmake/ios-simulator/build/ptpd2.build/Debug-iphonesimulator/Objects-normal/arm64/ipv4_acl.d --serialize-diagnostics /Users/alfredo/Workspace/PTP-Implementation/ptpd/build-cmake/ios-simulator/build/ptpd2.build/Debug-iphonesimulator/Objects-normal/arm64/ipv4_acl.dia -c /Users/alfredo/Workspace/PTP-Implementation/ptpd/src/dep/ipv4_acl.c -o /Users/alfredo/Workspace/PTP-Implementation/ptpd/build-cmake/ios-simulator/build/ptpd2.build/Debug-iphonesimulator/Objects-normal/arm64/ipv4_acl.o -index-unit-output-path /ptpd2.build/Debug-iphonesimulator/Objects-normal/arm64/ipv4_acl.o
In file included from /Users/alfredo/Workspace/PTP-Implementation/ptpd/src/dep/ipv4_acl.c:38:
In file included from /Users/alfredo/Workspace/PTP-Implementation/ptpd/src/dep/../ptpd.h:162:
/Users/alfredo/Workspace/PTP-Implementation/ptpd/src/dep/../dep/constants_dep.h:149:9: warning: 'UNICAST_MAX_DESTINATIONS' macro redefined [-Wmacro-redefined]
  149 | #define UNICAST_MAX_DESTINATIONS 16
      |         ^
In file included from /Users/alfredo/Workspace/PTP-Implementation/ptpd/src/dep/ipv4_acl.c:38:
In file included from /Users/alfredo/Workspace/PTP-Implementation/ptpd/src/dep/../ptpd.h:22:
/Users/alfredo/Workspace/PTP-Implementation/ptpd/build-cmake/ios-simulator/config.h:243:9: note: previous definition is here
  243 | #define UNICAST_MAX_DESTINATIONS 128
      |         ^
1 warning generated.

CompileC /Users/alfredo/Workspace/PTP-Implementation/ptpd/build-cmake/ios-simulator/build/ptpd2.build/Debug-iphonesimulator/Objects-normal/arm64/iniparser.o /Users/alfredo/Workspace/PTP-Implementation/ptpd/src/dep/iniparser/iniparser.c normal arm64 c com.apple.compilers.llvm.clang.1_0.compiler (in target 'ptpd2' from project 'ptpd')
    cd /Users/alfredo/Workspace/PTP-Implementation/ptpd
    
    Using response file: /Users/alfredo/Workspace/PTP-Implementation/ptpd/build-cmake/ios-simulator/build/ptpd2.build/Debug-iphonesimulator/Objects-normal/arm64/7187679823f38a2a940e0043cdf9d637-common-args.resp
    
    /Applications/Xcode.app/Contents/Developer/Toolchains/XcodeDefault.xctoolchain/usr/bin/clang -x c -ivfsstatcache /Users/alfredo/Library/Developer/Xcode/DerivedData/SDKStatCaches.noindex/iphonesimulator26.2-23C53-7d00a8b37fbd7999ea79df8ebc024bf0.sdkstatcache -fmessage-length\=0 -fdiagnostics-show-note-include-stack -fmacro-backtrace-limit\=0 -fno-color-diagnostics -Wno-trigraphs -Wno-missing-field-initializers -Wno-missing-prototypes -Wno-return-type -Wno-missing-braces -Wparentheses -Wswitch -Wno-unused-function -Wno-unused-label -Wno-unused-parameter -Wno-unused-variable -Wunused-value -Wno-empty-body -Wno-uninitialized -Wno-unknown-pragmas -Wno-shadow -Wno-four-char-constants -Wno-conversion -Wno-constant-conversion -Wno-int-conversion -Wno-bool-conversion -Wno-enum-conversion -Wno-float-conversion -Wno-non-literal-null-conversion -Wno-objc-literal-conversion -Wshorten-64-to-32 -Wpointer-sign -Wno-newline-eof -Wno-implicit-fallthrough -fstrict-aliasing -Wdeprecated-declarations -Wno-sign-conversion -Wno-infinite-recursion -Wno-comma -Wno-block-capture-autoreleasing -Wno-strict-prototypes -Wno-semicolon-before-method-body -index-store-path /Users/alfredo/Library/Developer/Xcode/DerivedData/ptpd-ckkaoshwswuydmbetxbmgznxlvtr/Index.noindex/DataStore -Wall @/Users/alfredo/Workspace/PTP-Implementation/ptpd/build-cmake/ios-simulator/build/ptpd2.build/Debug-iphonesimulator/Objects-normal/arm64/7187679823f38a2a940e0043cdf9d637-common-args.resp -MMD -MT dependencies -MF /Users/alfredo/Workspace/PTP-Implementation/ptpd/build-cmake/ios-simulator/build/ptpd2.build/Debug-iphonesimulator/Objects-normal/arm64/iniparser.d --serialize-diagnostics /Users/alfredo/Workspace/PTP-Implementation/ptpd/build-cmake/ios-simulator/build/ptpd2.build/Debug-iphonesimulator/Objects-normal/arm64/iniparser.dia -c /Users/alfredo/Workspace/PTP-Implementation/ptpd/src/dep/iniparser/iniparser.c -o /Users/alfredo/Workspace/PTP-Implementation/ptpd/build-cmake/ios-simulator/build/ptpd2.build/Debug-iphonesimulator/Objects-normal/arm64/iniparser.o -index-unit-output-path /ptpd2.build/Debug-iphonesimulator/Objects-normal/arm64/iniparser.o

CompileC /Users/alfredo/Workspace/PTP-Implementation/ptpd/build-cmake/ios-simulator/build/ptpd2.build/Debug-iphonesimulator/Objects-normal/arm64/eventtimer_itimer.o /Users/alfredo/Workspace/PTP-Implementation/ptpd/src/dep/eventtimer_itimer.c normal arm64 c com.apple.compilers.llvm.clang.1_0.compiler (in target 'ptpd2' from project 'ptpd')
    cd /Users/alfredo/Workspace/PTP-Implementation/ptpd
    
    Using response file: /Users/alfredo/Workspace/PTP-Implementation/ptpd/build-cmake/ios-simulator/build/ptpd2.build/Debug-iphonesimulator/Objects-normal/arm64/7187679823f38a2a940e0043cdf9d637-common-args.resp
    
    /Applications/Xcode.app/Contents/Developer/Toolchains/XcodeDefault.xctoolchain/usr/bin/clang -x c -ivfsstatcache /Users/alfredo/Library/Developer/Xcode/DerivedData/SDKStatCaches.noindex/iphonesimulator26.2-23C53-7d00a8b37fbd7999ea79df8ebc024bf0.sdkstatcache -fmessage-length\=0 -fdiagnostics-show-note-include-stack -fmacro-backtrace-limit\=0 -fno-color-diagnostics -Wno-trigraphs -Wno-missing-field-initializers -Wno-missing-prototypes -Wno-return-type -Wno-missing-braces -Wparentheses -Wswitch -Wno-unused-function -Wno-unused-label -Wno-unused-parameter -Wno-unused-variable -Wunused-value -Wno-empty-body -Wno-uninitialized -Wno-unknown-pragmas -Wno-shadow -Wno-four-char-constants -Wno-conversion -Wno-constant-conversion -Wno-int-conversion -Wno-bool-conversion -Wno-enum-conversion -Wno-float-conversion -Wno-non-literal-null-conversion -Wno-objc-literal-conversion -Wshorten-64-to-32 -Wpointer-sign -Wno-newline-eof -Wno-implicit-fallthrough -fstrict-aliasing -Wdeprecated-declarations -Wno-sign-conversion -Wno-infinite-recursion -Wno-comma -Wno-block-capture-autoreleasing -Wno-strict-prototypes -Wno-semicolon-before-method-body -index-store-path /Users/alfredo/Library/Developer/Xcode/DerivedData/ptpd-ckkaoshwswuydmbetxbmgznxlvtr/Index.noindex/DataStore -Wall @/Users/alfredo/Workspace/PTP-Implementation/ptpd/build-cmake/ios-simulator/build/ptpd2.build/Debug-iphonesimulator/Objects-normal/arm64/7187679823f38a2a940e0043cdf9d637-common-args.resp -MMD -MT dependencies -MF /Users/alfredo/Workspace/PTP-Implementation/ptpd/build-cmake/ios-simulator/build/ptpd2.build/Debug-iphonesimulator/Objects-normal/arm64/eventtimer_itimer.d --serialize-diagnostics /Users/alfredo/Workspace/PTP-Implementation/ptpd/build-cmake/ios-simulator/build/ptpd2.build/Debug-iphonesimulator/Objects-normal/arm64/eventtimer_itimer.dia -c /Users/alfredo/Workspace/PTP-Implementation/ptpd/src/dep/eventtimer_itimer.c -o /Users/alfredo/Workspace/PTP-Implementation/ptpd/build-cmake/ios-simulator/build/ptpd2.build/Debug-iphonesimulator/Objects-normal/arm64/eventtimer_itimer.o -index-unit-output-path /ptpd2.build/Debug-iphonesimulator/Objects-normal/arm64/eventtimer_itimer.o
In file included from /Users/alfredo/Workspace/PTP-Implementation/ptpd/src/dep/eventtimer_itimer.c:54:
In file included from /Users/alfredo/Workspace/PTP-Implementation/ptpd/src/dep/../ptpd.h:162:
/Users/alfredo/Workspace/PTP-Implementation/ptpd/src/dep/../dep/constants_dep.h:149:9: warning: 'UNICAST_MAX_DESTINATIONS' macro redefined [-Wmacro-redefined]
  149 | #define UNICAST_MAX_DESTINATIONS 16
      |         ^
In file included from /Users/alfredo/Workspace/PTP-Implementation/ptpd/src/dep/eventtimer_itimer.c:54:
In file included from /Users/alfredo/Workspace/PTP-Implementation/ptpd/src/dep/../ptpd.h:22:
/Users/alfredo/Workspace/PTP-Implementation/ptpd/build-cmake/ios-simulator/config.h:243:9: note: previous definition is here
  243 | #define UNICAST_MAX_DESTINATIONS 128
      |         ^
1 warning generated.

CompileC /Users/alfredo/Workspace/PTP-Implementation/ptpd/build-cmake/ios-simulator/build/ptpd2.build/Debug-iphonesimulator/Objects-normal/arm64/eventtimer.o /Users/alfredo/Workspace/PTP-Implementation/ptpd/src/dep/eventtimer.c normal arm64 c com.apple.compilers.llvm.clang.1_0.compiler (in target 'ptpd2' from project 'ptpd')
    cd /Users/alfredo/Workspace/PTP-Implementation/ptpd
    
    Using response file: /Users/alfredo/Workspace/PTP-Implementation/ptpd/build-cmake/ios-simulator/build/ptpd2.build/Debug-iphonesimulator/Objects-normal/arm64/7187679823f38a2a940e0043cdf9d637-common-args.resp
    
    /Applications/Xcode.app/Contents/Developer/Toolchains/XcodeDefault.xctoolchain/usr/bin/clang -x c -ivfsstatcache /Users/alfredo/Library/Developer/Xcode/DerivedData/SDKStatCaches.noindex/iphonesimulator26.2-23C53-7d00a8b37fbd7999ea79df8ebc024bf0.sdkstatcache -fmessage-length\=0 -fdiagnostics-show-note-include-stack -fmacro-backtrace-limit\=0 -fno-color-diagnostics -Wno-trigraphs -Wno-missing-field-initializers -Wno-missing-prototypes -Wno-return-type -Wno-missing-braces -Wparentheses -Wswitch -Wno-unused-function -Wno-unused-label -Wno-unused-parameter -Wno-unused-variable -Wunused-value -Wno-empty-body -Wno-uninitialized -Wno-unknown-pragmas -Wno-shadow -Wno-four-char-constants -Wno-conversion -Wno-constant-conversion -Wno-int-conversion -Wno-bool-conversion -Wno-enum-conversion -Wno-float-conversion -Wno-non-literal-null-conversion -Wno-objc-literal-conversion -Wshorten-64-to-32 -Wpointer-sign -Wno-newline-eof -Wno-implicit-fallthrough -fstrict-aliasing -Wdeprecated-declarations -Wno-sign-conversion -Wno-infinite-recursion -Wno-comma -Wno-block-capture-autoreleasing -Wno-strict-prototypes -Wno-semicolon-before-method-body -index-store-path /Users/alfredo/Library/Developer/Xcode/DerivedData/ptpd-ckkaoshwswuydmbetxbmgznxlvtr/Index.noindex/DataStore -Wall @/Users/alfredo/Workspace/PTP-Implementation/ptpd/build-cmake/ios-simulator/build/ptpd2.build/Debug-iphonesimulator/Objects-normal/arm64/7187679823f38a2a940e0043cdf9d637-common-args.resp -MMD -MT dependencies -MF /Users/alfredo/Workspace/PTP-Implementation/ptpd/build-cmake/ios-simulator/build/ptpd2.build/Debug-iphonesimulator/Objects-normal/arm64/eventtimer.d --serialize-diagnostics /Users/alfredo/Workspace/PTP-Implementation/ptpd/build-cmake/ios-simulator/build/ptpd2.build/Debug-iphonesimulator/Objects-normal/arm64/eventtimer.dia -c /Users/alfredo/Workspace/PTP-Implementation/ptpd/src/dep/eventtimer.c -o /Users/alfredo/Workspace/PTP-Implementation/ptpd/build-cmake/ios-simulator/build/ptpd2.build/Debug-iphonesimulator/Objects-normal/arm64/eventtimer.o -index-unit-output-path /ptpd2.build/Debug-iphonesimulator/Objects-normal/arm64/eventtimer.o
In file included from /Users/alfredo/Workspace/PTP-Implementation/ptpd/src/dep/eventtimer.c:38:
In file included from /Users/alfredo/Workspace/PTP-Implementation/ptpd/src/dep/../ptpd.h:162:
/Users/alfredo/Workspace/PTP-Implementation/ptpd/src/dep/../dep/constants_dep.h:149:9: warning: 'UNICAST_MAX_DESTINATIONS' macro redefined [-Wmacro-redefined]
  149 | #define UNICAST_MAX_DESTINATIONS 16
      |         ^
In file included from /Users/alfredo/Workspace/PTP-Implementation/ptpd/src/dep/eventtimer.c:38:
In file included from /Users/alfredo/Workspace/PTP-Implementation/ptpd/src/dep/../ptpd.h:22:
/Users/alfredo/Workspace/PTP-Implementation/ptpd/build-cmake/ios-simulator/config.h:243:9: note: previous definition is here
  243 | #define UNICAST_MAX_DESTINATIONS 128
      |         ^
1 warning generated.

CompileC /Users/alfredo/Workspace/PTP-Implementation/ptpd/build-cmake/ios-simulator/build/ptpd2.build/Debug-iphonesimulator/Objects-normal/arm64/display.o /Users/alfredo/Workspace/PTP-Implementation/ptpd/src/display.c normal arm64 c com.apple.compilers.llvm.clang.1_0.compiler (in target 'ptpd2' from project 'ptpd')
    cd /Users/alfredo/Workspace/PTP-Implementation/ptpd
    
    Using response file: /Users/alfredo/Workspace/PTP-Implementation/ptpd/build-cmake/ios-simulator/build/ptpd2.build/Debug-iphonesimulator/Objects-normal/arm64/7187679823f38a2a940e0043cdf9d637-common-args.resp
    
    /Applications/Xcode.app/Contents/Developer/Toolchains/XcodeDefault.xctoolchain/usr/bin/clang -x c -ivfsstatcache /Users/alfredo/Library/Developer/Xcode/DerivedData/SDKStatCaches.noindex/iphonesimulator26.2-23C53-7d00a8b37fbd7999ea79df8ebc024bf0.sdkstatcache -fmessage-length\=0 -fdiagnostics-show-note-include-stack -fmacro-backtrace-limit\=0 -fno-color-diagnostics -Wno-trigraphs -Wno-missing-field-initializers -Wno-missing-prototypes -Wno-return-type -Wno-missing-braces -Wparentheses -Wswitch -Wno-unused-function -Wno-unused-label -Wno-unused-parameter -Wno-unused-variable -Wunused-value -Wno-empty-body -Wno-uninitialized -Wno-unknown-pragmas -Wno-shadow -Wno-four-char-constants -Wno-conversion -Wno-constant-conversion -Wno-int-conversion -Wno-bool-conversion -Wno-enum-conversion -Wno-float-conversion -Wno-non-literal-null-conversion -Wno-objc-literal-conversion -Wshorten-64-to-32 -Wpointer-sign -Wno-newline-eof -Wno-implicit-fallthrough -fstrict-aliasing -Wdeprecated-declarations -Wno-sign-conversion -Wno-infinite-recursion -Wno-comma -Wno-block-capture-autoreleasing -Wno-strict-prototypes -Wno-semicolon-before-method-body -index-store-path /Users/alfredo/Library/Developer/Xcode/DerivedData/ptpd-ckkaoshwswuydmbetxbmgznxlvtr/Index.noindex/DataStore -Wall @/Users/alfredo/Workspace/PTP-Implementation/ptpd/build-cmake/ios-simulator/build/ptpd2.build/Debug-iphonesimulator/Objects-normal/arm64/7187679823f38a2a940e0043cdf9d637-common-args.resp -MMD -MT dependencies -MF /Users/alfredo/Workspace/PTP-Implementation/ptpd/build-cmake/ios-simulator/build/ptpd2.build/Debug-iphonesimulator/Objects-normal/arm64/display.d --serialize-diagnostics /Users/alfredo/Workspace/PTP-Implementation/ptpd/build-cmake/ios-simulator/build/ptpd2.build/Debug-iphonesimulator/Objects-normal/arm64/display.dia -c /Users/alfredo/Workspace/PTP-Implementation/ptpd/src/display.c -o /Users/alfredo/Workspace/PTP-Implementation/ptpd/build-cmake/ios-simulator/build/ptpd2.build/Debug-iphonesimulator/Objects-normal/arm64/display.o -index-unit-output-path /ptpd2.build/Debug-iphonesimulator/Objects-normal/arm64/display.o
In file included from /Users/alfredo/Workspace/PTP-Implementation/ptpd/src/display.c:55:
In file included from /Users/alfredo/Workspace/PTP-Implementation/ptpd/src/ptpd.h:162:
/Users/alfredo/Workspace/PTP-Implementation/ptpd/src/dep/constants_dep.h:149:9: warning: 'UNICAST_MAX_DESTINATIONS' macro redefined [-Wmacro-redefined]
  149 | #define UNICAST_MAX_DESTINATIONS 16
      |         ^
In file included from /Users/alfredo/Workspace/PTP-Implementation/ptpd/src/display.c:55:
In file included from /Users/alfredo/Workspace/PTP-Implementation/ptpd/src/ptpd.h:22:
/Users/alfredo/Workspace/PTP-Implementation/ptpd/build-cmake/ios-simulator/config.h:243:9: note: previous definition is here
  243 | #define UNICAST_MAX_DESTINATIONS 128
      |         ^
1 warning generated.

CompileC /Users/alfredo/Workspace/PTP-Implementation/ptpd/build-cmake/ios-simulator/build/ptpd2.build/Debug-iphonesimulator/Objects-normal/arm64/dictionary.o /Users/alfredo/Workspace/PTP-Implementation/ptpd/src/dep/iniparser/dictionary.c normal arm64 c com.apple.compilers.llvm.clang.1_0.compiler (in target 'ptpd2' from project 'ptpd')
    cd /Users/alfredo/Workspace/PTP-Implementation/ptpd
    
    Using response file: /Users/alfredo/Workspace/PTP-Implementation/ptpd/build-cmake/ios-simulator/build/ptpd2.build/Debug-iphonesimulator/Objects-normal/arm64/7187679823f38a2a940e0043cdf9d637-common-args.resp
    
    /Applications/Xcode.app/Contents/Developer/Toolchains/XcodeDefault.xctoolchain/usr/bin/clang -x c -ivfsstatcache /Users/alfredo/Library/Developer/Xcode/DerivedData/SDKStatCaches.noindex/iphonesimulator26.2-23C53-7d00a8b37fbd7999ea79df8ebc024bf0.sdkstatcache -fmessage-length\=0 -fdiagnostics-show-note-include-stack -fmacro-backtrace-limit\=0 -fno-color-diagnostics -Wno-trigraphs -Wno-missing-field-initializers -Wno-missing-prototypes -Wno-return-type -Wno-missing-braces -Wparentheses -Wswitch -Wno-unused-function -Wno-unused-label -Wno-unused-parameter -Wno-unused-variable -Wunused-value -Wno-empty-body -Wno-uninitialized -Wno-unknown-pragmas -Wno-shadow -Wno-four-char-constants -Wno-conversion -Wno-constant-conversion -Wno-int-conversion -Wno-bool-conversion -Wno-enum-conversion -Wno-float-conversion -Wno-non-literal-null-conversion -Wno-objc-literal-conversion -Wshorten-64-to-32 -Wpointer-sign -Wno-newline-eof -Wno-implicit-fallthrough -fstrict-aliasing -Wdeprecated-declarations -Wno-sign-conversion -Wno-infinite-recursion -Wno-comma -Wno-block-capture-autoreleasing -Wno-strict-prototypes -Wno-semicolon-before-method-body -index-store-path /Users/alfredo/Library/Developer/Xcode/DerivedData/ptpd-ckkaoshwswuydmbetxbmgznxlvtr/Index.noindex/DataStore -Wall @/Users/alfredo/Workspace/PTP-Implementation/ptpd/build-cmake/ios-simulator/build/ptpd2.build/Debug-iphonesimulator/Objects-normal/arm64/7187679823f38a2a940e0043cdf9d637-common-args.resp -MMD -MT dependencies -MF /Users/alfredo/Workspace/PTP-Implementation/ptpd/build-cmake/ios-simulator/build/ptpd2.build/Debug-iphonesimulator/Objects-normal/arm64/dictionary.d --serialize-diagnostics /Users/alfredo/Workspace/PTP-Implementation/ptpd/build-cmake/ios-simulator/build/ptpd2.build/Debug-iphonesimulator/Objects-normal/arm64/dictionary.dia -c /Users/alfredo/Workspace/PTP-Implementation/ptpd/src/dep/iniparser/dictionary.c -o /Users/alfredo/Workspace/PTP-Implementation/ptpd/build-cmake/ios-simulator/build/ptpd2.build/Debug-iphonesimulator/Objects-normal/arm64/dictionary.o -index-unit-output-path /ptpd2.build/Debug-iphonesimulator/Objects-normal/arm64/dictionary.o
/Users/alfredo/Workspace/PTP-Implementation/ptpd/src/dep/iniparser/dictionary.c:94:11: warning: implicit conversion loses integer precision: 'unsigned long' to 'int' [-Wshorten-64-to-32]
   94 |     len = strlen(key);
      |         ~ ^~~~~~~~~~~
/Users/alfredo/Workspace/PTP-Implementation/ptpd/src/dep/iniparser/dictionary.c:376:22: warning: implicit conversion loses integer precision: 'unsigned long' to 'int' [-Wshorten-64-to-32]
  376 |                 maxcount = bufsize - strlen(out);
      |                          ~ ~~~~~~~~^~~~~~~~~~~~~
/Users/alfredo/Workspace/PTP-Implementation/ptpd/src/dep/iniparser/dictionary.c:380:22: warning: implicit conversion loses integer precision: 'unsigned long' to 'int' [-Wshorten-64-to-32]
  380 |                 maxcount = bufsize - strlen(out);
      |                          ~ ~~~~~~~~^~~~~~~~~~~~~
/Users/alfredo/Workspace/PTP-Implementation/ptpd/src/dep/iniparser/dictionary.c:391:22: warning: implicit conversion loses integer precision: 'unsigned long' to 'int' [-Wshorten-64-to-32]
  391 |                 maxcount = bufsize - strlen(out);
      |                          ~ ~~~~~~~~^~~~~~~~~~~~~
4 warnings generated.

CompileC /Users/alfredo/Workspace/PTP-Implementation/ptpd/build-cmake/ios-simulator/build/ptpd2.build/Debug-iphonesimulator/Objects-normal/arm64/daemonconfig.o /Users/alfredo/Workspace/PTP-Implementation/ptpd/src/dep/daemonconfig.c normal arm64 c com.apple.compilers.llvm.clang.1_0.compiler (in target 'ptpd2' from project 'ptpd')
    cd /Users/alfredo/Workspace/PTP-Implementation/ptpd
    
    Using response file: /Users/alfredo/Workspace/PTP-Implementation/ptpd/build-cmake/ios-simulator/build/ptpd2.build/Debug-iphonesimulator/Objects-normal/arm64/7187679823f38a2a940e0043cdf9d637-common-args.resp
    
    /Applications/Xcode.app/Contents/Developer/Toolchains/XcodeDefault.xctoolchain/usr/bin/clang -x c -ivfsstatcache /Users/alfredo/Library/Developer/Xcode/DerivedData/SDKStatCaches.noindex/iphonesimulator26.2-23C53-7d00a8b37fbd7999ea79df8ebc024bf0.sdkstatcache -fmessage-length\=0 -fdiagnostics-show-note-include-stack -fmacro-backtrace-limit\=0 -fno-color-diagnostics -Wno-trigraphs -Wno-missing-field-initializers -Wno-missing-prototypes -Wno-return-type -Wno-missing-braces -Wparentheses -Wswitch -Wno-unused-function -Wno-unused-label -Wno-unused-parameter -Wno-unused-variable -Wunused-value -Wno-empty-body -Wno-uninitialized -Wno-unknown-pragmas -Wno-shadow -Wno-four-char-constants -Wno-conversion -Wno-constant-conversion -Wno-int-conversion -Wno-bool-conversion -Wno-enum-conversion -Wno-float-conversion -Wno-non-literal-null-conversion -Wno-objc-literal-conversion -Wshorten-64-to-32 -Wpointer-sign -Wno-newline-eof -Wno-implicit-fallthrough -fstrict-aliasing -Wdeprecated-declarations -Wno-sign-conversion -Wno-infinite-recursion -Wno-comma -Wno-block-capture-autoreleasing -Wno-strict-prototypes -Wno-semicolon-before-method-body -index-store-path /Users/alfredo/Library/Developer/Xcode/DerivedData/ptpd-ckkaoshwswuydmbetxbmgznxlvtr/Index.noindex/DataStore -Wall @/Users/alfredo/Workspace/PTP-Implementation/ptpd/build-cmake/ios-simulator/build/ptpd2.build/Debug-iphonesimulator/Objects-normal/arm64/7187679823f38a2a940e0043cdf9d637-common-args.resp -MMD -MT dependencies -MF /Users/alfredo/Workspace/PTP-Implementation/ptpd/build-cmake/ios-simulator/build/ptpd2.build/Debug-iphonesimulator/Objects-normal/arm64/daemonconfig.d --serialize-diagnostics /Users/alfredo/Workspace/PTP-Implementation/ptpd/build-cmake/ios-simulator/build/ptpd2.build/Debug-iphonesimulator/Objects-normal/arm64/daemonconfig.dia -c /Users/alfredo/Workspace/PTP-Implementation/ptpd/src/dep/daemonconfig.c -o /Users/alfredo/Workspace/PTP-Implementation/ptpd/build-cmake/ios-simulator/build/ptpd2.build/Debug-iphonesimulator/Objects-normal/arm64/daemonconfig.o -index-unit-output-path /ptpd2.build/Debug-iphonesimulator/Objects-normal/arm64/daemonconfig.o
In file included from /Users/alfredo/Workspace/PTP-Implementation/ptpd/src/dep/daemonconfig.c:40:
In file included from /Users/alfredo/Workspace/PTP-Implementation/ptpd/src/dep/../ptpd.h:162:
/Users/alfredo/Workspace/PTP-Implementation/ptpd/src/dep/../dep/constants_dep.h:149:9: warning: 'UNICAST_MAX_DESTINATIONS' macro redefined [-Wmacro-redefined]
  149 | #define UNICAST_MAX_DESTINATIONS 16
      |         ^
In file included from /Users/alfredo/Workspace/PTP-Implementation/ptpd/src/dep/daemonconfig.c:40:
In file included from /Users/alfredo/Workspace/PTP-Implementation/ptpd/src/dep/../ptpd.h:22:
/Users/alfredo/Workspace/PTP-Implementation/ptpd/build-cmake/ios-simulator/config.h:243:9: note: previous definition is here
  243 | #define UNICAST_MAX_DESTINATIONS 128
      |         ^
/Users/alfredo/Workspace/PTP-Implementation/ptpd/src/dep/daemonconfig.c:226:11: warning: implicit conversion loses integer precision: 'unsigned long' to 'int' [-Wshorten-64-to-32]
  226 |     len = strlen(helptext);
      |         ~ ^~~~~~~~~~~~~~~~

CompileC /Users/alfredo/Workspace/PTP-Implementation/ptpd/build-cmake/ios-simulator/build/ptpd2.build/Debug-iphonesimulator/Objects-normal/arm64/configdefaults.o /Users/alfredo/Workspace/PTP-Implementation/ptpd/src/dep/configdefaults.c normal arm64 c com.apple.compilers.llvm.clang.1_0.compiler (in target 'ptpd2' from project 'ptpd')
    cd /Users/alfredo/Workspace/PTP-Implementation/ptpd
    
    Using response file: /Users/alfredo/Workspace/PTP-Implementation/ptpd/build-cmake/ios-simulator/build/ptpd2.build/Debug-iphonesimulator/Objects-normal/arm64/7187679823f38a2a940e0043cdf9d637-common-args.resp
    
    /Applications/Xcode.app/Contents/Developer/Toolchains/XcodeDefault.xctoolchain/usr/bin/clang -x c -ivfsstatcache /Users/alfredo/Library/Developer/Xcode/DerivedData/SDKStatCaches.noindex/iphonesimulator26.2-23C53-7d00a8b37fbd7999ea79df8ebc024bf0.sdkstatcache -fmessage-length\=0 -fdiagnostics-show-note-include-stack -fmacro-backtrace-limit\=0 -fno-color-diagnostics -Wno-trigraphs -Wno-missing-field-initializers -Wno-missing-prototypes -Wno-return-type -Wno-missing-braces -Wparentheses -Wswitch -Wno-unused-function -Wno-unused-label -Wno-unused-parameter -Wno-unused-variable -Wunused-value -Wno-empty-body -Wno-uninitialized -Wno-unknown-pragmas -Wno-shadow -Wno-four-char-constants -Wno-conversion -Wno-constant-conversion -Wno-int-conversion -Wno-bool-conversion -Wno-enum-conversion -Wno-float-conversion -Wno-non-literal-null-conversion -Wno-objc-literal-conversion -Wshorten-64-to-32 -Wpointer-sign -Wno-newline-eof -Wno-implicit-fallthrough -fstrict-aliasing -Wdeprecated-declarations -Wno-sign-conversion -Wno-infinite-recursion -Wno-comma -Wno-block-capture-autoreleasing -Wno-strict-prototypes -Wno-semicolon-before-method-body -index-store-path /Users/alfredo/Library/Developer/Xcode/DerivedData/ptpd-ckkaoshwswuydmbetxbmgznxlvtr/Index.noindex/DataStore -Wall @/Users/alfredo/Workspace/PTP-Implementation/ptpd/build-cmake/ios-simulator/build/ptpd2.build/Debug-iphonesimulator/Objects-normal/arm64/7187679823f38a2a940e0043cdf9d637-common-args.resp -MMD -MT dependencies -MF /Users/alfredo/Workspace/PTP-Implementation/ptpd/build-cmake/ios-simulator/build/ptpd2.build/Debug-iphonesimulator/Objects-normal/arm64/configdefaults.d --serialize-diagnostics /Users/alfredo/Workspace/PTP-Implementation/ptpd/build-cmake/ios-simulator/build/ptpd2.build/Debug-iphonesimulator/Objects-normal/arm64/configdefaults.dia -c /Users/alfredo/Workspace/PTP-Implementation/ptpd/src/dep/configdefaults.c -o /Users/alfredo/Workspace/PTP-Implementation/ptpd/build-cmake/ios-simulator/build/ptpd2.build/Debug-iphonesimulator/Objects-normal/arm64/configdefaults.o -index-unit-output-path /ptpd2.build/Debug-iphonesimulator/Objects-normal/arm64/configdefaults.o
In file included from /Users/alfredo/Workspace/PTP-Implementation/ptpd/src/dep/configdefaults.c:35:
In file included from /Users/alfredo/Workspace/PTP-Implementation/ptpd/src/dep/../ptpd.h:162:
/Users/alfredo/Workspace/PTP-Implementation/ptpd/src/dep/../dep/constants_dep.h:149:9: warning: 'UNICAST_MAX_DESTINATIONS' macro redefined [-Wmacro-redefined]
  149 | #define UNICAST_MAX_DESTINATIONS 16
      |         ^
In file included from /Users/alfredo/Workspace/PTP-Implementation/ptpd/src/dep/configdefaults.c:35:
In file included from /Users/alfredo/Workspace/PTP-Implementation/ptpd/src/dep/../ptpd.h:22:
/Users/alfredo/Workspace/PTP-Implementation/ptpd/build-cmake/ios-simulator/config.h:243:9: note: previous definition is here
  243 | #define UNICAST_MAX_DESTINATIONS 128
      |         ^
1 warning generated.

CompileC /Users/alfredo/Workspace/PTP-Implementation/ptpd/build-cmake/ios-simulator/build/ptpd2.build/Debug-iphonesimulator/Objects-normal/arm64/bmc.o /Users/alfredo/Workspace/PTP-Implementation/ptpd/src/bmc.c normal arm64 c com.apple.compilers.llvm.clang.1_0.compiler (in target 'ptpd2' from project 'ptpd')
    cd /Users/alfredo/Workspace/PTP-Implementation/ptpd
    
    Using response file: /Users/alfredo/Workspace/PTP-Implementation/ptpd/build-cmake/ios-simulator/build/ptpd2.build/Debug-iphonesimulator/Objects-normal/arm64/7187679823f38a2a940e0043cdf9d637-common-args.resp
    
    /Applications/Xcode.app/Contents/Developer/Toolchains/XcodeDefault.xctoolchain/usr/bin/clang -x c -ivfsstatcache /Users/alfredo/Library/Developer/Xcode/DerivedData/SDKStatCaches.noindex/iphonesimulator26.2-23C53-7d00a8b37fbd7999ea79df8ebc024bf0.sdkstatcache -fmessage-length\=0 -fdiagnostics-show-note-include-stack -fmacro-backtrace-limit\=0 -fno-color-diagnostics -Wno-trigraphs -Wno-missing-field-initializers -Wno-missing-prototypes -Wno-return-type -Wno-missing-braces -Wparentheses -Wswitch -Wno-unused-function -Wno-unused-label -Wno-unused-parameter -Wno-unused-variable -Wunused-value -Wno-empty-body -Wno-uninitialized -Wno-unknown-pragmas -Wno-shadow -Wno-four-char-constants -Wno-conversion -Wno-constant-conversion -Wno-int-conversion -Wno-bool-conversion -Wno-enum-conversion -Wno-float-conversion -Wno-non-literal-null-conversion -Wno-objc-literal-conversion -Wshorten-64-to-32 -Wpointer-sign -Wno-newline-eof -Wno-implicit-fallthrough -fstrict-aliasing -Wdeprecated-declarations -Wno-sign-conversion -Wno-infinite-recursion -Wno-comma -Wno-block-capture-autoreleasing -Wno-strict-prototypes -Wno-semicolon-before-method-body -index-store-path /Users/alfredo/Library/Developer/Xcode/DerivedData/ptpd-ckkaoshwswuydmbetxbmgznxlvtr/Index.noindex/DataStore -Wall @/Users/alfredo/Workspace/PTP-Implementation/ptpd/build-cmake/ios-simulator/build/ptpd2.build/Debug-iphonesimulator/Objects-normal/arm64/7187679823f38a2a940e0043cdf9d637-common-args.resp -MMD -MT dependencies -MF /Users/alfredo/Workspace/PTP-Implementation/ptpd/build-cmake/ios-simulator/build/ptpd2.build/Debug-iphonesimulator/Objects-normal/arm64/bmc.d --serialize-diagnostics /Users/alfredo/Workspace/PTP-Implementation/ptpd/build-cmake/ios-simulator/build/ptpd2.build/Debug-iphonesimulator/Objects-normal/arm64/bmc.dia -c /Users/alfredo/Workspace/PTP-Implementation/ptpd/src/bmc.c -o /Users/alfredo/Workspace/PTP-Implementation/ptpd/build-cmake/ios-simulator/build/ptpd2.build/Debug-iphonesimulator/Objects-normal/arm64/bmc.o -index-unit-output-path /ptpd2.build/Debug-iphonesimulator/Objects-normal/arm64/bmc.o
In file included from /Users/alfredo/Workspace/PTP-Implementation/ptpd/src/bmc.c:55:
In file included from /Users/alfredo/Workspace/PTP-Implementation/ptpd/src/ptpd.h:162:
/Users/alfredo/Workspace/PTP-Implementation/ptpd/src/dep/constants_dep.h:149:9: warning: 'UNICAST_MAX_DESTINATIONS' macro redefined [-Wmacro-redefined]
  149 | #define UNICAST_MAX_DESTINATIONS 16
      |         ^
In file included from /Users/alfredo/Workspace/PTP-Implementation/ptpd/src/bmc.c:55:
In file included from /Users/alfredo/Workspace/PTP-Implementation/ptpd/src/ptpd.h:22:
/Users/alfredo/Workspace/PTP-Implementation/ptpd/build-cmake/ios-simulator/config.h:243:9: note: previous definition is here
  243 | #define UNICAST_MAX_DESTINATIONS 128
      |         ^

CompileC /Users/alfredo/Workspace/PTP-Implementation/ptpd/build-cmake/ios-simulator/build/ptpd2.build/Debug-iphonesimulator/Objects-normal/arm64/arith.o /Users/alfredo/Workspace/PTP-Implementation/ptpd/src/arith.c normal arm64 c com.apple.compilers.llvm.clang.1_0.compiler (in target 'ptpd2' from project 'ptpd')
    cd /Users/alfredo/Workspace/PTP-Implementation/ptpd
    
    Using response file: /Users/alfredo/Workspace/PTP-Implementation/ptpd/build-cmake/ios-simulator/build/ptpd2.build/Debug-iphonesimulator/Objects-normal/arm64/7187679823f38a2a940e0043cdf9d637-common-args.resp
    
    /Applications/Xcode.app/Contents/Developer/Toolchains/XcodeDefault.xctoolchain/usr/bin/clang -x c -ivfsstatcache /Users/alfredo/Library/Developer/Xcode/DerivedData/SDKStatCaches.noindex/iphonesimulator26.2-23C53-7d00a8b37fbd7999ea79df8ebc024bf0.sdkstatcache -fmessage-length\=0 -fdiagnostics-show-note-include-stack -fmacro-backtrace-limit\=0 -fno-color-diagnostics -Wno-trigraphs -Wno-missing-field-initializers -Wno-missing-prototypes -Wno-return-type -Wno-missing-braces -Wparentheses -Wswitch -Wno-unused-function -Wno-unused-label -Wno-unused-parameter -Wno-unused-variable -Wunused-value -Wno-empty-body -Wno-uninitialized -Wno-unknown-pragmas -Wno-shadow -Wno-four-char-constants -Wno-conversion -Wno-constant-conversion -Wno-int-conversion -Wno-bool-conversion -Wno-enum-conversion -Wno-float-conversion -Wno-non-literal-null-conversion -Wno-objc-literal-conversion -Wshorten-64-to-32 -Wpointer-sign -Wno-newline-eof -Wno-implicit-fallthrough -fstrict-aliasing -Wdeprecated-declarations -Wno-sign-conversion -Wno-infinite-recursion -Wno-comma -Wno-block-capture-autoreleasing -Wno-strict-prototypes -Wno-semicolon-before-method-body -index-store-path /Users/alfredo/Library/Developer/Xcode/DerivedData/ptpd-ckkaoshwswuydmbetxbmgznxlvtr/Index.noindex/DataStore -Wall @/Users/alfredo/Workspace/PTP-Implementation/ptpd/build-cmake/ios-simulator/build/ptpd2.build/Debug-iphonesimulator/Objects-normal/arm64/7187679823f38a2a940e0043cdf9d637-common-args.resp -MMD -MT dependencies -MF /Users/alfredo/Workspace/PTP-Implementation/ptpd/build-cmake/ios-simulator/build/ptpd2.build/Debug-iphonesimulator/Objects-normal/arm64/arith.d --serialize-diagnostics /Users/alfredo/Workspace/PTP-Implementation/ptpd/build-cmake/ios-simulator/build/ptpd2.build/Debug-iphonesimulator/Objects-normal/arm64/arith.dia -c /Users/alfredo/Workspace/PTP-Implementation/ptpd/src/arith.c -o /Users/alfredo/Workspace/PTP-Implementation/ptpd/build-cmake/ios-simulator/build/ptpd2.build/Debug-iphonesimulator/Objects-normal/arm64/arith.o -index-unit-output-path /ptpd2.build/Debug-iphonesimulator/Objects-normal/arm64/arith.o
In file included from /Users/alfredo/Workspace/PTP-Implementation/ptpd/src/arith.c:54:
In file included from /Users/alfredo/Workspace/PTP-Implementation/ptpd/src/ptpd.h:162:
/Users/alfredo/Workspace/PTP-Implementation/ptpd/src/dep/constants_dep.h:149:9: warning: 'UNICAST_MAX_DESTINATIONS' macro redefined [-Wmacro-redefined]
  149 | #define UNICAST_MAX_DESTINATIONS 16
      |         ^
In file included from /Users/alfredo/Workspace/PTP-Implementation/ptpd/src/arith.c:54:
In file included from /Users/alfredo/Workspace/PTP-Implementation/ptpd/src/ptpd.h:22:
/Users/alfredo/Workspace/PTP-Implementation/ptpd/build-cmake/ios-simulator/config.h:243:9: note: previous definition is here
  243 | #define UNICAST_MAX_DESTINATIONS 128
      |         ^
/Users/alfredo/Workspace/PTP-Implementation/ptpd/src/arith.c:91:27: warning: implicit conversion loses integer precision: 'int64_t' (aka 'long long') to 'Integer32' (aka 'int') [-Wshorten-64-to-32]
   91 |         internal->seconds = sign * (scaledNanoseconds / 1000000000);
      |                           ~ ~~~~~^~~~~~~~~~~~~~~~~~~~~~~~~~~~~~~~~~
/Users/alfredo/Workspace/PTP-Implementation/ptpd/src/arith.c:140:18: warning: implicit conversion loses integer precision: 'const __darwin_time_t' (aka 'const long') to 'Integer32' (aka 'int') [-Wshorten-64-to-32]
  140 |         b->seconds = a->tv_sec;
      |                    ~ ~~~^~~~~~
/Users/alfredo/Workspace/PTP-Implementation/ptpd/src/arith.c:141:22: warning: implicit conversion loses integer precision: 'const long' to 'Integer32' (aka 'int') [-Wshorten-64-to-32]
  141 |         b->nanoseconds = a->tv_nsec;
      |                        ~ ~~~^~~~~~~
/Users/alfredo/Workspace/PTP-Implementation/ptpd/src/arith.c:148:18: warning: implicit conversion loses integer precision: 'const __darwin_time_t' (aka 'const long') to 'Integer32' (aka 'int') [-Wshorten-64-to-32]
  148 |         b->seconds = a->tv_sec;
      |                    ~ ~~~^~~~~~
5 warnings generated.

CompileC /Users/alfredo/Workspace/PTP-Implementation/ptpd/build-cmake/ios-simulator/build/ptpd2.build/Debug-iphonesimulator/Objects-normal/arm64/alarms.o /Users/alfredo/Workspace/PTP-Implementation/ptpd/src/dep/alarms.c normal arm64 c com.apple.compilers.llvm.clang.1_0.compiler (in target 'ptpd2' from project 'ptpd')
    cd /Users/alfredo/Workspace/PTP-Implementation/ptpd
    
    Using response file: /Users/alfredo/Workspace/PTP-Implementation/ptpd/build-cmake/ios-simulator/build/ptpd2.build/Debug-iphonesimulator/Objects-normal/arm64/7187679823f38a2a940e0043cdf9d637-common-args.resp
    
    /Applications/Xcode.app/Contents/Developer/Toolchains/XcodeDefault.xctoolchain/usr/bin/clang -x c -ivfsstatcache /Users/alfredo/Library/Developer/Xcode/DerivedData/SDKStatCaches.noindex/iphonesimulator26.2-23C53-7d00a8b37fbd7999ea79df8ebc024bf0.sdkstatcache -fmessage-length\=0 -fdiagnostics-show-note-include-stack -fmacro-backtrace-limit\=0 -fno-color-diagnostics -Wno-trigraphs -Wno-missing-field-initializers -Wno-missing-prototypes -Wno-return-type -Wno-missing-braces -Wparentheses -Wswitch -Wno-unused-function -Wno-unused-label -Wno-unused-parameter -Wno-unused-variable -Wunused-value -Wno-empty-body -Wno-uninitialized -Wno-unknown-pragmas -Wno-shadow -Wno-four-char-constants -Wno-conversion -Wno-constant-conversion -Wno-int-conversion -Wno-bool-conversion -Wno-enum-conversion -Wno-float-conversion -Wno-non-literal-null-conversion -Wno-objc-literal-conversion -Wshorten-64-to-32 -Wpointer-sign -Wno-newline-eof -Wno-implicit-fallthrough -fstrict-aliasing -Wdeprecated-declarations -Wno-sign-conversion -Wno-infinite-recursion -Wno-comma -Wno-block-capture-autoreleasing -Wno-strict-prototypes -Wno-semicolon-before-method-body -index-store-path /Users/alfredo/Library/Developer/Xcode/DerivedData/ptpd-ckkaoshwswuydmbetxbmgznxlvtr/Index.noindex/DataStore -Wall @/Users/alfredo/Workspace/PTP-Implementation/ptpd/build-cmake/ios-simulator/build/ptpd2.build/Debug-iphonesimulator/Objects-normal/arm64/7187679823f38a2a940e0043cdf9d637-common-args.resp -MMD -MT dependencies -MF /Users/alfredo/Workspace/PTP-Implementation/ptpd/build-cmake/ios-simulator/build/ptpd2.build/Debug-iphonesimulator/Objects-normal/arm64/alarms.d --serialize-diagnostics /Users/alfredo/Workspace/PTP-Implementation/ptpd/build-cmake/ios-simulator/build/ptpd2.build/Debug-iphonesimulator/Objects-normal/arm64/alarms.dia -c /Users/alfredo/Workspace/PTP-Implementation/ptpd/src/dep/alarms.c -o /Users/alfredo/Workspace/PTP-Implementation/ptpd/build-cmake/ios-simulator/build/ptpd2.build/Debug-iphonesimulator/Objects-normal/arm64/alarms.o -index-unit-output-path /ptpd2.build/Debug-iphonesimulator/Objects-normal/arm64/alarms.o
In file included from /Users/alfredo/Workspace/PTP-Implementation/ptpd/src/dep/alarms.c:36:
In file included from /Users/alfredo/Workspace/PTP-Implementation/ptpd/src/dep/../ptpd.h:162:
/Users/alfredo/Workspace/PTP-Implementation/ptpd/src/dep/../dep/constants_dep.h:149:9: warning: 'UNICAST_MAX_DESTINATIONS' macro redefined [-Wmacro-redefined]
  149 | #define UNICAST_MAX_DESTINATIONS 16
      |         ^
In file included from /Users/alfredo/Workspace/PTP-Implementation/ptpd/src/dep/alarms.c:36:
In file included from /Users/alfredo/Workspace/PTP-Implementation/ptpd/src/dep/../ptpd.h:22:
/Users/alfredo/Workspace/PTP-Implementation/ptpd/build-cmake/ios-simulator/config.h:243:9: note: previous definition is here
  243 | #define UNICAST_MAX_DESTINATIONS 128
      |         ^

Ld /Users/alfredo/Workspace/PTP-Implementation/ptpd/build-cmake/ios-simulator/build/swclock_event_dump.build/Debug-iphonesimulator/Objects-normal/x86_64/Binary/swclock_event_dump normal x86_64 (in target 'swclock_event_dump' from project 'ptpd')
    cd /Users/alfredo/Workspace/PTP-Implementation/ptpd
    /Applications/Xcode.app/Contents/Developer/Toolchains/XcodeDefault.xctoolchain/usr/bin/clang -Xlinker -reproducible -target x86_64-apple-ios15.0-simulator -isysroot /Applications/Xcode.app/Contents/Developer/Platforms/iPhoneSimulator.platform/Developer/SDKs/iPhoneSimulator26.2.sdk -O0 -L/Users/alfredo/Workspace/PTP-Implementation/ptpd/build-cmake/ios-simulator/build/EagerLinkingTBDs/Debug-iphonesimulator -L/Users/alfredo/Workspace/PTP-Implementation/ptpd/build-cmake/ios-simulator/libraries/swclock/Debug-iphonesimulator -F/Users/alfredo/Workspace/PTP-Implementation/ptpd/build-cmake/ios-simulator/build/EagerLinkingTBDs/Debug-iphonesimulator -F/Users/alfredo/Workspace/PTP-Implementation/ptpd/build-cmake/ios-simulator/libraries/swclock/Debug-iphonesimulator -filelist /Users/alfredo/Workspace/PTP-Implementation/ptpd/build-cmake/ios-simulator/build/swclock_event_dump.build/Debug-iphonesimulator/Objects-normal/x86_64/swclock_event_dump.LinkFileList -dead_strip -Xlinker -object_path_lto -Xlinker /Users/alfredo/Workspace/PTP-Implementation/ptpd/build-cmake/ios-simulator/build/swclock_event_dump.build/Debug-iphonesimulator/Objects-normal/x86_64/swclock_event_dump_lto.o -Xlinker -no_deduplicate -Xlinker -objc_abi_version -Xlinker 2 -Xlinker -dependency_info -Xlinker /Users/alfredo/Workspace/PTP-Implementation/ptpd/build-cmake/ios-simulator/build/swclock_event_dump.build/Debug-iphonesimulator/Objects-normal/x86_64/swclock_event_dump_dependency_info.dat -Wl,-headerpad_max_install_names /Users/alfredo/Workspace/PTP-Implementation/ptpd/build-cmake/ios-simulator/libraries/swclock/Debug-iphonesimulator/libswclock.a /Applications/Xcode.app/Contents/Developer/Platforms/iPhoneSimulator.platform/Developer/SDKs/iPhoneSimulator26.2.sdk/usr/lib/libm.tbd /Applications/Xcode.app/Contents/Developer/Platforms/iPhoneSimulator.platform/Developer/SDKs/iPhoneSimulator26.2.sdk/usr/lib/libz.tbd -Xlinker -sectcreate -Xlinker __TEXT -Xlinker __entitlements -Xlinker /Users/alfredo/Workspace/PTP-Implementation/ptpd/build-cmake/ios-simulator/build/swclock_event_dump.build/Debug-iphonesimulator/swclock_event_dump.app-Simulated.xcent -Xlinker -sectcreate -Xlinker __TEXT -Xlinker __ents_der -Xlinker /Users/alfredo/Workspace/PTP-Implementation/ptpd/build-cmake/ios-simulator/build/swclock_event_dump.build/Debug-iphonesimulator/swclock_event_dump.app-Simulated.xcent.der -Xlinker -no_adhoc_codesign -o /Users/alfredo/Workspace/PTP-Implementation/ptpd/build-cmake/ios-simulator/build/swclock_event_dump.build/Debug-iphonesimulator/Objects-normal/x86_64/Binary/swclock_event_dump

Ld /Users/alfredo/Workspace/PTP-Implementation/ptpd/build-cmake/ios-simulator/build/swclock_event_dump.build/Debug-iphonesimulator/Objects-normal/arm64/Binary/swclock_event_dump normal arm64 (in target 'swclock_event_dump' from project 'ptpd')
    cd /Users/alfredo/Workspace/PTP-Implementation/ptpd
    /Applications/Xcode.app/Contents/Developer/Toolchains/XcodeDefault.xctoolchain/usr/bin/clang -Xlinker -reproducible -target arm64-apple-ios15.0-simulator -isysroot /Applications/Xcode.app/Contents/Developer/Platforms/iPhoneSimulator.platform/Developer/SDKs/iPhoneSimulator26.2.sdk -O0 -L/Users/alfredo/Workspace/PTP-Implementation/ptpd/build-cmake/ios-simulator/build/EagerLinkingTBDs/Debug-iphonesimulator -L/Users/alfredo/Workspace/PTP-Implementation/ptpd/build-cmake/ios-simulator/libraries/swclock/Debug-iphonesimulator -F/Users/alfredo/Workspace/PTP-Implementation/ptpd/build-cmake/ios-simulator/build/EagerLinkingTBDs/Debug-iphonesimulator -F/Users/alfredo/Workspace/PTP-Implementation/ptpd/build-cmake/ios-simulator/libraries/swclock/Debug-iphonesimulator -filelist /Users/alfredo/Workspace/PTP-Implementation/ptpd/build-cmake/ios-simulator/build/swclock_event_dump.build/Debug-iphonesimulator/Objects-normal/arm64/swclock_event_dump.LinkFileList -dead_strip -Xlinker -object_path_lto -Xlinker /Users/alfredo/Workspace/PTP-Implementation/ptpd/build-cmake/ios-simulator/build/swclock_event_dump.build/Debug-iphonesimulator/Objects-normal/arm64/swclock_event_dump_lto.o -Xlinker -no_deduplicate -Xlinker -objc_abi_version -Xlinker 2 -Xlinker -dependency_info -Xlinker /Users/alfredo/Workspace/PTP-Implementation/ptpd/build-cmake/ios-simulator/build/swclock_event_dump.build/Debug-iphonesimulator/Objects-normal/arm64/swclock_event_dump_dependency_info.dat -Wl,-headerpad_max_install_names /Users/alfredo/Workspace/PTP-Implementation/ptpd/build-cmake/ios-simulator/libraries/swclock/Debug-iphonesimulator/libswclock.a /Applications/Xcode.app/Contents/Developer/Platforms/iPhoneSimulator.platform/Developer/SDKs/iPhoneSimulator26.2.sdk/usr/lib/libm.tbd /Applications/Xcode.app/Contents/Developer/Platforms/iPhoneSimulator.platform/Developer/SDKs/iPhoneSimulator26.2.sdk/usr/lib/libz.tbd -Xlinker -sectcreate -Xlinker __TEXT -Xlinker __entitlements -Xlinker /Users/alfredo/Workspace/PTP-Implementation/ptpd/build-cmake/ios-simulator/build/swclock_event_dump.build/Debug-iphonesimulator/swclock_event_dump.app-Simulated.xcent -Xlinker -sectcreate -Xlinker __TEXT -Xlinker __ents_der -Xlinker /Users/alfredo/Workspace/PTP-Implementation/ptpd/build-cmake/ios-simulator/build/swclock_event_dump.build/Debug-iphonesimulator/swclock_event_dump.app-Simulated.xcent.der -Xlinker -no_adhoc_codesign -o /Users/alfredo/Workspace/PTP-Implementation/ptpd/build-cmake/ios-simulator/build/swclock_event_dump.build/Debug-iphonesimulator/Objects-normal/arm64/Binary/swclock_event_dump

Ld /Users/alfredo/Workspace/PTP-Implementation/ptpd/build-cmake/ios-simulator/build/ptpd2.build/Debug-iphonesimulator/Objects-normal/x86_64/Binary/ptpd2 normal x86_64 (in target 'ptpd2' from project 'ptpd')
    cd /Users/alfredo/Workspace/PTP-Implementation/ptpd
    /Applications/Xcode.app/Contents/Developer/Toolchains/XcodeDefault.xctoolchain/usr/bin/clang -Xlinker -reproducible -target x86_64-apple-ios15.0-simulator -isysroot /Applications/Xcode.app/Contents/Developer/Platforms/iPhoneSimulator.platform/Developer/SDKs/iPhoneSimulator26.2.sdk -O0 -L/Users/alfredo/Workspace/PTP-Implementation/ptpd/build-cmake/ios-simulator/build/EagerLinkingTBDs/Debug-iphonesimulator -L/Users/alfredo/Workspace/PTP-Implementation/ptpd/build-cmake/ios-simulator/src/Debug-iphonesimulator -F/Users/alfredo/Workspace/PTP-Implementation/ptpd/build-cmake/ios-simulator/build/EagerLinkingTBDs/Debug-iphonesimulator -F/Users/alfredo/Workspace/PTP-Implementation/ptpd/build-cmake/ios-simulator/src/Debug-iphonesimulator -filelist /Users/alfredo/Workspace/PTP-Implementation/ptpd/build-cmake/ios-simulator/build/ptpd2.build/Debug-iphonesimulator/Objects-normal/x86_64/ptpd2.LinkFileList -dead_strip -Xlinker -object_path_lto -Xlinker /Users/alfredo/Workspace/PTP-Implementation/ptpd/build-cmake/ios-simulator/build/ptpd2.build/Debug-iphonesimulator/Objects-normal/x86_64/ptpd2_lto.o -Xlinker -no_deduplicate -Xlinker -objc_abi_version -Xlinker 2 -Xlinker -dependency_info -Xlinker /Users/alfredo/Workspace/PTP-Implementation/ptpd/build-cmake/ios-simulator/build/ptpd2.build/Debug-iphonesimulator/Objects-normal/x86_64/ptpd2_dependency_info.dat -Wl,-headerpad_max_install_names /Applications/Xcode.app/Contents/Developer/Platforms/iPhoneSimulator.platform/Developer/SDKs/iPhoneSimulator26.2.sdk/usr/lib/libm.tbd /Users/alfredo/Workspace/PTP-Implementation/ptpd/build-cmake/ios-simulator/libraries/swclock/Debug-iphonesimulator/libswclock.a /Applications/Xcode.app/Contents/Developer/Platforms/iPhoneSimulator.platform/Developer/SDKs/iPhoneSimulator26.2.sdk/usr/lib/libm.tbd /Applications/Xcode.app/Contents/Developer/Platforms/iPhoneSimulator.platform/Developer/SDKs/iPhoneSimulator26.2.sdk/usr/lib/libz.tbd -Xlinker -sectcreate -Xlinker __TEXT -Xlinker __entitlements -Xlinker /Users/alfredo/Workspace/PTP-Implementation/ptpd/build-cmake/ios-simulator/build/ptpd2.build/Debug-iphonesimulator/ptpd2.app-Simulated.xcent -Xlinker -sectcreate -Xlinker __TEXT -Xlinker __ents_der -Xlinker /Users/alfredo/Workspace/PTP-Implementation/ptpd/build-cmake/ios-simulator/build/ptpd2.build/Debug-iphonesimulator/ptpd2.app-Simulated.xcent.der -Xlinker -no_adhoc_codesign -o /Users/alfredo/Workspace/PTP-Implementation/ptpd/build-cmake/ios-simulator/build/ptpd2.build/Debug-iphonesimulator/Objects-normal/x86_64/Binary/ptpd2
Undefined symbols for architecture x86_64:
  "_main", referenced from:
      <initial-undefines>
ld: symbol(s) not found for architecture x86_64
clang: error: linker command failed with exit code 1 (use -v to see invocation)

ProcessInfoPlistFile /Users/alfredo/Workspace/PTP-Implementation/ptpd/build-cmake/ios-simulator/libraries/swclock/Debug-iphonesimulator/swclock_event_dump.app/Info.plist /Users/alfredo/Workspace/PTP-Implementation/ptpd/build-cmake/ios-simulator/libraries/swclock/CMakeFiles/swclock_event_dump.dir/Info.plist (in target 'swclock_event_dump' from project 'ptpd')
    cd /Users/alfredo/Workspace/PTP-Implementation/ptpd
    builtin-infoPlistUtility /Users/alfredo/Workspace/PTP-Implementation/ptpd/build-cmake/ios-simulator/libraries/swclock/CMakeFiles/swclock_event_dump.dir/Info.plist -producttype com.apple.product-type.application -genpkginfo /Users/alfredo/Workspace/PTP-Implementation/ptpd/build-cmake/ios-simulator/libraries/swclock/Debug-iphonesimulator/swclock_event_dump.app/PkgInfo -expandbuildsettings -format binary -platform iphonesimulator -o /Users/alfredo/Workspace/PTP-Implementation/ptpd/build-cmake/ios-simulator/libraries/swclock/Debug-iphonesimulator/swclock_event_dump.app/Info.plist

ProcessInfoPlistFile /Users/alfredo/Workspace/PTP-Implementation/ptpd/build-cmake/ios-simulator/src/Debug-iphonesimulator/ptpd2.app/Info.plist /Users/alfredo/Workspace/PTP-Implementation/ptpd/build-cmake/ios-simulator/src/CMakeFiles/ptpd2.dir/Info.plist (in target 'ptpd2' from project 'ptpd')
    cd /Users/alfredo/Workspace/PTP-Implementation/ptpd
    builtin-infoPlistUtility /Users/alfredo/Workspace/PTP-Implementation/ptpd/build-cmake/ios-simulator/src/CMakeFiles/ptpd2.dir/Info.plist -producttype com.apple.product-type.application -genpkginfo /Users/alfredo/Workspace/PTP-Implementation/ptpd/build-cmake/ios-simulator/src/Debug-iphonesimulator/ptpd2.app/PkgInfo -expandbuildsettings -format binary -platform iphonesimulator -o /Users/alfredo/Workspace/PTP-Implementation/ptpd/build-cmake/ios-simulator/src/Debug-iphonesimulator/ptpd2.app/Info.plist

ProcessInfoPlistFile /Users/alfredo/Workspace/PTP-Implementation/ptpd/build-cmake/ios-simulator/libraries/swclock/Debug-iphonesimulator/monitor_demo.app/Info.plist /Users/alfredo/Workspace/PTP-Implementation/ptpd/build-cmake/ios-simulator/libraries/swclock/CMakeFiles/monitor_demo.dir/Info.plist (in target 'monitor_demo' from project 'ptpd')
    cd /Users/alfredo/Workspace/PTP-Implementation/ptpd
    builtin-infoPlistUtility /Users/alfredo/Workspace/PTP-Implementation/ptpd/build-cmake/ios-simulator/libraries/swclock/CMakeFiles/monitor_demo.dir/Info.plist -producttype com.apple.product-type.application -genpkginfo /Users/alfredo/Workspace/PTP-Implementation/ptpd/build-cmake/ios-simulator/libraries/swclock/Debug-iphonesimulator/monitor_demo.app/PkgInfo -expandbuildsettings -format binary -platform iphonesimulator -o /Users/alfredo/Workspace/PTP-Implementation/ptpd/build-cmake/ios-simulator/libraries/swclock/Debug-iphonesimulator/monitor_demo.app/Info.plist

Ld /Users/alfredo/Workspace/PTP-Implementation/ptpd/build-cmake/ios-simulator/build/monitor_demo.build/Debug-iphonesimulator/Objects-normal/x86_64/Binary/monitor_demo normal x86_64 (in target 'monitor_demo' from project 'ptpd')
    cd /Users/alfredo/Workspace/PTP-Implementation/ptpd
    /Applications/Xcode.app/Contents/Developer/Toolchains/XcodeDefault.xctoolchain/usr/bin/clang -Xlinker -reproducible -target x86_64-apple-ios15.0-simulator -isysroot /Applications/Xcode.app/Contents/Developer/Platforms/iPhoneSimulator.platform/Developer/SDKs/iPhoneSimulator26.2.sdk -O0 -L/Users/alfredo/Workspace/PTP-Implementation/ptpd/build-cmake/ios-simulator/build/EagerLinkingTBDs/Debug-iphonesimulator -L/Users/alfredo/Workspace/PTP-Implementation/ptpd/build-cmake/ios-simulator/libraries/swclock/Debug-iphonesimulator -F/Users/alfredo/Workspace/PTP-Implementation/ptpd/build-cmake/ios-simulator/build/EagerLinkingTBDs/Debug-iphonesimulator -F/Users/alfredo/Workspace/PTP-Implementation/ptpd/build-cmake/ios-simulator/libraries/swclock/Debug-iphonesimulator -filelist /Users/alfredo/Workspace/PTP-Implementation/ptpd/build-cmake/ios-simulator/build/monitor_demo.build/Debug-iphonesimulator/Objects-normal/x86_64/monitor_demo.LinkFileList -dead_strip -Xlinker -object_path_lto -Xlinker /Users/alfredo/Workspace/PTP-Implementation/ptpd/build-cmake/ios-simulator/build/monitor_demo.build/Debug-iphonesimulator/Objects-normal/x86_64/monitor_demo_lto.o -Xlinker -no_deduplicate -Xlinker -objc_abi_version -Xlinker 2 -Xlinker -dependency_info -Xlinker /Users/alfredo/Workspace/PTP-Implementation/ptpd/build-cmake/ios-simulator/build/monitor_demo.build/Debug-iphonesimulator/Objects-normal/x86_64/monitor_demo_dependency_info.dat -Wl,-headerpad_max_install_names /Users/alfredo/Workspace/PTP-Implementation/ptpd/build-cmake/ios-simulator/libraries/swclock/Debug-iphonesimulator/libswclock.a /Applications/Xcode.app/Contents/Developer/Platforms/iPhoneSimulator.platform/Developer/SDKs/iPhoneSimulator26.2.sdk/usr/lib/libm.tbd /Applications/Xcode.app/Contents/Developer/Platforms/iPhoneSimulator.platform/Developer/SDKs/iPhoneSimulator26.2.sdk/usr/lib/libz.tbd -Xlinker -sectcreate -Xlinker __TEXT -Xlinker __entitlements -Xlinker /Users/alfredo/Workspace/PTP-Implementation/ptpd/build-cmake/ios-simulator/build/monitor_demo.build/Debug-iphonesimulator/monitor_demo.app-Simulated.xcent -Xlinker -sectcreate -Xlinker __TEXT -Xlinker __ents_der -Xlinker /Users/alfredo/Workspace/PTP-Implementation/ptpd/build-cmake/ios-simulator/build/monitor_demo.build/Debug-iphonesimulator/monitor_demo.app-Simulated.xcent.der -Xlinker -no_adhoc_codesign -o /Users/alfredo/Workspace/PTP-Implementation/ptpd/build-cmake/ios-simulator/build/monitor_demo.build/Debug-iphonesimulator/Objects-normal/x86_64/Binary/monitor_demo

Ld /Users/alfredo/Workspace/PTP-Implementation/ptpd/build-cmake/ios-simulator/build/monitor_demo.build/Debug-iphonesimulator/Objects-normal/arm64/Binary/monitor_demo normal arm64 (in target 'monitor_demo' from project 'ptpd')
    cd /Users/alfredo/Workspace/PTP-Implementation/ptpd
    /Applications/Xcode.app/Contents/Developer/Toolchains/XcodeDefault.xctoolchain/usr/bin/clang -Xlinker -reproducible -target arm64-apple-ios15.0-simulator -isysroot /Applications/Xcode.app/Contents/Developer/Platforms/iPhoneSimulator.platform/Developer/SDKs/iPhoneSimulator26.2.sdk -O0 -L/Users/alfredo/Workspace/PTP-Implementation/ptpd/build-cmake/ios-simulator/build/EagerLinkingTBDs/Debug-iphonesimulator -L/Users/alfredo/Workspace/PTP-Implementation/ptpd/build-cmake/ios-simulator/libraries/swclock/Debug-iphonesimulator -F/Users/alfredo/Workspace/PTP-Implementation/ptpd/build-cmake/ios-simulator/build/EagerLinkingTBDs/Debug-iphonesimulator -F/Users/alfredo/Workspace/PTP-Implementation/ptpd/build-cmake/ios-simulator/libraries/swclock/Debug-iphonesimulator -filelist /Users/alfredo/Workspace/PTP-Implementation/ptpd/build-cmake/ios-simulator/build/monitor_demo.build/Debug-iphonesimulator/Objects-normal/arm64/monitor_demo.LinkFileList -dead_strip -Xlinker -object_path_lto -Xlinker /Users/alfredo/Workspace/PTP-Implementation/ptpd/build-cmake/ios-simulator/build/monitor_demo.build/Debug-iphonesimulator/Objects-normal/arm64/monitor_demo_lto.o -Xlinker -no_deduplicate -Xlinker -objc_abi_version -Xlinker 2 -Xlinker -dependency_info -Xlinker /Users/alfredo/Workspace/PTP-Implementation/ptpd/build-cmake/ios-simulator/build/monitor_demo.build/Debug-iphonesimulator/Objects-normal/arm64/monitor_demo_dependency_info.dat -Wl,-headerpad_max_install_names /Users/alfredo/Workspace/PTP-Implementation/ptpd/build-cmake/ios-simulator/libraries/swclock/Debug-iphonesimulator/libswclock.a /Applications/Xcode.app/Contents/Developer/Platforms/iPhoneSimulator.platform/Developer/SDKs/iPhoneSimulator26.2.sdk/usr/lib/libm.tbd /Applications/Xcode.app/Contents/Developer/Platforms/iPhoneSimulator.platform/Developer/SDKs/iPhoneSimulator26.2.sdk/usr/lib/libz.tbd -Xlinker -sectcreate -Xlinker __TEXT -Xlinker __entitlements -Xlinker /Users/alfredo/Workspace/PTP-Implementation/ptpd/build-cmake/ios-simulator/build/monitor_demo.build/Debug-iphonesimulator/monitor_demo.app-Simulated.xcent -Xlinker -sectcreate -Xlinker __TEXT -Xlinker __ents_der -Xlinker /Users/alfredo/Workspace/PTP-Implementation/ptpd/build-cmake/ios-simulator/build/monitor_demo.build/Debug-iphonesimulator/monitor_demo.app-Simulated.xcent.der -Xlinker -no_adhoc_codesign -o /Users/alfredo/Workspace/PTP-Implementation/ptpd/build-cmake/ios-simulator/build/monitor_demo.build/Debug-iphonesimulator/Objects-normal/arm64/Binary/monitor_demo

CreateUniversalBinary /Users/alfredo/Workspace/PTP-Implementation/ptpd/build-cmake/ios-simulator/libraries/swclock/Debug-iphonesimulator/swclock_event_dump.app/swclock_event_dump normal x86_64\ arm64 (in target 'swclock_event_dump' from project 'ptpd')
    cd /Users/alfredo/Workspace/PTP-Implementation/ptpd
    /Applications/Xcode.app/Contents/Developer/Toolchains/XcodeDefault.xctoolchain/usr/bin/lipo -create /Users/alfredo/Workspace/PTP-Implementation/ptpd/build-cmake/ios-simulator/build/swclock_event_dump.build/Debug-iphonesimulator/Objects-normal/x86_64/Binary/swclock_event_dump /Users/alfredo/Workspace/PTP-Implementation/ptpd/build-cmake/ios-simulator/build/swclock_event_dump.build/Debug-iphonesimulator/Objects-normal/arm64/Binary/swclock_event_dump -output /Users/alfredo/Workspace/PTP-Implementation/ptpd/build-cmake/ios-simulator/libraries/swclock/Debug-iphonesimulator/swclock_event_dump.app/swclock_event_dump

GenerateDSYMFile /Users/alfredo/Workspace/PTP-Implementation/ptpd/build-cmake/ios-simulator/libraries/swclock/Debug-iphonesimulator/swclock_event_dump.app.dSYM /Users/alfredo/Workspace/PTP-Implementation/ptpd/build-cmake/ios-simulator/libraries/swclock/Debug-iphonesimulator/swclock_event_dump.app/swclock_event_dump (in target 'swclock_event_dump' from project 'ptpd')
    cd /Users/alfredo/Workspace/PTP-Implementation/ptpd
    /Applications/Xcode.app/Contents/Developer/Toolchains/XcodeDefault.xctoolchain/usr/bin/dsymutil /Users/alfredo/Workspace/PTP-Implementation/ptpd/build-cmake/ios-simulator/libraries/swclock/Debug-iphonesimulator/swclock_event_dump.app/swclock_event_dump -o /Users/alfredo/Workspace/PTP-Implementation/ptpd/build-cmake/ios-simulator/libraries/swclock/Debug-iphonesimulator/swclock_event_dump.app.dSYM

note: Run script build phase 'Generate CMakeFiles/ZERO_CHECK' will be run during every build because the option to run the script phase "Based on dependency analysis" is unchecked. (in target 'ZERO_CHECK' from project 'ptpd')
note: Run script build phase 'Generate CMakeFiles/ALL_BUILD' will be run during every build because the option to run the script phase "Based on dependency analysis" is unchecked. (in target 'ALL_BUILD' from project 'ptpd')
** BUILD FAILED **


The following build commands failed:
	Ld /Users/alfredo/Workspace/PTP-Implementation/ptpd/build-cmake/ios-simulator/build/ptpd2.build/Debug-iphonesimulator/Objects-normal/x86_64/Binary/ptpd2 normal x86_64 (in target 'ptpd2' from project 'ptpd')
	Building project ptpd with scheme ALL_BUILD and configuration Debug
(2 failures)
